"","sub","hemi","label","X","vertices","total_surface_area_.mm.2.","total_gray_matter_volume_.mm.3.","cortical_thickness_mean","cortical_thickness_std","rectified_mean_curvature","rectified_Gaussian_curvature","folding_index","intrinsic_curvature_index","sulcal_depth_mean","sulcal_depth_max","sulcal_depth_mean_pct","cortical_thickness_mean_pct","sulcal_depth_mm"
"1","c01","lh","mcgs_db",0,177,118,276,2.39,0.577,0.077,0.008,1,0.1,0.163984447717667,0.846948206424713,0.0873180776834488,0.477900624275208,12.4175038110307
"2","c01","lh","mcgs_mb",0,1154,789,1395,2.012,0.563,0.077,0.011,3,0.5,0.670225203037262,1.47254884243011,0.356880009174347,0.40237957239151,16.1934956481703
"3","c01","lh","mcgs_sb",0,NA,NA,NA,NA,NA,NA,NA,NA,NA,NA,NA,NA,NA,NA
"4","c01","rh","mcgs_db",0,682,474,817,1.876,0.63,0.091,0.012,3,0.4,0.713159382343292,1.40365815162659,0.377541601657867,0.375104755163193,14.6040059647755
"5","c01","rh","mcgs_mb",0,974,674,1255,2.12,0.559,0.078,0.012,3,0.4,0.545000970363617,1.48026704788208,0.288519710302353,0.424022078514099,13.8234520454551
"6","c01","rh","mcgs_sb",0,117,80,244,3.065,1.297,0.065,0.021,0,0,0.148919209837914,0.530152201652527,0.0788367986679077,0.613016366958618,6.69527454212868
"7","c02","lh","mcgs_db",0,NA,NA,NA,NA,NA,NA,NA,NA,NA,NA,NA,NA,NA,NA
"8","c02","lh","mcgs_mb",0,1218,813,1308,1.837,0.581,0.07,0.009,3,0.4,0.534616708755493,1.29244923591614,0.261904150247574,0.367451995611191,15.2015769049324
"9","c02","lh","mcgs_sb",0,NA,NA,NA,NA,NA,NA,NA,NA,NA,NA,NA,NA,NA,NA
"10","c02","rh","mcgs_db",0,228,159,244,1.447,0.37,0.088,0.011,1,0.1,-0.121192961931229,0.545576632022858,-0.0638342499732971,0.289456754922867,10.179791928203
"11","c02","rh","mcgs_mb",0,886,599,1034,1.93,0.75,0.078,0.012,3,0.4,0.550559043884277,1.26631045341492,0.289988160133362,0.386042505502701,12.9758530717741
"12","c02","rh","mcgs_sb",0,NA,NA,NA,NA,NA,NA,NA,NA,NA,NA,NA,NA,NA,NA
"13","c03","lh","mcgs_db",0,576,374,683,1.763,0.642,0.083,0.008,3,0.2,0.374367862939835,1.11573374271393,0.189396515488625,0.352514564990997,12.8932926127514
"14","c03","lh","mcgs_mb",0,960,652,1132,1.883,0.572,0.076,0.012,3,0.4,0.680720031261444,1.4823625087738,0.344383180141449,0.376684188842773,17.2903348544258
"15","c03","lh","mcgs_sb",0,NA,NA,NA,NA,NA,NA,NA,NA,NA,NA,NA,NA,NA,NA
"16","c03","rh","mcgs_db",0,219,143,317,2.375,0.378,0.059,0.006,0,0.1,-0.0479997619986534,0.528793394565582,-0.0243126377463341,0.475052446126938,13.4157881524852
"17","c03","rh","mcgs_mb",0,1267,848,1664,2.118,0.671,0.07,0.009,3,0.5,0.79623419046402,1.53840696811676,0.403305172920227,0.423663854598999,17.0278731039044
"18","c03","rh","mcgs_sb",0,35,24,76,3.189,0.368,0.039,0.007,0,0,0.29701954126358,0.600763142108917,0.150445073843002,0.637881517410278,10.8058488812333
"19","c04","lh","mcgs_db",0,192,138,251,1.801,0.428,0.082,0.009,1,0.1,0.10791590064764,0.724784731864929,0.0581290535628796,0.360218733549118,12.1158007706169
"20","c04","lh","mcgs_mb",0,885,595,1008,1.768,0.672,0.072,0.008,3,0.2,0.604827225208282,1.41242337226868,0.325791120529175,0.353523761034012,17.8818730220984
"21","c04","lh","mcgs_sb",0,NA,NA,NA,NA,NA,NA,NA,NA,NA,NA,NA,NA,NA,NA
"22","c04","rh","mcgs_db",0,644,436,778,1.871,0.538,0.068,0.007,2,0.2,0.394113719463348,1.26218581199646,0.157915785908699,0.374269843101501,15.6596510822773
"23","c04","rh","mcgs_mb",0,716,508,1239,2.757,0.473,0.076,0.009,2,0.2,0.468762457370758,1.40720188617706,0.187826484441757,0.551429390907288,14.9788438787207
"24","c04","rh","mcgs_sb",0,NA,NA,NA,NA,NA,NA,NA,NA,NA,NA,NA,NA,NA,NA
"25","c05","lh","mcgs_db",0,296,202,328,1.629,0.432,0.081,0.009,1,0.1,0.57328736782074,1.35284924507141,0.284079730510712,0.325834780931473,17.1507922183323
"26","c05","lh","mcgs_mb",0,1224,805,1379,1.878,0.514,0.065,0.007,3,0.3,0.757854342460632,1.58510231971741,0.375537753105164,0.375515758991241,19.8987618414113
"27","c05","lh","mcgs_sb",0,275,187,446,2.331,0.78,0.075,0.012,1,0.1,0.269013613462448,0.809731900691986,0.133303672075272,0.466218382120132,12.3499786737943
"28","c05","rh","mcgs_db",0,210,142,231,1.649,0.248,0.065,0.006,0,0.1,0.493398874998093,1.29626870155334,0.239498749375343,0.329880654811859,16.2461388193038
"29","c05","rh","mcgs_mb",0,751,497,865,1.907,0.683,0.074,0.01,2,0.3,0.607257962226868,1.53336775302887,0.294766634702682,0.38147833943367,19.8659591962363
"30","c05","rh","mcgs_sb",0,409,292,625,2.373,0.628,0.091,0.014,2,0.2,-0.0154243968427181,0.843750476837158,-0.00748710334300995,0.474594205617905,9.9322519970958
"31","c06","lh","mcgs_db",0,187,133,162,1.353,0.426,0.076,0.009,0,0.1,-0.00193558144383132,0.816492974758148,-0.00103129423223436,0.27067893743515,10.4477544899072
"32","c06","lh","mcgs_mb",0,1006,675,867,1.379,0.464,0.068,0.008,3,0.3,0.741017758846283,1.42948520183563,0.39482119679451,0.275734335184097,19.2804785593102
"33","c06","lh","mcgs_sb",0,30,22,25,1.145,0.145,0.051,0.004,0,0,0.0279799923300743,0.291028589010239,0.0149080054834485,0.229091972112656,11.2067512798009
"34","c06","rh","mcgs_db",0,113,81,97,1.245,0.285,0.071,0.009,0,0,0.107255980372429,0.620618343353271,0.0544595345854759,0.249067306518555,12.0299034946702
"35","c06","rh","mcgs_mb",0,674,454,596,1.455,0.439,0.079,0.012,2,0.4,0.678548812866211,1.3557790517807,0.344535112380981,0.291016340255737,17.6479041245839
"36","c06","rh","mcgs_sb",0,NA,NA,NA,NA,NA,NA,NA,NA,NA,NA,NA,NA,NA,NA
"37","c07","lh","mcgs_db",0,483,332,670,2.063,0.615,0.075,0.012,1,0.2,0.250562518835068,1.17846310138702,0.131241962313652,0.412687450647354,15.9557395945701
"38","c07","lh","mcgs_mb",0,703,464,686,1.574,0.545,0.078,0.009,3,0.2,0.558725416660309,1.34954535961151,0.292654395103455,0.314859330654144,14.7752431092106
"39","c07","lh","mcgs_sb",0,NA,NA,NA,NA,NA,NA,NA,NA,NA,NA,NA,NA,NA,NA
"40","c07","rh","mcgs_db",0,354,249,472,1.966,0.382,0.078,0.01,1,0.1,0.191308841109276,1.09118175506592,0.0960772335529327,0.393188953399658,14.6018329233203
"41","c07","rh","mcgs_mb",0,760,543,932,1.901,0.656,0.086,0.012,3,0.4,0.623811423778534,1.47999227046967,0.313284426927567,0.38029471039772,15.8912934123626
"42","c07","rh","mcgs_sb",0,NA,NA,NA,NA,NA,NA,NA,NA,NA,NA,NA,NA,NA,NA
"43","c09","lh","mcgs_db",0,337,230,455,2.197,0.665,0.081,0.01,1,0.1,0.369841665029526,1.13204002380371,0.17961485683918,0.439465522766113,15.7406833260321
"44","c09","lh","mcgs_mb",0,1130,765,1338,2.106,0.707,0.074,0.01,3,0.4,0.786945283412933,1.44502747058868,0.382182657718658,0.421171575784683,16.4732407162687
"45","c09","lh","mcgs_sb",0,39,30,56,1.744,0.339,0.098,0.018,0,0,-0.0208262950181961,0.258620530366898,-0.0101143615320325,0.348881483078003,9.66788488609961
"46","c09","rh","mcgs_db",0,387,265,546,2.41,0.535,0.079,0.008,2,0.1,0.134218707680702,0.996633291244507,0.0657336860895157,0.482074350118637,13.3786070383235
"47","c09","rh","mcgs_mb",0,974,652,958,1.653,0.589,0.078,0.009,3,0.4,0.768087983131409,1.40686106681824,0.376171499490738,0.330618798732758,14.1539391521295
"48","c09","rh","mcgs_sb",0,NA,NA,NA,NA,NA,NA,NA,NA,NA,NA,NA,NA,NA,NA
"49","c10","lh","mcgs_db",0,546,370,748,2.1,0.548,0.07,0.007,1,0.1,0.418461173772812,1.31454563140869,0.194878414273262,0.420010477304459,17.8336509672984
"50","c10","lh","mcgs_mb",0,656,458,1008,2.301,0.755,0.07,0.008,2,0.2,0.598594963550568,1.39082419872284,0.278767198324203,0.460235744714737,17.3196627599994
"51","c10","lh","mcgs_sb",0,NA,NA,NA,NA,NA,NA,NA,NA,NA,NA,NA,NA,NA,NA
"52","c10","rh","mcgs_db",0,171,123,316,2.417,0.486,0.049,0.005,0,0,0.0485192686319351,0.604432642459869,0.0260877106338739,0.483364880084991,11.0860943099353
"53","c10","rh","mcgs_mb",0,686,475,872,1.978,0.564,0.077,0.007,2,0.2,0.682557821273804,1.26373434066772,0.366995930671692,0.395506203174591,14.0482867399793
"54","c10","rh","mcgs_sb",0,NA,NA,NA,NA,NA,NA,NA,NA,NA,NA,NA,NA,NA,NA
"55","c11","lh","mcgs_db",0,839,579,1055,2.009,0.897,0.083,0.01,3,0.3,0.554606854915619,1.33137691020966,0.225656270980835,0.40178456902504,13.5542850846249
"56","c11","lh","mcgs_mb",0,850,611,1157,2.335,0.85,0.087,0.013,3,0.4,0.687343537807465,1.5053596496582,0.279663681983948,0.466975599527359,16.0410999726448
"57","c11","lh","mcgs_sb",0,NA,NA,NA,NA,NA,NA,NA,NA,NA,NA,NA,NA,NA,NA
"58","c11","rh","mcgs_db",0,521,375,766,2.153,0.627,0.089,0.014,2,0.3,0.463884055614471,1.32310354709625,0.226245030760765,0.43058979511261,17.1642131869559
"59","c11","rh","mcgs_mb",0,888,635,1254,2.135,0.666,0.07,0.009,2,0.4,0.663813352584839,1.54963994026184,0.323754340410233,0.427022606134415,16.7237113531564
"60","c11","rh","mcgs_sb",0,53,44,106,2.444,0.4,0.099,0.012,0,0,0.546524703502655,0.85676121711731,0.266550451517105,0.488713324069977,10.2686722201743
"61","c12","lh","mcgs_db",0,189,127,347,2.485,0.494,0.04,0.005,0,0,-0.0516514033079147,0.503270506858826,-0.0279409475624561,0.497015982866287,9.79833451868601
"62","c12","lh","mcgs_mb",0,950,638,915,1.605,0.411,0.073,0.008,3,0.3,0.632559418678284,1.44891476631165,0.34218442440033,0.321007281541824,16.966969252197
"63","c12","lh","mcgs_sb",0,NA,NA,NA,NA,NA,NA,NA,NA,NA,NA,NA,NA,NA,NA
"64","c12","rh","mcgs_db",0,NA,NA,NA,NA,NA,NA,NA,NA,NA,NA,NA,NA,NA,NA
"65","c12","rh","mcgs_mb",0,1159,816,1508,2.033,0.629,0.074,0.009,3,0.4,0.497610092163086,1.38859236240387,0.27684074640274,0.406522393226624,15.7743267914057
"66","c12","rh","mcgs_sb",0,NA,NA,NA,NA,NA,NA,NA,NA,NA,NA,NA,NA,NA,NA
"67","c13","lh","mcgs_db",0,498,328,592,1.885,0.467,0.079,0.01,2,0.2,0.265208929777145,1.19439566135406,0.13833874464035,0.377053499221802,15.3487789902137
"68","c13","lh","mcgs_mb",0,964,656,922,1.515,0.509,0.079,0.011,3,0.4,0.699947953224182,1.54332327842712,0.365108042955399,0.303069442510605,19.0433597726218
"69","c13","lh","mcgs_sb",0,NA,NA,NA,NA,NA,NA,NA,NA,NA,NA,NA,NA,NA,NA
"70","c13","rh","mcgs_db",0,262,177,379,2.426,0.899,0.082,0.009,1,0.1,0.146398216485977,0.918533444404602,0.0732095837593079,0.485289633274078,14.6692984769379
"71","c13","rh","mcgs_mb",0,1051,703,1026,1.588,0.562,0.073,0.01,3,0.4,0.70261013507843,1.58623898029327,0.351355314254761,0.317544996738434,18.1699549146405
"72","c13","rh","mcgs_sb",0,165,120,340,3.514,0.867,0.099,0.016,1,0.1,-0.00337170693092048,0.530080616474152,-0.00168609037064016,0.702755451202393,6.02850540433185
"73","c14","lh","mcgs_db",0,103,72,200,2.604,0.833,0.072,0.017,0,0,-0.220457255840302,0.0121246818453074,-0.119532324373722,0.520732522010803,7.25782387103265
"74","c14","lh","mcgs_mb",0,930,650,1110,1.951,0.795,0.084,0.011,4,0.4,0.706594169139862,1.53747391700745,0.383116632699966,0.390256106853485,18.0324333250044
"75","c14","lh","mcgs_sb",0,435,300,686,2.349,0.701,0.093,0.018,1,0.3,0.378096282482147,1.13457632064819,0.20500448346138,0.469884753227234,13.4619119284535
"76","c14","rh","mcgs_db",0,171,127,275,2.017,0.509,0.1,0.015,1,0.1,-0.240998402237892,0.185559451580048,-0.121574878692627,0.403405219316483,6.63785869302185
"77","c14","rh","mcgs_mb",0,675,463,947,2.505,0.755,0.096,0.011,3,0.3,0.749453842639923,1.48758316040039,0.378072082996368,0.501080930233002,14.0992697468608
"78","c14","rh","mcgs_sb",0,502,348,603,1.885,0.48,0.083,0.01,2,0.2,0.418888121843338,1.26307570934296,0.211313739418983,0.377026110887527,13.7072432716758
"79","c15","lh","mcgs_db",0,228,156,259,1.64,0.377,0.074,0.007,1,0.1,0.0732272937893867,0.861046612262726,0.0406259894371033,0.327975958585739,14.008718524292
"80","c15","lh","mcgs_mb",0,634,443,638,1.546,0.501,0.078,0.008,2,0.2,0.780745089054108,1.55037117004395,0.433151721954346,0.309273779392242,21.476169247552
"81","c15","lh","mcgs_sb",0,150,107,248,2.292,0.548,0.056,0.007,0,0,0.322693943977356,0.732772469520569,0.179028242826462,0.45839387178421,12.8633102642958
"82","c15","rh","mcgs_db",0,358,237,471,2.032,0.367,0.043,0.006,0,0.1,0.246423244476318,1.0293790102005,0.128356650471687,0.406407326459885,17.346037854847
"83","c15","rh","mcgs_mb",0,858,584,1095,2.059,0.51,0.071,0.008,2,0.3,0.820826768875122,1.60387980937958,0.427551299333572,0.411857753992081,20.1583937222114
"84","c15","rh","mcgs_sb",0,194,142,360,2.787,0.436,0.098,0.02,1,0.1,-0.114918224513531,0.506194174289703,-0.0598584860563278,0.557371973991394,7.3082032538273
"85","c16","lh","mcgs_db",0,206,141,378,2.476,0.41,0.056,0.006,0,0,0.0293377079069614,0.720132768154144,0.0149973249062896,0.495281666517258,13.114427081747
"86","c16","lh","mcgs_mb",0,987,679,1267,2.097,0.466,0.069,0.008,2,0.3,0.647725760936737,1.40317678451538,0.331115067005157,0.419325083494186,17.8757973131679
"87","c16","lh","mcgs_sb",0,NA,NA,NA,NA,NA,NA,NA,NA,NA,NA,NA,NA,NA,NA
"88","c16","rh","mcgs_db",0,369,268,545,2.074,0.601,0.074,0.006,1,0.1,0.218343153595924,1.06622862815857,0.106271058320999,0.414739519357681,16.9472167570386
"89","c16","rh","mcgs_mb",0,712,495,991,2.267,0.632,0.076,0.009,2,0.2,0.620145499706268,1.45878338813782,0.301834553480148,0.453431367874146,19.7955911440043
"90","c16","rh","mcgs_sb",0,NA,NA,NA,NA,NA,NA,NA,NA,NA,NA,NA,NA,NA,NA
"91","c17","lh","mcgs_db",0,460,321,522,1.614,0.426,0.085,0.01,2,0.2,0.280278354883194,1.05625689029694,0.136629357933998,0.322797298431396,14.4180993765368
"92","c17","lh","mcgs_mb",0,904,626,1005,1.7,0.441,0.078,0.011,3,0.4,0.645949125289917,1.51671624183655,0.314885556697845,0.339965552091599,18.3733991030522
"93","c17","lh","mcgs_sb",0,NA,NA,NA,NA,NA,NA,NA,NA,NA,NA,NA,NA,NA,NA
"94","c17","rh","mcgs_db",0,474,338,507,1.595,0.486,0.082,0.01,2,0.1,0.27329695224762,1.04497110843658,0.134773582220078,0.318992972373962,14.3932971262011
"95","c17","rh","mcgs_mb",0,1046,742,1333,1.974,0.627,0.077,0.009,3,0.4,0.676963210105896,1.52240014076233,0.333837449550629,0.39488485455513,16.6939556964948
"96","c17","rh","mcgs_sb",0,NA,NA,NA,NA,NA,NA,NA,NA,NA,NA,NA,NA,NA,NA
"97","c18","lh","mcgs_db",0,194,129,275,1.992,0.525,0.072,0.009,1,0.1,0.0184899270534515,0.591522693634033,0.00793556869029999,0.398469269275665,10.6291347346805
"98","c18","lh","mcgs_mb",0,999,675,1329,2.115,0.705,0.074,0.008,3,0.3,0.581103324890137,1.4513236284256,0.249399974942207,0.423087894916534,18.1683979088485
"99","c18","lh","mcgs_sb",0,NA,NA,NA,NA,NA,NA,NA,NA,NA,NA,NA,NA,NA,NA
"100","c18","rh","mcgs_db",0,433,297,578,1.98,0.434,0.059,0.007,1,0.1,0.287657350301743,1.26212430000305,0.121443271636963,0.396078109741211,16.6931258437479
"101","c18","rh","mcgs_mb",0,1112,779,1728,2.52,0.715,0.08,0.011,4,0.4,0.688548505306244,1.48910510540009,0.290691584348679,0.50408273935318,14.3273558731834
"102","c18","rh","mcgs_sb",0,89,63,148,2.715,0.261,0.086,0.009,0,0,0.376677483320236,0.763888418674469,0.159025818109512,0.542959809303284,11.2548913713853
"103","c19","lh","mcgs_db",0,440,301,573,1.967,0.418,0.054,0.006,1,0.1,0.401611506938934,1.19372344017029,0.207552388310432,0.39340341091156,17.1488005425024
"104","c19","lh","mcgs_mb",0,411,269,437,1.795,0.47,0.08,0.009,1,0.2,0.524081647396088,1.32587063312531,0.270844846963882,0.358967363834381,18.1402118218102
"105","c19","lh","mcgs_sb",0,39,31,99,2.783,0.448,0.076,0.009,0,0,0.427008152008057,0.697850525379181,0.220677345991135,0.556577026844025,12.2379367754783
"106","c19","rh","mcgs_db",0,636,428,714,1.803,0.41,0.066,0.008,1,0.2,0.54537695646286,1.3063577413559,0.272100508213043,0.360560327768326,14.7872062383745
"107","c19","rh","mcgs_mb",0,351,250,573,2.495,0.514,0.08,0.01,1,0.1,0.346906661987305,1.32268726825714,0.173079341650009,0.498950064182281,15.2021798155656
"108","c19","rh","mcgs_sb",0,NA,NA,NA,NA,NA,NA,NA,NA,NA,NA,NA,NA,NA,NA
"109","c20","lh","mcgs_db",0,400,281,546,2.358,0.72,0.094,0.011,2,0.2,0.498938262462616,1.19314587116241,0.258490175008774,0.471575349569321,12.6967433982063
"110","c20","lh","mcgs_mb",0,1002,697,986,1.627,0.669,0.083,0.01,4,0.4,0.598345935344696,1.50337040424347,0.309991359710693,0.325380116701126,15.0753103129762
"111","c20","lh","mcgs_sb",0,NA,NA,NA,NA,NA,NA,NA,NA,NA,NA,NA,NA,NA,NA
"112","c20","rh","mcgs_db",0,273,192,301,1.698,0.477,0.068,0.007,1,0.1,0.328173041343689,1.02696859836578,0.165312677621841,0.339588165283203,13.4061005378507
"113","c20","rh","mcgs_mb",0,858,608,1005,2.005,0.624,0.092,0.01,4,0.4,0.860821068286896,1.57201373577118,0.43362683057785,0.40109595656395,14.4294324223286
"114","c20","rh","mcgs_sb",0,62,47,124,2.798,0.481,0.084,0.013,0,0,0.39235657453537,0.692787766456604,0.197644203901291,0.559509456157684,10.2701098852548
"115","c21","lh","mcgs_db",0,434,324,727,2.474,0.436,0.067,0.009,1,0.2,0.564501404762268,1.30170297622681,0.28827428817749,0.494734674692154,17.2597759619581
"116","c21","lh","mcgs_mb",0,900,628,1253,2.183,0.648,0.081,0.012,2,0.4,0.694108366966248,1.4624639749527,0.354460716247559,0.436548680067062,19.2218211279624
"117","c21","lh","mcgs_sb",0,435,312,587,1.926,0.691,0.098,0.015,2,0.2,0.35811248421669,1.10030949115753,0.182877510786057,0.385250389575958,12.8764951242945
"118","c21","rh","mcgs_db",0,427,294,632,2.16,0.483,0.059,0.007,1,0.1,0.481858015060425,1.35278701782227,0.251580774784088,0.432017534971237,15.3193455473577
"119","c21","rh","mcgs_mb",0,818,563,938,1.809,0.527,0.088,0.013,3,0.5,0.651894092559814,1.47270822525024,0.340357542037964,0.361898869276047,15.868933254595
"120","c21","rh","mcgs_sb",0,498,351,635,1.992,0.68,0.09,0.014,2,0.3,0.406041592359543,1.10815143585205,0.211996540427208,0.3984514772892,13.2649406264202
"121","c22","lh","mcgs_db",0,364,247,540,2.351,0.579,0.104,0.021,2,0.2,0.0393911935389042,0.704823136329651,0.0190022010356188,0.470108538866043,9.4328271329384
"122","c22","lh","mcgs_mb",0,951,660,981,1.605,0.531,0.084,0.013,4,0.4,0.588089823722839,1.44886469841003,0.283692985773087,0.321020603179932,17.507321344029
"123","c22","lh","mcgs_sb",0,NA,NA,NA,NA,NA,NA,NA,NA,NA,NA,NA,NA,NA,NA
"124","c22","rh","mcgs_db",0,400,281,426,1.748,0.573,0.099,0.013,2,0.2,0.623009562492371,1.38186895847321,0.316521823406219,0.349547266960144,14.8305715364655
"125","c22","rh","mcgs_mb",0,819,537,947,2.144,0.732,0.083,0.013,4,0.4,0.652696251869202,1.49279594421387,0.331604272127151,0.428819060325623,15.6658380922906
"126","c22","rh","mcgs_sb",0,159,108,242,2.507,0.866,0.094,0.022,1,0.1,0.402428358793259,0.947676479816437,0.20445491373539,0.50141054391861,8.61426208976687
"127","c23","lh","mcgs_db",0,767,521,631,1.277,0.341,0.081,0.01,3,0.3,0.40738508105278,1.31143736839294,0.214689016342163,0.255317479372025,13.7604969415565
"128","c23","lh","mcgs_mb",0,944,655,1121,1.921,0.575,0.083,0.013,3,0.4,0.648732244968414,1.42978823184967,0.341877222061157,0.384219527244568,15.694357031679
"129","c23","lh","mcgs_sb",0,NA,NA,NA,NA,NA,NA,NA,NA,NA,NA,NA,NA,NA,NA
"130","c23","rh","mcgs_db",0,1240,853,1283,1.629,0.417,0.075,0.01,3,0.5,0.567217707633972,1.32507646083832,0.27685421705246,0.325872421264648,14.1429373800852
"131","c23","rh","mcgs_mb",0,806,560,1096,2.312,0.7,0.097,0.016,4,0.5,0.58507376909256,1.41440963745117,0.285569608211517,0.462397634983063,15.4486183766592
"132","c23","rh","mcgs_sb",0,NA,NA,NA,NA,NA,NA,NA,NA,NA,NA,NA,NA,NA,NA
"133","c24","lh","mcgs_db",0,388,264,425,1.842,0.61,0.091,0.018,2,0.2,0.645547986030579,1.31263959407806,0.331552535295486,0.368458300828934,20.5040016886815
"134","c24","lh","mcgs_mb",0,949,641,1193,2.061,0.698,0.079,0.016,4,0.7,0.711867809295654,1.59461045265198,0.365614295005798,0.412199258804321,20.8912152489688
"135","c24","lh","mcgs_sb",0,236,160,359,2.316,0.504,0.094,0.014,1,0.1,0.0261252298951149,0.707121908664703,0.0134178744629025,0.463135987520218,13.4882645295038
"136","c24","rh","mcgs_db",0,1052,710,1069,1.743,0.596,0.081,0.014,4,0.6,0.56032782793045,1.53371429443359,0.27625435590744,0.348670363426208,16.9575449090934
"137","c24","rh","mcgs_mb",0,692,483,930,2.647,0.656,0.084,0.019,3,0.5,0.755632698535919,1.53927886486053,0.372544050216675,0.529321670532227,16.1701855716055
"138","c24","rh","mcgs_sb",0,NA,NA,NA,NA,NA,NA,NA,NA,NA,NA,NA,NA,NA,NA
"139","c25","lh","mcgs_db",0,344,241,574,2.427,0.528,0.063,0.007,1,0.1,0.234339654445648,0.868553519248962,0.123099327087402,0.485415518283844,14.3069129619908
"140","c25","lh","mcgs_mb",0,961,666,1449,2.351,0.596,0.07,0.007,2,0.3,0.746055126190186,1.47669768333435,0.391905099153519,0.470195472240448,17.468515502999
"141","c25","lh","mcgs_sb",0,NA,NA,NA,NA,NA,NA,NA,NA,NA,NA,NA,NA,NA,NA
"142","c25","rh","mcgs_db",0,428,288,526,1.843,0.629,0.071,0.008,1,0.1,0.369433134794235,1.24022054672241,0.184971570968628,0.368677645921707,14.3904802489953
"143","c25","rh","mcgs_mb",0,795,578,1126,2.044,0.575,0.083,0.009,3,0.3,0.584535121917725,1.47025442123413,0.292671054601669,0.408744007349014,16.7334790101046
"144","c25","rh","mcgs_sb",0,NA,NA,NA,NA,NA,NA,NA,NA,NA,NA,NA,NA,NA,NA
"145","c26","lh","mcgs_db",0,126,88,188,2.054,0.4,0.092,0.013,0,0.1,-0.0116161769255996,0.459204882383347,-0.00587745103985071,0.410704046487808,11.6674391869457
"146","c26","lh","mcgs_mb",0,897,598,1144,2.078,0.648,0.077,0.013,3,0.4,0.786383807659149,1.40638434886932,0.39788743853569,0.415600657463074,16.3356323051465
"147","c26","lh","mcgs_sb",0,86,60,248,3.749,0.891,0.063,0.012,0,0,0.160167530179024,0.551352143287659,0.0810401290655136,0.749824941158295,12.1379341003541
"148","c26","rh","mcgs_db",0,541,371,790,2.481,0.566,0.076,0.01,2,0.2,0.641459703445435,1.50305926799774,0.326038271188736,0.496100753545761,19.7689379801026
"149","c26","rh","mcgs_mb",0,714,488,937,2.025,0.63,0.065,0.007,1,0.3,0.808091044425964,1.54026126861572,0.410732924938202,0.404997766017914,18.6586904161955
"150","c26","rh","mcgs_sb",0,232,166,604,3.166,1.027,0.077,0.02,1,0.1,0.131142348051071,0.634437263011932,0.0666564628481865,0.633130669593811,10.5510616449994
"151","c27","lh","mcgs_db",0,293,189,253,1.417,0.309,0.071,0.008,1,0.1,0.407838553190231,1.2437527179718,0.209904193878174,0.283360242843628,18.79686695918
"152","c27","lh","mcgs_mb",0,963,666,1061,1.863,0.679,0.091,0.012,4,0.5,0.928762793540955,1.66514360904694,0.478010773658752,0.372542351484299,16.9256311202275
"153","c27","lh","mcgs_sb",0,161,116,296,2.588,0.829,0.074,0.016,1,0,0.327415853738785,0.917799592018127,0.168512672185898,0.517680585384369,11.5904824258577
"154","c27","rh","mcgs_db",0,230,163,287,1.819,0.309,0.054,0.006,0,0.1,0.36380922794342,1.27650964260101,0.179769992828369,0.363700807094574,15.8775064804613
"155","c27","rh","mcgs_mb",0,1144,820,1497,2.155,0.776,0.094,0.015,5,0.7,0.821864068508148,1.58516120910645,0.406109869480133,0.430928170681,14.3079133904154
"156","c27","rh","mcgs_sb",0,290,200,357,1.739,0.576,0.076,0.013,1,0.1,0.23873670399189,0.98997575044632,0.117967575788498,0.347703367471695,9.4797452089403
"157","c28","lh","mcgs_db",0,160,109,174,1.629,0.459,0.052,0.005,0,0,0.0755875110626221,0.488166987895966,0.0376179255545139,0.325890123844147,10.9755336436352
"158","c28","lh","mcgs_mb",0,1017,677,1124,2.034,0.631,0.089,0.01,5,0.4,0.597138106822968,1.34842336177826,0.297179937362671,0.406821757555008,15.7262554796696
"159","c28","lh","mcgs_sb",0,NA,NA,NA,NA,NA,NA,NA,NA,NA,NA,NA,NA,NA,NA
"160","c28","rh","mcgs_db",0,265,182,378,2.035,0.561,0.072,0.009,1,0.1,0.155078291893005,0.785327136516571,0.0829630419611931,0.407089322805405,11.6333369277496
"161","c28","rh","mcgs_mb",0,1004,662,1173,2.082,0.804,0.077,0.012,3,0.4,0.63687402009964,1.43411946296692,0.340711802244186,0.416479766368866,13.3905565568487
"162","c28","rh","mcgs_sb",0,NA,NA,NA,NA,NA,NA,NA,NA,NA,NA,NA,NA,NA,NA
"163","c29","lh","mcgs_db",0,310,219,462,2.453,0.803,0.081,0.008,1,0.1,0.307606041431427,1.09554553031921,0.170121341943741,0.490579664707184,12.2862972057985
"164","c29","lh","mcgs_mb",0,911,604,1057,2.004,0.52,0.07,0.008,3,0.2,0.575012922286987,1.29496574401855,0.318010658025742,0.400722801685333,15.2785917455943
"165","c29","lh","mcgs_sb",0,NA,NA,NA,NA,NA,NA,NA,NA,NA,NA,NA,NA,NA,NA
"166","c29","rh","mcgs_db",0,470,304,447,1.526,0.575,0.054,0.005,1,0.1,0.456128686666489,1.31677675247192,0.22885750234127,0.305294275283813,14.4821992027592
"167","c29","rh","mcgs_mb",0,386,287,434,1.667,0.48,0.093,0.012,2,0.1,0.455431163311005,1.33454525470734,0.228507518768311,0.333399206399918,16.3449738337032
"168","c29","rh","mcgs_sb",0,NA,NA,NA,NA,NA,NA,NA,NA,NA,NA,NA,NA,NA,NA
"169","c30","lh","mcgs_db",0,426,296,563,1.982,0.511,0.075,0.011,1,0.2,0.243115499615669,0.959563612937927,0.129839971661568,0.396443367004395,14.2682533749685
"170","c30","lh","mcgs_mb",0,830,554,1063,2.053,0.496,0.068,0.009,2,0.3,0.676898241043091,1.41970419883728,0.361509025096893,0.410531371831894,17.2815585324276
"171","c30","lh","mcgs_sb",0,NA,NA,NA,NA,NA,NA,NA,NA,NA,NA,NA,NA,NA,NA
"172","c30","rh","mcgs_db",0,206,148,281,1.899,0.447,0.081,0.012,1,0.1,0.0893124118447304,0.752564549446106,0.0448427721858025,0.379870742559433,12.8881643148961
"173","c30","rh","mcgs_mb",0,1071,739,1389,2.026,0.441,0.07,0.01,2,0.5,0.696948111057281,1.41066443920135,0.349929869174957,0.405117452144623,17.3274975230438
"174","c30","rh","mcgs_sb",0,NA,NA,NA,NA,NA,NA,NA,NA,NA,NA,NA,NA,NA,NA
"175","nc02","lh","mcgs_db",0,157,116,247,2.25,0.371,0.077,0.009,0,0.1,0.183986589312553,0.735603034496307,0.0962812379002571,0.450067788362503,9.7129533979206
"176","nc02","lh","mcgs_mb",0,860,564,835,1.734,0.582,0.079,0.011,3,0.3,0.630396068096161,1.40087842941284,0.329889923334122,0.34685605764389,15.8098331660227
"177","nc02","lh","mcgs_sb",0,NA,NA,NA,NA,NA,NA,NA,NA,NA,NA,NA,NA,NA,NA
"178","nc02","rh","mcgs_db",0,119,88,104,1.204,0.137,0.052,0.008,0,0,0.0757517516613007,0.643470048904419,0.0388894081115723,0.240792080760002,9.60677044772582
"179","nc02","rh","mcgs_mb",0,969,643,831,1.473,0.499,0.082,0.012,3,0.4,0.735010206699371,1.3833532333374,0.377339273691177,0.294660031795502,15.9203771124022
"180","nc02","rh","mcgs_sb",0,82,52,86,1.865,0.302,0.062,0.014,0,0,0.691933989524841,0.994090735912323,0.355224758386612,0.372911334037781,12.074372065635
"181","nc03","lh","mcgs_db",0,211,159,485,3.805,0.439,0.108,0.027,1,0.1,-0.347906768321991,0.0516768358647823,-0.155697911977768,0.761096179485321,4.5943030925093
"182","nc03","lh","mcgs_mb",0,1063,725,1263,2.034,0.638,0.074,0.012,3,0.4,0.713497459888458,1.56206405162811,0.319309890270233,0.406830370426178,17.7473590783273
"183","nc03","lh","mcgs_sb",0,NA,NA,NA,NA,NA,NA,NA,NA,NA,NA,NA,NA,NA,NA
"184","nc03","rh","mcgs_db",0,667,436,524,1.324,0.37,0.077,0.008,2,0.3,0.674215018749237,1.37098681926727,0.352956771850586,0.264863878488541,18.1824069806315
"185","nc03","rh","mcgs_mb",0,970,618,866,1.44,0.432,0.056,0.008,2,0.2,0.540525913238525,1.52235245704651,0.282969504594803,0.288038939237595,15.9728380369095
"186","nc03","rh","mcgs_sb",0,NA,NA,NA,NA,NA,NA,NA,NA,NA,NA,NA,NA,NA,NA
"187","nc04","lh","mcgs_db",0,100,74,101,1.428,0.282,0.063,0.007,0,0,0.0544394813477993,0.463589489459991,0.0277246609330177,0.285650432109833,12.5861843605924
"188","nc04","lh","mcgs_mb",0,1039,683,843,1.375,0.412,0.074,0.008,3,0.3,0.766384601593018,1.42848348617554,0.390300452709198,0.275070577859879,16.8400392610046
"189","nc04","lh","mcgs_sb",0,282,202,512,2.737,0.853,0.111,0.018,2,0.2,-0.157790914177895,0.572851359844208,-0.0803589522838593,0.547330141067505,5.2082968229053
"190","nc04","rh","mcgs_db",0,259,184,280,1.499,0.447,0.054,0.005,0,0.1,0.226505100727081,0.88190233707428,0.114008061587811,0.299820810556412,14.6461742007678
"191","nc04","rh","mcgs_mb",0,928,606,725,1.335,0.399,0.074,0.01,3,0.4,0.70963442325592,1.54445815086365,0.357184171676636,0.266934484243393,17.3665505473974
"192","nc04","rh","mcgs_sb",0,233,162,306,1.924,0.583,0.074,0.014,1,0.1,0.520422399044037,1.16352534294128,0.261947065591812,0.384705871343613,12.4986986212201
"193","nc05","lh","mcgs_db",0,580,394,516,1.448,0.461,0.073,0.01,2,0.2,0.429931700229645,1.18787658214569,0.211691468954086,0.289565622806549,17.3762618942885
"194","nc05","lh","mcgs_mb",0,785,531,930,2.048,0.84,0.091,0.011,3,0.4,0.655260920524597,1.40532970428467,0.322639912366867,0.409643471240997,15.9527343212396
"195","nc05","lh","mcgs_sb",0,NA,NA,NA,NA,NA,NA,NA,NA,NA,NA,NA,NA,NA,NA
"196","nc05","rh","mcgs_db",0,214,141,153,1.168,0.231,0.048,0.003,0,0,-0.124087661504745,0.436896204948425,-0.0621518641710281,0.233635500073433,13.4520507425609
"197","nc05","rh","mcgs_mb",0,877,583,869,1.652,0.56,0.078,0.012,3,0.4,0.621252119541168,1.48412573337555,0.311166971921921,0.330315858125687,15.5954534199383
"198","nc05","rh","mcgs_sb",0,NA,NA,NA,NA,NA,NA,NA,NA,NA,NA,NA,NA,NA,NA
"199","nc06","lh","mcgs_db",0,305,217,588,3.186,0.65,0.088,0.012,1,0.1,-0.00186539941933006,0.680150866508484,-0.000950134766753763,0.637172281742096,11.3889048712977
"200","nc06","lh","mcgs_mb",0,1175,835,1504,2.202,0.703,0.087,0.014,5,0.6,0.635460257530212,1.5711555480957,0.323672711849213,0.440451562404633,15.1020263363604
"201","nc06","lh","mcgs_sb",0,NA,NA,NA,NA,NA,NA,NA,NA,NA,NA,NA,NA,NA,NA
"202","nc06","rh","mcgs_db",0,206,152,337,2.681,0.444,0.09,0.009,1,0.1,0.381160020828247,0.970964789390564,0.199832916259766,0.536287426948547,13.2071771088597
"203","nc06","rh","mcgs_mb",0,908,627,1132,2.056,0.727,0.076,0.011,3,0.4,0.570966482162476,1.31277799606323,0.299343764781952,0.411251902580261,16.3973501069973
"204","nc06","rh","mcgs_sb",0,NA,NA,NA,NA,NA,NA,NA,NA,NA,NA,NA,NA,NA,NA
"205","nc07","lh","mcgs_db",0,334,229,274,1.22,0.177,0.061,0.006,1,0.1,0.453988313674927,1.28043413162231,0.238845229148865,0.243963599205017,16.003586532084
"206","nc07","lh","mcgs_mb",0,1246,816,933,1.305,0.314,0.071,0.008,4,0.4,0.813342273235321,1.6344575881958,0.427902966737747,0.26101416349411,20.031975077165
"207","nc07","lh","mcgs_sb",0,389,265,506,1.952,0.578,0.082,0.016,1,0.2,0.285055488348007,0.92600405216217,0.149968951940536,0.390418976545334,11.6638121715234
"208","nc07","rh","mcgs_db",0,269,192,236,1.32,0.224,0.067,0.007,1,0.1,0.191448792815208,0.802605807781219,0.0982862263917923,0.26398891210556,14.3936603158897
"209","nc07","rh","mcgs_mb",0,1388,924,1268,1.515,0.389,0.071,0.011,4,0.5,0.751853227615356,1.56454229354858,0.385987371206284,0.302948534488678,18.3651602460892
"210","nc07","rh","mcgs_sb",0,107,80,133,1.545,0.522,0.084,0.016,0,0,0.301994860172272,0.788858354091644,0.155038505792618,0.308917880058289,7.97542049493155
"211","nc08","lh","mcgs_db",0,392,264,400,1.587,0.47,0.064,0.007,1,0.1,0.47618904709816,1.24458229541779,0.243348672986031,0.317334413528442,17.0186889872065
"212","nc08","lh","mcgs_mb",0,758,515,690,1.52,0.375,0.085,0.012,3,0.4,0.711913168430328,1.45032167434692,0.363811641931534,0.303969085216522,17.5442941768034
"213","nc08","lh","mcgs_sb",0,159,117,214,1.84,0.343,0.069,0.01,0,0,0.493085473775864,0.951458334922791,0.251983314752579,0.367958009243011,11.890904788974
"214","nc08","rh","mcgs_db",0,641,449,654,1.608,0.703,0.078,0.011,2,0.2,0.330557852983475,1.2507336139679,0.169261917471886,0.321665704250336,12.580906007449
"215","nc08","rh","mcgs_mb",0,1106,750,990,1.493,0.501,0.079,0.01,4,0.4,0.725661754608154,1.56171476840973,0.371574580669403,0.298592209815979,17.1171501588906
"216","nc08","rh","mcgs_sb",0,NA,NA,NA,NA,NA,NA,NA,NA,NA,NA,NA,NA,NA,NA
"217","nc09","lh","mcgs_db",0,334,236,581,2.614,0.716,0.086,0.01,1,0.1,0.118019685149193,0.899642109870911,0.0604855380952358,0.522839367389679,12.2369202202921
"218","nc09","lh","mcgs_mb",0,777,535,992,2.209,0.891,0.082,0.01,3,0.3,0.6698197722435,1.45436191558838,0.343285202980042,0.441877216100693,17.7764933363913
"219","nc09","lh","mcgs_sb",0,NA,NA,NA,NA,NA,NA,NA,NA,NA,NA,NA,NA,NA,NA
"220","nc09","rh","mcgs_db",0,379,279,485,1.927,0.521,0.088,0.012,1,0.1,0.257353723049164,1.12457633018494,0.124653495848179,0.385312855243683,16.193789886963
"221","nc09","rh","mcgs_mb",0,822,522,753,1.595,0.405,0.063,0.008,2,0.3,0.720441460609436,1.52136027812958,0.348957657814026,0.319023102521896,16.1529057950278
"222","nc09","rh","mcgs_sb",0,NA,NA,NA,NA,NA,NA,NA,NA,NA,NA,NA,NA,NA,NA
"223","nc10","lh","mcgs_db",0,227,160,294,1.811,0.577,0.051,0.004,0,0,-0.0277424287050962,0.549635410308838,-0.014215343631804,0.362297683954239,10.758379412101
"224","nc10","lh","mcgs_mb",0,574,402,545,1.486,0.366,0.076,0.008,2,0.1,0.608910620212555,1.32864344120026,0.312008619308472,0.297267705202103,15.9544561928712
"225","nc10","lh","mcgs_sb",0,NA,NA,NA,NA,NA,NA,NA,NA,NA,NA,NA,NA,NA,NA
"226","nc10","rh","mcgs_db",0,500,347,459,1.368,0.376,0.07,0.01,1,0.1,0.217773050069809,1.17653894424438,0.106765747070312,0.27363121509552,16.8874613429131
"227","nc10","rh","mcgs_mb",0,726,470,626,1.444,0.384,0.07,0.008,2,0.3,0.782242476940155,1.39276146888733,0.383503437042236,0.288875907659531,13.0376792329287
"228","nc10","rh","mcgs_sb",0,63,43,112,2.43,0.548,0.043,0.011,0,0,0.121782995760441,0.429937690496445,0.059705525636673,0.486027985811234,9.56665371713123
"229","nc11","lh","mcgs_db",0,393,266,533,2.019,0.571,0.045,0.005,0,0.1,0.42647722363472,1.14638924598694,0.221037939190865,0.403713315725327,14.4964063830342
"230","nc11","lh","mcgs_mb",0,1058,701,1266,2.075,0.518,0.069,0.008,3,0.3,0.673091113567352,1.45701515674591,0.348854869604111,0.415073454380035,15.3788387256562
"231","nc11","lh","mcgs_sb",0,NA,NA,NA,NA,NA,NA,NA,NA,NA,NA,NA,NA,NA,NA
"232","nc11","rh","mcgs_db",0,149,105,172,1.658,0.296,0.062,0.009,0,0,-0.0302591826766729,0.369600921869278,-0.0147761851549149,0.331666231155396,8.63277155613923
"233","nc11","rh","mcgs_mb",0,590,389,590,1.726,0.373,0.084,0.01,2,0.2,0.773598670959473,1.39857280254364,0.377764225006104,0.345126122236252,13.6257473344855
"234","nc11","rh","mcgs_sb",0,76,58,108,1.8,0.694,0.038,0.011,0,0,0.467484772205353,0.754403293132782,0.228282451629639,0.359977245330811,10.9443600442832
"235","nc12","lh","mcgs_db",0,360,268,414,1.538,0.336,0.086,0.013,1,0.1,-0.0961089432239532,0.687474370002747,-0.0509666427969933,0.307605683803558,11.0126364866849
"236","nc12","lh","mcgs_mb",0,824,566,755,1.516,0.508,0.076,0.007,3,0.2,0.65622216463089,1.4066321849823,0.34799513220787,0.303136736154556,15.4443376466621
"237","nc12","lh","mcgs_sb",0,NA,NA,NA,NA,NA,NA,NA,NA,NA,NA,NA,NA,NA,NA
"238","nc12","rh","mcgs_db",0,194,134,246,1.812,0.437,0.076,0.017,1,0,0.0341006256639957,0.582982838153839,0.0182319022715092,0.362463891506195,9.82954781186351
"239","nc12","rh","mcgs_mb",0,1133,758,1027,1.528,0.472,0.074,0.008,3,0.4,0.792803883552551,1.44370710849762,0.42387256026268,0.305568754673004,13.7348965771297
"240","nc12","rh","mcgs_sb",0,103,76,155,1.903,0.516,0.082,0.014,0,0.1,0.586888253688812,0.953168272972107,0.313779711723328,0.380678206682205,8.6559967260521
"241","nc13","lh","mcgs_db",0,648,427,643,1.609,0.464,0.073,0.009,2,0.2,0.603954255580902,1.41991746425629,0.297725737094879,0.321894556283951,18.722621495439
"242","nc13","lh","mcgs_mb",0,579,395,624,1.832,0.598,0.083,0.013,2,0.2,0.496012687683105,1.49069428443909,0.244514793157578,0.366350144147873,19.3156818987984
"243","nc13","lh","mcgs_sb",0,57,38,40,1.04,0.134,0.035,0.005,0,0,0.292719632387161,0.58592015504837,0.144299283623695,0.207930669188499,12.6348386024135
"244","nc13","rh","mcgs_db",0,126,91,131,1.502,0.453,0.064,0.009,0,0,0.341597050428391,0.861425817012787,0.16888839006424,0.30040842294693,11.9111248756131
"245","nc13","rh","mcgs_mb",0,860,578,811,1.561,0.522,0.099,0.018,7,0.8,0.733019351959229,1.56652677059174,0.3624107837677,0.312128096818924,17.5964280447843
"246","nc13","rh","mcgs_sb",0,232,159,265,1.714,0.488,0.084,0.011,1,0.1,0.127164542675018,0.893944025039673,0.0628712028264999,0.342802733182907,9.85851759678462
"247","nc14","lh","mcgs_db",0,540,379,777,2.165,0.582,0.087,0.01,2,0.2,0.348382979631424,1.14213180541992,0.179619044065475,0.433085739612579,11.5504867262449
"248","nc14","lh","mcgs_mb",0,926,646,973,1.76,0.575,0.087,0.011,4,0.4,0.736844480037689,1.5705680847168,0.379901766777039,0.351947486400604,16.7904015424228
"249","nc14","lh","mcgs_sb",0,NA,NA,NA,NA,NA,NA,NA,NA,NA,NA,NA,NA,NA,NA
"250","nc14","rh","mcgs_db",0,1267,862,1265,1.789,0.659,0.073,0.008,4,0.4,0.589794814586639,1.41419184207916,0.304181605577469,0.357768714427948,14.0891624508602
"251","nc14","rh","mcgs_mb",0,1014,711,1177,1.896,0.722,0.087,0.016,4,0.5,0.500794887542725,1.39318227767944,0.258280664682388,0.379156023263931,13.9473624679799
"252","nc14","rh","mcgs_sb",0,NA,NA,NA,NA,NA,NA,NA,NA,NA,NA,NA,NA,NA,NA
"253","nc15","lh","mcgs_db",0,325,226,340,1.486,0.453,0.063,0.008,1,0.1,0.472246050834656,1.16206252574921,0.235777348279953,0.297176092863083,13.8883658561743
"254","nc15","lh","mcgs_mb",0,916,611,800,1.443,0.435,0.077,0.011,3,0.4,0.599443852901459,1.39525413513184,0.299283087253571,0.288524031639099,16.0485697820542
"255","nc15","lh","mcgs_sb",0,NA,NA,NA,NA,NA,NA,NA,NA,NA,NA,NA,NA,NA,NA
"256","nc15","rh","mcgs_db",0,382,268,441,1.765,0.709,0.086,0.007,1,0.1,0.39368811249733,1.28063523769379,0.177602484822273,0.3530433177948,14.4887003227505
"257","nc15","rh","mcgs_mb",0,989,657,994,1.702,0.686,0.074,0.009,3,0.3,0.592420816421509,1.45350670814514,0.267255812883377,0.34030944108963,15.3767617247616
"258","nc15","rh","mcgs_sb",0,44,29,52,1.784,0.263,0.04,0.009,0,0,0.502615392208099,0.74587869644165,0.226742371916771,0.356803059577942,10.5027935912336
"259","nc16","lh","mcgs_db",0,302,206,262,1.309,0.631,0.061,0.006,1,0.1,0.0142088886350393,0.675842046737671,0.00691319769248366,0.261864721775055,12.0838482982547
"260","nc16","lh","mcgs_mb",0,651,424,482,1.269,0.372,0.089,0.016,3,0.4,0.47550567984581,1.24950909614563,0.231353297829628,0.253771245479584,14.135242818283
"261","nc16","lh","mcgs_sb",0,NA,NA,NA,NA,NA,NA,NA,NA,NA,NA,NA,NA,NA,NA
"262","nc16","rh","mcgs_db",0,330,229,319,1.476,0.382,0.063,0.009,1,0.1,0.0513999350368977,0.739160537719727,0.0272524636238813,0.295160979032516,12.0491126122683
"263","nc16","rh","mcgs_mb",0,690,456,550,1.341,0.377,0.074,0.01,2,0.3,0.574097990989685,1.37869596481323,0.304389268159866,0.26826012134552,14.4810044315124
"264","nc16","rh","mcgs_sb",0,NA,NA,NA,NA,NA,NA,NA,NA,NA,NA,NA,NA,NA,NA
"265","nc17","lh","mcgs_db",0,239,163,363,2.444,0.673,0.087,0.008,1,0.1,0.278250098228455,0.897573947906494,0.137857705354691,0.488813400268555,13.2138028207022
"266","nc17","lh","mcgs_mb",0,1222,858,1456,1.98,0.645,0.084,0.012,4,0.5,0.654053568840027,1.49984216690063,0.324047833681107,0.395980000495911,16.6673413779578
"267","nc17","lh","mcgs_sb",0,NA,NA,NA,NA,NA,NA,NA,NA,NA,NA,NA,NA,NA,NA
"268","nc17","rh","mcgs_db",0,332,236,430,2.208,0.691,0.081,0.01,1,0.1,0.179326176643372,0.942042469978333,0.0843700468540192,0.44159322977066,11.810625171142
"269","nc17","rh","mcgs_mb",0,835,605,917,1.904,0.738,0.096,0.014,4,0.4,0.662490248680115,1.40105664730072,0.311690866947174,0.380829185247421,14.6197888965024
"270","nc17","rh","mcgs_sb",0,NA,NA,NA,NA,NA,NA,NA,NA,NA,NA,NA,NA,NA,NA
"271","nc18","lh","mcgs_db",0,NA,NA,NA,NA,NA,NA,NA,NA,NA,NA,NA,NA,NA,NA
"272","nc18","lh","mcgs_mb",0,1109,767,963,1.348,0.483,0.079,0.009,3,0.4,0.641613960266113,1.45269978046417,0.348079979419708,0.269567459821701,17.9310274053327
"273","nc18","lh","mcgs_sb",0,NA,NA,NA,NA,NA,NA,NA,NA,NA,NA,NA,NA,NA,NA
"274","nc18","rh","mcgs_db",0,1016,667,1037,1.674,0.689,0.075,0.009,3,0.4,0.641348421573639,1.3872195482254,0.340371161699295,0.334797620773315,15.1915673070325
"275","nc18","rh","mcgs_mb",0,1061,728,1273,2.076,0.915,0.082,0.013,3,0.5,0.467215031385422,1.38446092605591,0.247956529259682,0.415209829807281,13.4181590734402
"276","nc18","rh","mcgs_sb",0,69,44,86,2.023,0.367,0.053,0.015,0,0,0.419590264558792,0.719302415847778,0.222681522369385,0.404673725366592,10.4879858272994
"277","nc19","lh","mcgs_db",0,384,262,459,1.709,0.652,0.074,0.011,1,0.2,0.185204043984413,0.824923396110535,0.0944441556930542,0.341728419065475,16.7642036941988
"278","nc19","lh","mcgs_mb",0,1184,775,1121,1.676,0.564,0.084,0.019,5,0.9,0.714936673641205,1.55389308929443,0.364579439163208,0.335246831178665,21.8455176409332
"279","nc19","lh","mcgs_sb",0,NA,NA,NA,NA,NA,NA,NA,NA,NA,NA,NA,NA,NA,NA
"280","nc19","rh","mcgs_db",0,NA,NA,NA,NA,NA,NA,NA,NA,NA,NA,NA,NA,NA,NA
"281","nc19","rh","mcgs_mb",0,1188,780,1228,1.714,0.709,0.073,0.012,3,0.5,0.558000385761261,1.42320346832275,0.268926382064819,0.342894613742828,19.5461527564034
"282","nc19","rh","mcgs_sb",0,NA,NA,NA,NA,NA,NA,NA,NA,NA,NA,NA,NA,NA,NA
"283","nc20","lh","mcgs_db",0,233,155,334,2.278,0.568,0.076,0.01,1,0.1,0.286711245775223,1.04942858219147,0.149382844567299,0.455632209777832,15.8587302922731
"284","nc20","lh","mcgs_mb",0,910,631,1034,1.992,0.558,0.085,0.013,4,0.4,0.723241209983826,1.57640850543976,0.376824408769608,0.398438364267349,17.0135772208209
"285","nc20","lh","mcgs_sb",0,NA,NA,NA,NA,NA,NA,NA,NA,NA,NA,NA,NA,NA,NA
"286","nc20","rh","mcgs_db",0,192,138,251,1.805,0.49,0.083,0.011,1,0,-0.0145631833001971,0.536028563976288,-0.00741391396149993,0.361040025949478,11.3338712421375
"287","nc20","rh","mcgs_mb",0,850,591,885,1.794,0.515,0.093,0.015,5,0.5,0.735420107841492,1.60568022727966,0.374392151832581,0.358750253915787,13.5459484652088
"288","nc20","rh","mcgs_sb",0,50,34,67,1.917,0.355,0.038,0.003,0,0,0.340685933828354,0.592995941638947,0.173438489437103,0.383353650569916,11.4574614225173
"289","nc21","lh","mcgs_db",0,355,249,437,1.72,0.686,0.084,0.013,1,0.1,0.0979903638362885,0.93522310256958,0.0518340356647968,0.344070434570312,11.7152958800227
"290","nc21","lh","mcgs_mb",0,962,645,953,1.704,0.601,0.078,0.008,3,0.3,0.706388115882874,1.42901718616486,0.373658686876297,0.34074929356575,16.1277679524578
"291","nc21","lh","mcgs_sb",0,NA,NA,NA,NA,NA,NA,NA,NA,NA,NA,NA,NA,NA,NA
"292","nc21","rh","mcgs_db",0,200,142,265,2,0.486,0.087,0.01,1,0.1,0.320923238992691,0.957609832286835,0.170334756374359,0.400072455406189,10.76111841717
"293","nc21","rh","mcgs_mb",0,662,440,538,1.401,0.449,0.074,0.01,2,0.2,0.574929177761078,1.34940385818481,0.305152177810669,0.280176788568497,14.1981687975854
"294","nc21","rh","mcgs_sb",0,NA,NA,NA,NA,NA,NA,NA,NA,NA,NA,NA,NA,NA,NA
"295","nc22","lh","mcgs_db",0,543,395,674,1.791,0.75,0.095,0.015,2,0.2,0.365176439285278,1.19445490837097,0.187658384442329,0.358130425214767,15.7760364462482
"296","nc22","lh","mcgs_mb",0,885,608,943,1.905,0.705,0.081,0.012,3,0.4,0.613696455955505,1.64085745811462,0.315368890762329,0.381049364805222,20.1892013684018
"297","nc22","lh","mcgs_sb",0,NA,NA,NA,NA,NA,NA,NA,NA,NA,NA,NA,NA,NA,NA
"298","nc22","rh","mcgs_db",0,534,361,604,1.923,0.789,0.08,0.009,2,0.2,0.3802749812603,1.06835567951202,0.194645434617996,0.384606242179871,11.3008870242956
"299","nc22","rh","mcgs_mb",0,954,677,1013,1.639,0.458,0.079,0.01,3,0.3,0.750626802444458,1.72250401973724,0.384211659431458,0.327879548072815,20.253086053911
"300","nc22","rh","mcgs_sb",0,NA,NA,NA,NA,NA,NA,NA,NA,NA,NA,NA,NA,NA,NA
"301","nc23","lh","mcgs_db",0,479,323,584,1.878,0.495,0.077,0.009,2,0.2,0.222695469856262,1.14640867710114,0.120183765888214,0.375653177499771,14.5992898656011
"302","nc23","lh","mcgs_mb",0,992,651,916,1.53,0.58,0.077,0.012,4,0.4,0.698746085166931,1.54078125953674,0.377097725868225,0.30603489279747,18.9856087004348
"303","nc23","lh","mcgs_sb",0,NA,NA,NA,NA,NA,NA,NA,NA,NA,NA,NA,NA,NA,NA
"304","nc23","rh","mcgs_db",0,180,129,281,2.471,0.83,0.083,0.01,1,0.1,-0.0228967033326626,0.587268590927124,-0.011714824475348,0.494267791509628,11.2192485464901
"305","nc23","rh","mcgs_mb",0,1029,705,1003,1.578,0.566,0.077,0.01,3,0.4,0.696114182472229,1.61209690570831,0.356158405542374,0.315553486347198,18.1732021423822
"306","nc23","rh","mcgs_sb",0,160,114,301,3.108,0.848,0.093,0.013,1,0.1,0.0102347489446402,0.578820705413818,0.00523648876696825,0.621594905853271,6.43742025282176
"307","nc24","lh","mcgs_db",0,792,532,778,1.636,0.489,0.07,0.008,2,0.3,0.707866370677948,1.47119915485382,0.359406620264053,0.327238500118256,16.9960767879198
"308","nc24","lh","mcgs_mb",0,743,515,836,1.893,0.551,0.085,0.012,3,0.3,0.583431482315063,1.53634464740753,0.296226978302002,0.378619760274887,15.6483251116308
"309","nc24","lh","mcgs_sb",0,NA,NA,NA,NA,NA,NA,NA,NA,NA,NA,NA,NA,NA,NA
"310","nc24","rh","mcgs_db",0,982,665,863,1.396,0.506,0.073,0.009,3,0.3,0.592412710189819,1.48736953735352,0.29217529296875,0.279182463884354,16.1131202870166
"311","nc24","rh","mcgs_mb",0,702,491,703,1.651,0.512,0.085,0.014,3,0.3,0.415083825588226,1.48336660861969,0.204717457294464,0.330166429281235,16.5266832081178
"312","nc24","rh","mcgs_sb",0,NA,NA,NA,NA,NA,NA,NA,NA,NA,NA,NA,NA,NA,NA
"313","nc25","lh","mcgs_db",0,306,208,358,1.919,0.593,0.081,0.012,1,0.2,0.582608819007874,1.16738569736481,0.302826672792435,0.383741617202759,16.9215083984607
"314","nc25","lh","mcgs_mb",0,933,638,968,1.771,0.661,0.082,0.012,3,0.4,0.772408723831177,1.49447417259216,0.401480287313461,0.354164838790894,17.1792463753096
"315","nc25","lh","mcgs_sb",0,74,56,116,1.845,0.458,0.088,0.01,0,0,0.498352259397507,0.872036099433899,0.259032070636749,0.369078725576401,10.9073465030845
"316","nc25","rh","mcgs_db",0,252,174,310,2.031,0.573,0.08,0.008,1,0.1,0.287943780422211,1.02634429931641,0.140435039997101,0.406169414520264,14.0218478971472
"317","nc25","rh","mcgs_mb",0,980,634,885,1.537,0.574,0.074,0.012,3,0.4,0.683799505233765,1.62660813331604,0.333500564098358,0.307372868061066,18.7975757345644
"318","nc25","rh","mcgs_sb",0,NA,NA,NA,NA,NA,NA,NA,NA,NA,NA,NA,NA,NA,NA
"319","nc26","lh","mcgs_db",0,276,188,311,1.77,0.676,0.077,0.013,1,0.1,0.300109893083572,0.951025724411011,0.158812835812569,0.354027926921844,13.9446651641633
"320","nc26","lh","mcgs_mb",0,762,524,860,1.84,0.721,0.081,0.01,2,0.3,0.639684021472931,1.39345240592957,0.33850947022438,0.368022978305817,14.1091259268368
"321","nc26","lh","mcgs_sb",0,77,53,91,1.639,0.467,0.032,0.003,0,0,-0.151740744709969,0.224940925836563,-0.0802985206246376,0.32770162820816,10.8205384153325
"322","nc26","rh","mcgs_db",0,622,423,576,1.447,0.522,0.09,0.011,3,0.3,0.40012663602829,1.160888671875,0.205343917012215,0.289303004741669,11.2110843856099
"323","nc26","rh","mcgs_mb",0,577,397,664,1.914,0.808,0.092,0.013,3,0.2,0.351586550474167,1.30392587184906,0.180433288216591,0.382788062095642,12.701564157232
"324","nc26","rh","mcgs_sb",0,NA,NA,NA,NA,NA,NA,NA,NA,NA,NA,NA,NA,NA,NA
"325","nc27","lh","mcgs_db",0,466,318,443,1.545,0.442,0.088,0.01,2,0.1,0.364525467157364,1.22913157939911,0.189934208989143,0.309009075164795,15.4312088729391
"326","nc27","lh","mcgs_mb",0,726,486,600,1.43,0.423,0.075,0.008,2,0.3,0.807377398014069,1.43562960624695,0.420680016279221,0.286015421152115,16.5565055637403
"327","nc27","lh","mcgs_sb",0,NA,NA,NA,NA,NA,NA,NA,NA,NA,NA,NA,NA,NA,NA
"328","nc27","rh","mcgs_db",0,193,136,253,1.972,0.674,0.063,0.005,0,0,0.286282330751419,0.857574164867401,0.15871125459671,0.394444763660431,12.5552307405514
"329","nc27","rh","mcgs_mb",0,1147,734,937,1.463,0.38,0.066,0.008,3,0.4,0.687850594520569,1.46940052509308,0.381335586309433,0.292590945959091,15.9082359859938
"330","nc27","rh","mcgs_sb",0,NA,NA,NA,NA,NA,NA,NA,NA,NA,NA,NA,NA,NA,NA
"331","nc28","lh","mcgs_db",0,247,164,279,1.783,0.565,0.082,0.009,1,0,0.00429846905171871,0.648337185382843,0.00217291014268994,0.356539636850357,14.9477322659445
"332","nc28","lh","mcgs_mb",0,1170,789,1020,1.397,0.479,0.066,0.008,3,0.3,0.700137436389923,1.63795721530914,0.353925228118896,0.27946525812149,19.8058658331922
"333","nc28","lh","mcgs_sb",0,NA,NA,NA,NA,NA,NA,NA,NA,NA,NA,NA,NA,NA,NA
"334","nc28","rh","mcgs_db",0,299,211,320,1.684,0.558,0.073,0.008,1,0.1,0.0957893580198288,0.757722556591034,0.0497819185256958,0.336780101060867,13.2303196172558
"335","nc28","rh","mcgs_mb",0,1021,688,913,1.468,0.586,0.073,0.009,3,0.3,0.769774794578552,1.55271005630493,0.400053471326828,0.293699979782104,16.0258560809773
"336","nc28","rh","mcgs_sb",0,NA,NA,NA,NA,NA,NA,NA,NA,NA,NA,NA,NA,NA,NA
"337","nc29","lh","mcgs_db",0,175,131,204,1.715,0.363,0.078,0.009,0,0.1,0.362952470779419,0.942355871200562,0.190882980823517,0.343077093362808,10.2751463652482
"338","nc29","lh","mcgs_mb",0,887,617,896,1.731,0.631,0.08,0.011,4,0.3,0.697392642498016,1.54756343364716,0.366770923137665,0.346297651529312,15.7078148324641
"339","nc29","lh","mcgs_sb",0,169,116,258,2.169,0.785,0.058,0.008,0,0,0.160591036081314,0.783462345600128,0.0844576135277748,0.43370109796524,8.43097754190725
"340","nc29","rh","mcgs_db",0,157,109,208,1.975,0.539,0.072,0.017,1,0,0.0956331640481949,0.771649241447449,0.048660583794117,0.394976586103439,11.2924047474874
"341","nc29","rh","mcgs_mb",0,996,659,738,1.252,0.362,0.072,0.008,3,0.3,0.684148132801056,1.62599635124207,0.348111987113953,0.250337094068527,15.6249931459482
"342","nc29","rh","mcgs_sb",0,110,72,103,1.344,0.299,0.032,0.002,0,0,-0.150717705488205,0.256501972675323,-0.0766890123486519,0.268787831068039,8.21292122342992
"343","nc30","lh","mcgs_db",0,250,181,419,2.619,0.514,0.09,0.009,1,0.1,0.367625951766968,1.07802736759186,0.199098348617554,0.523864686489105,14.6307253713491
"344","nc30","lh","mcgs_mb",0,929,633,1203,2.211,0.847,0.072,0.01,2,0.4,0.741465747356415,1.51282370090485,0.401561945676804,0.442251354455948,17.113103509483
"345","nc30","lh","mcgs_sb",0,NA,NA,NA,NA,NA,NA,NA,NA,NA,NA,NA,NA,NA,NA
"346","nc30","rh","mcgs_db",0,467,314,581,2.047,0.535,0.081,0.013,2,0.2,0.255804896354675,1.09076714515686,0.129408463835716,0.40945291519165,14.7324711519123
"347","nc30","rh","mcgs_mb",0,591,381,492,1.43,0.355,0.077,0.009,2,0.2,0.659345209598541,1.43451046943665,0.333554446697235,0.28591325879097,13.4409415518434
"348","nc30","rh","mcgs_sb",0,NA,NA,NA,NA,NA,NA,NA,NA,NA,NA,NA,NA,NA,NA
"349","nc31","lh","mcgs_db",0,301,213,392,2.066,0.581,0.081,0.008,1,0.1,0.455572485923767,1.17153835296631,0.243187561631203,0.413137704133987,11.3797621321092
"350","nc31","lh","mcgs_mb",0,825,551,771,1.628,0.573,0.077,0.01,3,0.3,0.685684502124786,1.43316173553467,0.366022884845734,0.32569944858551,16.2938632506854
"351","nc31","lh","mcgs_sb",0,NA,NA,NA,NA,NA,NA,NA,NA,NA,NA,NA,NA,NA,NA
"352","nc31","rh","mcgs_db",0,194,131,216,1.741,0.411,0.067,0.006,0,0.1,-0.0516884997487068,0.597568690776825,-0.0287427809089422,0.348232597112656,11.9877030713781
"353","nc31","rh","mcgs_mb",0,1010,673,809,1.306,0.408,0.068,0.01,3,0.3,0.80899840593338,1.53076577186584,0.449865251779556,0.261136740446091,15.3907817630252
"354","nc31","rh","mcgs_sb",0,NA,NA,NA,NA,NA,NA,NA,NA,NA,NA,NA,NA,NA,NA
"355","nc32","lh","mcgs_db",0,172,118,219,1.876,0.393,0.06,0.006,0,0,0.147075846791267,0.712492108345032,0.073594830930233,0.375141769647598,11.1917926376459
"356","nc32","lh","mcgs_mb",0,941,621,767,1.439,0.634,0.073,0.01,3,0.4,0.615764975547791,1.52921330928802,0.308120787143707,0.287816643714905,14.9655620916419
"357","nc32","lh","mcgs_sb",0,NA,NA,NA,NA,NA,NA,NA,NA,NA,NA,NA,NA,NA,NA
"358","nc32","rh","mcgs_db",0,225,158,244,1.545,0.335,0.046,0.004,0,0,0.106900878250599,0.68192332983017,0.0551162660121918,0.309047162532806,12.8414611390325
"359","nc32","rh","mcgs_mb",0,939,630,820,1.42,0.344,0.073,0.01,3,0.3,0.662636518478394,1.40599501132965,0.341643989086151,0.284080177545547,16.2395299210851
"360","nc32","rh","mcgs_sb",0,125,84,185,1.846,0.575,0.069,0.021,0,0,0.292703688144684,0.67445570230484,0.150913000106812,0.369180798530579,8.16206749132084
