,sub,hemi,label,X,vertices,total_surface_area_.mm.2.,total_gray_matter_volume_.mm.3.,cortical_thickness_mean,cortical_thickness_std,rectified_mean_curvature,rectified_Gaussian_curvature,folding_index,intrinsic_curvature_index,sulcal_depth_mean,sulcal_depth_max,sulcal_depth_mean_pct,cortical_thickness_mean_pct,sulcal_depth_mm
1,100206,lh,mcgs_db,0,242,182,367,2.182,0.383,0.114,0.017,1,0.2,0.368767231702805,1.05823290348053,0.197806313633919,0.436466246843338,15.1413717089858
2,100206,lh,mcgs_mb,0,826,588,1132,2.1,0.355,0.089,0.014,3,0.5,0.600274562835693,1.40001606941223,0.321986615657806,0.420086354017258,18.4376009323387
3,100206,lh,mcgs_sb,0,151,117,323,2.564,0.345,0.134,0.025,1,0.2,0.445894241333008,0.822162985801697,0.239177227020264,0.512817144393921,10.8687947102142
4,100206,rh,mcgs_db,0,NA,NA,NA,NA,NA,NA,NA,NA,NA,NA,NA,NA,NA,NA
5,100206,rh,mcgs_mb,0,1375,951,1731,2,0.442,0.095,0.019,7,1.1,0.627860009670258,1.42506408691406,0.276401460170746,0.39998921751976,17.334584644155
6,100206,rh,mcgs_sb,0,78,58,130,2.511,0.287,0.093,0.016,1,0,0.307374328374863,0.710895538330078,0.135314717888832,0.50212150812149,10.9276877713406
7,100307,lh,mcgs_db,0,90,78,173,2.468,0.378,0.116,0.025,1,0.1,0.437895715236664,0.712352931499481,0.240442678332329,0.493687003850937,12.4975965535799
8,100307,lh,mcgs_mb,0,585,424,739,2.065,0.373,0.097,0.016,2,0.4,0.377594262361526,1.03318953514099,0.207331955432892,0.412907063961029,15.6461569236734
9,100307,lh,mcgs_sb,0,183,144,344,2.492,0.315,0.138,0.025,1,0.2,0.659707069396973,1.02681422233582,0.36223641037941,0.49832421541214,13.0653007368233
10,100307,rh,mcgs_db,0,292,205,434,2.282,0.255,0.072,0.011,1,0.1,0.273730725049973,0.744097411632538,0.149424076080322,0.45634064078331,11.9924807096255
11,100307,rh,mcgs_mb,0,834,584,1145,2.253,0.459,0.107,0.016,5,0.6,0.560955822467804,1.31449830532074,0.306214451789856,0.450613498687744,15.106079598563
12,100307,rh,mcgs_sb,0,106,75,192,2.548,0.459,0.106,0.027,0,0.1,0.651721656322479,0.984000861644745,0.355761617422104,0.509577453136444,9.42860365656166
13,100408,lh,mcgs_db,0,NA,NA,NA,NA,NA,NA,NA,NA,NA,NA,NA,NA,NA,NA
14,100408,lh,mcgs_mb,0,951,671,1325,2.2,0.318,0.091,0.012,4,0.5,0.563076078891754,1.44416201114655,0.288645386695862,0.439952194690704,16.3185280897074
15,100408,lh,mcgs_sb,0,90,77,250,3.463,0.439,0.146,0.02,1,0.1,0.509233772754669,0.910996735095978,0.26104462146759,0.692535042762756,11.2158174284687
16,100408,rh,mcgs_db,0,232,163,346,2.219,0.28,0.094,0.01,1,0.1,0.261137276887894,0.822919607162476,0.135815232992172,0.443844169378281,10.9501119420158
17,100408,rh,mcgs_mb,0,699,511,991,2.223,0.336,0.106,0.014,4,0.4,0.613957941532135,1.43887293338776,0.319314181804657,0.444679021835327,16.5020671988727
18,100408,rh,mcgs_sb,0,292,215,504,2.494,0.292,0.134,0.033,2,0.5,0.511798918247223,1.12343227863312,0.266182154417038,0.498814046382904,11.9931298141689
19,100610,lh,mcgs_db,0,NA,NA,NA,NA,NA,NA,NA,NA,NA,NA,NA,NA,NA,NA
20,100610,lh,mcgs_mb,0,1281,914,1791,2.153,0.28,0.082,0.009,4,0.5,0.473434031009674,1.25580072402954,0.27464571595192,0.430625289678574,16.2740677934122
21,100610,lh,mcgs_sb,0,29,26,69,2.812,0.383,0.192,0.044,0,0.1,0.322290748357773,0.484316617250443,0.18696540594101,0.562408030033112,5.06449021983586
22,100610,rh,mcgs_db,0,124,92,217,2.345,0.286,0.095,0.01,0,0.1,0.263737440109253,0.651793539524078,0.132459387183189,0.468967854976654,7.82464824820306
23,100610,rh,mcgs_mb,0,753,533,998,2.181,0.293,0.089,0.013,3,0.4,0.501270532608032,1.38931691646576,0.251757949590683,0.436113834381104,15.5964636092539
24,100610,rh,mcgs_sb,0,136,110,247,2.26,0.304,0.128,0.016,1,0.1,0.437541306018829,0.741493344306946,0.219750598073006,0.451986253261566,8.41712395444239
25,101006,lh,mcgs_db,0,NA,NA,NA,NA,NA,NA,NA,NA,NA,NA,NA,NA,NA,NA
26,101006,lh,mcgs_mb,0,1286,888,1667,2.124,0.365,0.088,0.01,5,0.6,0.513282418251038,1.26766669750214,0.29253026843071,0.424817025661469,14.0064846285371
27,101006,lh,mcgs_sb,0,NA,NA,NA,NA,NA,NA,NA,NA,NA,NA,NA,NA,NA,NA
28,101006,rh,mcgs_db,0,NA,NA,NA,NA,NA,NA,NA,NA,NA,NA,NA,NA,NA,NA
29,101006,rh,mcgs_mb,0,1133,777,1486,2.154,0.325,0.084,0.008,4,0.5,0.506594479084015,1.24950802326202,0.270929038524628,0.430892378091812,13.4038226674903
30,101006,rh,mcgs_sb,0,24,16,43,2.439,0.165,0.121,0.017,0,0,0.372466087341309,0.512274265289307,0.199196562170982,0.487715154886246,7.15208507737272
31,101107,lh,mcgs_db,0,NA,NA,NA,NA,NA,NA,NA,NA,NA,NA,NA,NA,NA,NA
32,101107,lh,mcgs_mb,0,663,447,934,2.496,0.388,0.092,0.014,3,0.4,0.488222777843475,1.08874547481537,0.278095573186874,0.499230116605759,13.1758818660332
33,101107,lh,mcgs_sb,0,65,50,140,2.383,0.34,0.057,0.007,0,0,0.643611371517181,0.928269743919373,0.366606086492538,0.476679921150208,11.6808255341428
34,101107,rh,mcgs_db,0,171,121,279,2.385,0.354,0.075,0.01,0,0.1,0.255612790584564,0.714730143547058,0.145211070775986,0.477014094591141,10.8708164842707
35,101107,rh,mcgs_mb,0,1083,737,1539,2.369,0.352,0.087,0.011,3,0.6,0.566742181777954,1.34281361103058,0.321960538625717,0.473895311355591,14.1926739571639
36,101107,rh,mcgs_sb,0,46,38,121,2.705,0.229,0.087,0.007,0,0,0.647771954536438,0.853459894657135,0.367992728948593,0.540919065475464,10.2646273472641
37,101309,lh,mcgs_db,0,NA,NA,NA,NA,NA,NA,NA,NA,NA,NA,NA,NA,NA,NA
38,101309,lh,mcgs_mb,0,761,545,1118,2.341,0.334,0.101,0.015,4,0.5,0.51411098241806,1.33346748352051,0.255689561367035,0.468131840229034,13.8266401171418
39,101309,lh,mcgs_sb,0,44,28,110,3.923,0.296,0.108,0.03,0,0,0.0900994017720222,0.361838430166245,0.0448103249073029,0.784512460231781,7.1075924364791
40,101309,rh,mcgs_db,0,NA,NA,NA,NA,NA,NA,NA,NA,NA,NA,NA,NA,NA,NA
41,101309,rh,mcgs_mb,0,530,388,769,2.221,0.314,0.111,0.02,3,0.4,0.43439194560051,1.20771539211273,0.235349550843239,0.44413498044014,13.1940266415212
42,101309,rh,mcgs_sb,0,79,58,166,2.663,0.495,0.131,0.027,1,0.1,0.39696991443634,0.747069895267487,0.215074628591537,0.532548367977142,8.43206597027608
43,101410,lh,mcgs_db,0,NA,NA,NA,NA,NA,NA,NA,NA,NA,NA,NA,NA,NA,NA
44,101410,lh,mcgs_mb,0,837,584,1197,2.295,0.397,0.107,0.018,4,0.6,0.3917256295681,1.23825716972351,0.210900202393532,0.458983242511749,15.7618969569922
45,101410,lh,mcgs_sb,0,183,148,351,2.637,0.592,0.145,0.027,1,0.2,0.544993579387665,0.971924841403961,0.293417721986771,0.527440965175629,11.0222407432902
46,101410,rh,mcgs_db,0,NA,NA,NA,NA,NA,NA,NA,NA,NA,NA,NA,NA,NA,NA
47,101410,rh,mcgs_mb,0,1140,812,1557,2.075,0.426,0.097,0.015,5,0.8,0.618399500846863,1.43093657493591,0.298996090888977,0.414976358413696,15.8557220338767
48,101410,rh,mcgs_sb,0,69,48,99,2.377,0.245,0.114,0.026,0,0,0.73420524597168,0.917549788951874,0.354988157749176,0.4753038585186,9.69686429486205
49,101915,lh,mcgs_db,0,114,90,210,2.395,0.271,0.092,0.013,0,0.1,0.32054528594017,0.818993031978607,0.177843853831291,0.478955209255219,7.80163009086744
50,101915,lh,mcgs_mb,0,497,367,754,2.18,0.415,0.094,0.012,2,0.2,0.329274535179138,0.989141762256622,0.182686999440193,0.436020076274872,12.6826475390243
51,101915,lh,mcgs_sb,0,NA,NA,NA,NA,NA,NA,NA,NA,NA,NA,NA,NA,NA,NA
52,101915,rh,mcgs_db,0,NA,NA,NA,NA,NA,NA,NA,NA,NA,NA,NA,NA,NA,NA
53,101915,rh,mcgs_mb,0,736,518,1037,2.211,0.326,0.096,0.013,4,0.4,0.42012158036232,1.18322575092316,0.227407887578011,0.442125558853149,13.5032853635674
54,101915,rh,mcgs_sb,0,53,44,132,2.818,0.258,0.137,0.022,0,0,0.433781296014786,0.681463778018951,0.234801754355431,0.563554167747498,7.51211585422699
55,102008,lh,mcgs_db,0,441,327,636,2.066,0.409,0.111,0.02,2,0.4,0.147127687931061,1.1331992149353,0.0789934992790222,0.413240551948547,10.7818320662356
56,102008,lh,mcgs_mb,0,578,396,821,2.381,0.446,0.126,0.023,4,0.7,0.661078035831451,1.17747938632965,0.354935646057129,0.476143389940262,11.8079227331404
57,102008,lh,mcgs_sb,0,69,59,132,2.084,0.243,0.138,0.029,0,0.1,0.533017754554749,0.920631051063538,0.286179572343826,0.416867107152939,9.66932196771355
58,102008,rh,mcgs_db,0,NA,NA,NA,NA,NA,NA,NA,NA,NA,NA,NA,NA,NA,NA
59,102008,rh,mcgs_mb,0,606,444,874,2.232,0.364,0.106,0.016,3,0.4,0.357834905385971,1.22025012969971,0.183840155601501,0.446479022502899,11.7237517229408
60,102008,rh,mcgs_sb,0,54,47,169,3.517,0.55,0.194,0.036,1,0.1,0.542711734771729,0.856381297111511,0.278821915388107,0.70346462726593,6.77771762957302
61,102311,lh,mcgs_db,0,NA,NA,NA,NA,NA,NA,NA,NA,NA,NA,NA,NA,NA,NA
62,102311,lh,mcgs_mb,0,1016,730,1480,2.26,0.372,0.098,0.017,4,0.8,0.468424558639526,1.27087569236755,0.241612911224365,0.451947808265686,16.1727117719786
63,102311,lh,mcgs_sb,0,111,85,242,2.489,0.447,0.119,0.024,1,0.1,0.432771801948547,0.69428151845932,0.223223268985748,0.497722864151001,8.78410437889572
64,102311,rh,mcgs_db,0,NA,NA,NA,NA,NA,NA,NA,NA,NA,NA,NA,NA,NA,NA
65,102311,rh,mcgs_mb,0,1113,785,1621,2.28,0.421,0.094,0.013,4,0.7,0.597707331180573,1.31085515022278,0.31520089507103,0.455939829349518,14.3822545133094
66,102311,rh,mcgs_sb,0,43,43,170,3.323,0.501,0.139,0.036,0,0,0.464755892753601,0.695145189762115,0.24508897960186,0.664536654949188,9.42708960771942
67,102513,lh,mcgs_db,0,NA,NA,NA,NA,NA,NA,NA,NA,NA,NA,NA,NA,NA,NA
68,102513,lh,mcgs_mb,0,1076,774,1579,2.271,0.327,0.097,0.013,5,0.6,0.555087447166443,1.3245507478714,0.303638428449631,0.454216152429581,16.5740417084965
69,102513,lh,mcgs_sb,0,49,39,107,2.623,0.247,0.115,0.018,0,0,0.675918281078339,0.84346067905426,0.369734078645706,0.524595379829407,12.4014456000971
70,102513,rh,mcgs_db,0,NA,NA,NA,NA,NA,NA,NA,NA,NA,NA,NA,NA,NA,NA
71,102513,rh,mcgs_mb,0,1358,968,1979,2.291,0.365,0.081,0.01,4,0.7,0.614208281040192,1.4123957157135,0.335801124572754,0.458281874656677,17.6367657732633
72,102513,rh,mcgs_sb,0,92,65,201,2.632,0.407,0.101,0.012,1,0,0.503614187240601,0.781310141086578,0.275336891412735,0.526462078094482,10.3769258249444
73,102816,lh,mcgs_db,0,206,147,346,2.22,0.309,0.08,0.013,0,0.1,0.267675578594208,0.718138456344604,0.135540083050728,0.443976014852524,9.63894331334155
74,102816,lh,mcgs_mb,0,810,558,964,2.018,0.284,0.096,0.014,4,0.5,0.505621671676636,1.36309325695038,0.256026387214661,0.403518855571747,14.3228722348404
75,102816,lh,mcgs_sb,0,97,67,190,2.627,0.219,0.083,0.019,0,0.1,0.522160649299622,0.766920626163483,0.26440104842186,0.525367438793182,11.1107658055759
76,102816,rh,mcgs_db,0,335,253,479,2.072,0.42,0.11,0.018,2,0.2,0.1350237429142,0.949903011322021,0.0675420835614204,0.414375871419907,9.08347313754996
77,102816,rh,mcgs_mb,0,765,516,1037,2.327,0.286,0.088,0.012,3,0.5,0.63310843706131,1.2413033246994,0.316695898771286,0.465440064668655,12.7319773670065
78,102816,rh,mcgs_sb,0,105,75,219,2.802,0.358,0.101,0.016,1,0.1,0.332632541656494,0.631181001663208,0.16639070212841,0.560320913791656,4.92950155496868
79,103111,lh,mcgs_db,0,NA,NA,NA,NA,NA,NA,NA,NA,NA,NA,NA,NA,NA,NA
80,103111,lh,mcgs_mb,0,917,679,1414,2.338,0.435,0.101,0.012,4,0.5,0.399862676858902,1.1931631565094,0.234886482357979,0.46763676404953,14.9919117505746
81,103111,lh,mcgs_sb,0,NA,NA,NA,NA,NA,NA,NA,NA,NA,NA,NA,NA,NA,NA
82,103111,rh,mcgs_db,0,NA,NA,NA,NA,NA,NA,NA,NA,NA,NA,NA,NA,NA,NA
83,103111,rh,mcgs_mb,0,886,656,1296,2.165,0.366,0.107,0.018,4,0.7,0.340299963951111,1.04419541358948,0.189376011490822,0.433005899190903,10.7206353941619
84,103111,rh,mcgs_sb,0,215,160,351,2.515,0.327,0.114,0.02,1,0.2,0.555099546909332,0.985973477363586,0.30891141295433,0.502912640571594,11.9377951761772
85,103414,lh,mcgs_db,0,142,110,243,2.165,0.316,0.078,0.013,0,0.1,0.0894212052226067,0.625865399837494,0.0504064746201038,0.433035731315613,9.68942270722873
86,103414,lh,mcgs_mb,0,700,497,987,2.346,0.424,0.099,0.017,3,0.4,0.629319906234741,1.25874960422516,0.354745805263519,0.469104707241058,14.4390872320025
87,103414,lh,mcgs_sb,0,164,120,282,2.379,0.357,0.12,0.027,1,0.2,0.329698234796524,0.784840047359467,0.185849949717522,0.475853711366653,8.68776992792757
88,103414,rh,mcgs_db,0,94,73,159,2.103,0.281,0.114,0.018,1,0.1,0.0269800424575806,0.376439571380615,0.0138229997828603,0.420572429895401,7.68249416042716
89,103414,rh,mcgs_mb,0,816,570,1158,2.336,0.425,0.108,0.024,4,0.9,0.492463618516922,1.20307815074921,0.252309590578079,0.467273324728012,12.0831469408063
90,103414,rh,mcgs_sb,0,110,74,212,2.698,0.408,0.123,0.032,1,0.1,0.381550639867783,0.641086220741272,0.195484265685081,0.539615392684937,7.26217864331882
91,103515,lh,mcgs_db,0,NA,NA,NA,NA,NA,NA,NA,NA,NA,NA,NA,NA,NA,NA
92,103515,lh,mcgs_mb,0,677,488,916,2.171,0.455,0.115,0.018,4,0.6,0.451698392629623,1.22230613231659,0.238941207528114,0.434171229600906,12.7804961802633
93,103515,lh,mcgs_sb,0,157,111,271,2.284,0.543,0.099,0.019,1,0.1,0.331112533807755,0.753884792327881,0.175153225660324,0.456857025623322,9.06363314733364
94,103515,rh,mcgs_db,0,278,211,464,2.333,0.294,0.101,0.015,1,0.2,0.155128553509712,0.640547156333923,0.0863035395741463,0.466615527868271,12.4281970560601
95,103515,rh,mcgs_mb,0,691,489,1045,2.406,0.342,0.097,0.016,3,0.6,0.505642771720886,0.969775319099426,0.281307101249695,0.481277167797089,10.9251998518918
96,103515,rh,mcgs_sb,0,NA,NA,NA,NA,NA,NA,NA,NA,NA,NA,NA,NA,NA,NA
97,103818,lh,mcgs_db,0,112,86,206,2.179,0.262,0.1,0.008,1,0,-0.00671059731394053,0.600672841072083,-0.00356715056113899,0.43581947684288,8.06153800460336
98,103818,lh,mcgs_mb,0,376,278,594,2.399,0.305,0.108,0.016,2,0.2,0.268164485692978,0.974687039852142,0.142548143863678,0.479793131351471,13.2194287520948
99,103818,lh,mcgs_sb,0,42,33,110,2.838,0.228,0.099,0.039,0,0,0.289733648300171,0.373469322919846,0.154013633728027,0.567644596099854,6.99650979948329
100,103818,rh,mcgs_db,0,181,130,311,2.38,0.307,0.089,0.011,1,0.1,0.201853841543198,0.905813336372375,0.109014235436916,0.476028352975845,10.0605490404732
101,103818,rh,mcgs_mb,0,692,508,1093,2.384,0.313,0.089,0.01,2,0.3,0.451665371656418,1.24136197566986,0.243928760290146,0.476853340864182,12.6212716878715
102,103818,rh,mcgs_sb,0,NA,NA,NA,NA,NA,NA,NA,NA,NA,NA,NA,NA,NA,NA
103,104416,lh,mcgs_db,0,274,200,466,2.162,0.406,0.113,0.016,1,0.1,0.32204669713974,0.939085423946381,0.169687122106552,0.432339817285538,11.9506276100082
104,104416,lh,mcgs_mb,0,949,660,1227,2.119,0.321,0.092,0.012,4,0.5,0.645952224731445,1.44829785823822,0.340353667736053,0.423755168914795,18.9318289925786
105,104416,lh,mcgs_sb,0,61,46,137,2.859,0.511,0.1,0.019,0,0,0.351722776889801,0.692233204841614,0.185323521494865,0.571870386600494,11.9961352470229
106,104416,rh,mcgs_db,0,NA,NA,NA,NA,NA,NA,NA,NA,NA,NA,NA,NA,NA,NA
107,104416,rh,mcgs_mb,0,515,370,707,2.184,0.39,0.117,0.016,4,0.3,0.426880538463593,1.12941265106201,0.221470594406128,0.436863481998444,12.7422525607662
108,104416,rh,mcgs_sb,0,133,115,317,2.882,0.506,0.153,0.03,1,0.2,0.457789033651352,0.806944251060486,0.23750627040863,0.576343417167664,6.71584160168419
109,104820,lh,mcgs_db,0,214,154,317,2.187,0.268,0.094,0.016,1,0.1,0.1738411039114,1.03717935085297,0.0990116447210312,0.437448292970657,11.5092212539843
110,104820,lh,mcgs_mb,0,953,656,1246,2.127,0.34,0.089,0.011,4,0.4,0.479621469974518,1.28227639198303,0.273169606924057,0.425350487232208,13.754102659981
111,104820,lh,mcgs_sb,0,NA,NA,NA,NA,NA,NA,NA,NA,NA,NA,NA,NA,NA,NA
112,104820,rh,mcgs_db,0,NA,NA,NA,NA,NA,NA,NA,NA,NA,NA,NA,NA,NA,NA
113,104820,rh,mcgs_mb,0,1033,725,1421,2.189,0.366,0.103,0.015,5,0.7,0.55807638168335,1.19975996017456,0.31322056055069,0.437736004590988,12.7966204934327
114,104820,rh,mcgs_sb,0,68,56,179,3.277,0.288,0.187,0.031,1,0.1,0.0242790300399065,0.182215258479118,0.0136266127228737,0.655402421951294,2.55567810148703
115,105014,lh,mcgs_db,0,598,452,935,2.221,0.318,0.108,0.019,3,0.5,0.320580780506134,1.20715522766113,0.157139837741852,0.444240093231201,14.4810406785396
116,105014,lh,mcgs_mb,0,760,514,1119,2.407,0.322,0.096,0.013,3,0.4,0.513436138629913,1.47404050827026,0.251672148704529,0.481408298015594,17.3423845256915
117,105014,lh,mcgs_sb,0,61,44,139,2.484,0.294,0.125,0.014,0,0,0.372032880783081,0.689356863498688,0.182360231876373,0.496886849403381,14.1640817497407
118,105014,rh,mcgs_db,0,NA,NA,NA,NA,NA,NA,NA,NA,NA,NA,NA,NA,NA,NA
119,105014,rh,mcgs_mb,0,527,394,821,2.236,0.273,0.104,0.012,3,0.3,0.479050695896149,1.21396398544312,0.254139512777328,0.447269916534424,12.2264301059826
120,105014,rh,mcgs_sb,0,43,35,91,2.994,0.238,0.145,0.03,0,0,0.428618997335434,0.774220407009125,0.227385148406029,0.598791718482971,6.31436186966874
121,105115,lh,mcgs_db,0,159,123,318,2.527,0.238,0.073,0.01,0,0.1,0.20086881518364,0.781342566013336,0.111048683524132,0.505367577075958,12.3619524666061
122,105115,lh,mcgs_mb,0,1067,731,1561,2.435,0.369,0.099,0.014,5,0.7,0.534895777702332,1.35337817668915,0.295712828636169,0.487007230520248,16.2052873368715
123,105115,lh,mcgs_sb,0,35,26,112,2.854,0.334,0.122,0.027,0,0,0.440473049879074,0.605873823165894,0.243511959910393,0.570775866508484,12.3758010540202
124,105115,rh,mcgs_db,0,240,174,392,2.452,0.378,0.127,0.022,2,0.2,-0.043089184910059,0.482265025377274,-0.0223599746823311,0.490467727184296,5.17533740969515
125,105115,rh,mcgs_mb,0,638,457,1006,2.409,0.395,0.11,0.015,4,0.5,0.483305066823959,1.18203735351562,0.250798165798187,0.481808930635452,12.784273620018
126,105115,rh,mcgs_sb,0,15,11,42,4.002,0.231,0.136,0.033,0,0,0.28995144367218,0.400824904441833,0.150462478399277,0.800472021102905,4.80731934250998
127,105216,lh,mcgs_db,0,92,66,159,2.213,0.333,0.077,0.007,0,0,0.00107525486964732,0.404316127300262,0.000575615442357957,0.442698150873184,10.2683272321337
128,105216,lh,mcgs_mb,0,1115,761,1507,2.223,0.343,0.082,0.01,4,0.5,0.459072172641754,1.1954425573349,0.245754197239876,0.44452691078186,15.9923426698493
129,105216,lh,mcgs_sb,0,35,25,69,2.855,0.174,0.087,0.014,0,0,0.404701888561249,0.527492582798004,0.216648250818253,0.57102108001709,6.67894737989237
130,105216,rh,mcgs_db,0,304,220,457,2.307,0.201,0.074,0.011,1,0.2,0.329489171504974,0.816006660461426,0.177975952625275,0.461472362279892,10.4824170163545
131,105216,rh,mcgs_mb,0,1035,725,1439,2.246,0.254,0.09,0.01,4,0.5,0.560155928134918,1.30446219444275,0.302572280168533,0.44914299249649,16.1549156142883
132,105216,rh,mcgs_sb,0,56,40,124,2.948,0.191,0.092,0.018,0,0,0.335692405700684,0.560223877429962,0.181326702237129,0.589644432067871,5.84757627664597
133,105620,lh,mcgs_db,0,NA,NA,NA,NA,NA,NA,NA,NA,NA,NA,NA,NA,NA,NA
134,105620,lh,mcgs_mb,0,933,664,1274,2.134,0.347,0.092,0.011,4,0.4,0.438068985939026,1.23618960380554,0.239722445607185,0.426873415708542,15.8597020021427
135,105620,lh,mcgs_sb,0,99,73,195,2.475,0.285,0.131,0.03,1,0.1,0.553560256958008,0.826501309871674,0.302922189235687,0.495057493448257,12.8216255390565
136,105620,rh,mcgs_db,0,204,140,244,1.861,0.381,0.1,0.015,1,0.2,0.456217139959335,0.97939133644104,0.250773698091507,0.37222221493721,9.40915543911595
137,105620,rh,mcgs_mb,0,555,423,780,2.117,0.364,0.106,0.014,3,0.4,0.333089530467987,1.0969398021698,0.183092847466469,0.423414885997772,12.8937685094711
138,105620,rh,mcgs_sb,0,20,17,57,2.567,0.259,0.114,0.023,0,0,0.4820356965065,0.612721383571625,0.264965653419495,0.513463318347931,6.9602850988368
139,106016,lh,mcgs_db,0,NA,NA,NA,NA,NA,NA,NA,NA,NA,NA,NA,NA,NA,NA
140,106016,lh,mcgs_mb,0,1259,870,1695,2.159,0.376,0.089,0.011,5,0.7,0.526054859161377,1.23721420764923,0.286832451820374,0.431836634874344,14.1956894790437
141,106016,lh,mcgs_sb,0,NA,NA,NA,NA,NA,NA,NA,NA,NA,NA,NA,NA,NA,NA
142,106016,rh,mcgs_db,0,NA,NA,NA,NA,NA,NA,NA,NA,NA,NA,NA,NA,NA,NA
143,106016,rh,mcgs_mb,0,575,413,771,2.061,0.341,0.1,0.017,2,0.4,0.434037566184998,1.14689207077026,0.226170912384987,0.412273049354553,13.4988358098953
144,106016,rh,mcgs_sb,0,136,107,277,2.437,0.313,0.143,0.028,1,0.2,0.544419348239899,0.949421942234039,0.283689320087433,0.487436532974243,7.25858552392591
145,106319,lh,mcgs_db,0,199,153,342,2.12,0.372,0.119,0.015,1,0.1,0.247176975011826,0.955956757068634,0.137355118989944,0.424027800559998,12.4556149939126
146,106319,lh,mcgs_mb,0,624,452,846,2.235,0.314,0.099,0.017,2,0.5,0.464965969324112,1.17931962013245,0.258379489183426,0.446967929601669,15.4324818207998
147,106319,lh,mcgs_sb,0,116,88,188,2.338,0.323,0.128,0.027,1,0.1,0.480123847723007,0.826887428760529,0.26680263876915,0.467572301626205,9.79738682269652
148,106319,rh,mcgs_db,0,121,95,213,2.369,0.259,0.091,0.01,0,0.1,0.12934298813343,0.526253700256348,0.0679729431867599,0.473756909370422,7.59487925126463
149,106319,rh,mcgs_mb,0,930,690,1349,2.192,0.359,0.097,0.015,4,0.7,0.4288589656353,1.30219542980194,0.225375950336456,0.438411056995392,13.7532760374433
150,106319,rh,mcgs_sb,0,82,64,170,2.463,0.262,0.125,0.02,1,0.1,0.479070991277695,0.771459937095642,0.251763641834259,0.492635130882263,9.01793128557852
151,106521,lh,mcgs_db,0,156,122,321,2.584,0.441,0.141,0.028,1,0.2,0.392234921455383,0.976576805114746,0.210532993078232,0.516719341278076,9.43074630766121
152,106521,lh,mcgs_mb,0,973,718,1257,1.981,0.465,0.096,0.013,4,0.6,0.584785401821136,1.41041910648346,0.313884854316711,0.396191239356995,15.9199314989133
153,106521,lh,mcgs_sb,0,51,40,150,3.236,0.641,0.136,0.02,0,0,0.33063143491745,0.592954397201538,0.177467182278633,0.647165477275848,11.946369122617
154,106521,rh,mcgs_db,0,150,98,199,2.199,0.443,0.102,0.019,1,0.1,0.0884379222989082,0.568052351474762,0.0474336855113506,0.439885139465332,9.194931437483
155,106521,rh,mcgs_mb,0,1502,1093,2169,2.208,0.526,0.102,0.017,7,1.2,0.572723150253296,1.44992291927338,0.307180136442184,0.441511660814285,16.7950113092215
156,106521,rh,mcgs_sb,0,71,52,137,2.468,0.384,0.152,0.039,1,0.1,0.235786437988281,0.615953087806702,0.126464068889618,0.493605107069016,7.21429915033986
157,107018,lh,mcgs_db,0,NA,NA,NA,NA,NA,NA,NA,NA,NA,NA,NA,NA,NA,NA
158,107018,lh,mcgs_mb,0,994,701,1420,2.257,0.453,0.093,0.014,4,0.5,0.461524069309235,1.2597793340683,0.245080202817917,0.45141065120697,13.1944565142992
159,107018,lh,mcgs_sb,0,104,79,200,2.379,0.357,0.117,0.021,1,0.1,0.436815410852432,0.82337087392807,0.231959342956543,0.475763469934464,7.59073985035366
160,107018,rh,mcgs_db,0,188,151,365,2.417,0.37,0.127,0.028,1,0.2,-0.0129363583400846,0.537179231643677,-0.00641152216121554,0.483382046222687,6.61596203297404
161,107018,rh,mcgs_mb,0,266,192,418,2.418,0.295,0.113,0.023,2,0.2,0.127255842089653,0.598332345485687,0.0630706027150154,0.483558833599091,6.77960767063402
162,107018,rh,mcgs_sb,0,54,40,100,2.506,0.239,0.117,0.016,0,0,0.362366735935211,0.631274461746216,0.179596394300461,0.501176953315735,8.54729093264988
163,107220,lh,mcgs_db,0,141,103,235,2.188,0.365,0.092,0.014,0,0.1,-0.0144875776022673,0.365435689687729,-0.00807714834809303,0.437552392482758,10.1440995117887
164,107220,lh,mcgs_mb,0,937,657,1315,2.396,0.438,0.095,0.013,4,0.6,0.516893148422241,1.24189019203186,0.288179665803909,0.479294747114182,14.6440347794052
165,107220,lh,mcgs_sb,0,84,66,193,2.692,0.368,0.113,0.013,0,0.1,0.567935824394226,0.895517766475677,0.316637188196182,0.538386940956116,10.6225808719184
166,107220,rh,mcgs_db,0,NA,NA,NA,NA,NA,NA,NA,NA,NA,NA,NA,NA,NA,NA
167,107220,rh,mcgs_mb,0,1169,831,1785,2.387,0.309,0.089,0.012,4,0.6,0.445720732212067,1.12307107448578,0.243565410375595,0.477320820093155,13.4091788304077
168,107220,rh,mcgs_sb,0,46,37,94,2.734,0.179,0.114,0.021,0,0,0.526547610759735,0.709588885307312,0.287733525037766,0.546846985816956,9.10813265930114
169,107321,lh,mcgs_db,0,148,114,235,2.053,0.278,0.073,0.007,0,0.1,0.248139306902885,0.578973412513733,0.125583156943321,0.410513758659363,10.200678675753
170,107321,lh,mcgs_mb,0,842,599,1078,2.051,0.35,0.106,0.015,4,0.6,0.594047367572784,1.30963528156281,0.300647050142288,0.410148710012436,14.8480347641004
171,107321,lh,mcgs_sb,0,NA,NA,NA,NA,NA,NA,NA,NA,NA,NA,NA,NA,NA,NA
172,107321,rh,mcgs_db,0,NA,NA,NA,NA,NA,NA,NA,NA,NA,NA,NA,NA,NA,NA
173,107321,rh,mcgs_mb,0,723,518,908,1.998,0.315,0.111,0.02,4,0.7,0.365548759698868,1.21973252296448,0.177984744310379,0.399593949317932,13.0275867017664
174,107321,rh,mcgs_sb,0,119,93,259,2.86,0.434,0.12,0.025,1,0.1,0.478130042552948,0.859607636928558,0.232800230383873,0.571947157382965,7.91364395822079
175,107422,lh,mcgs_db,0,139,106,225,1.831,0.442,0.131,0.017,1,0.1,0.288615524768829,0.597726583480835,0.149625986814499,0.366102397441864,10.5077774399605
176,107422,lh,mcgs_mb,0,748,518,967,2.12,0.349,0.104,0.014,4,0.5,0.515573441982269,1.40194344520569,0.267287015914917,0.424095034599304,17.2644072872297
177,107422,lh,mcgs_sb,0,94,71,222,2.79,0.378,0.108,0.023,0,0.1,0.414765506982803,0.655720114707947,0.215025499463081,0.558011591434479,12.7488908012397
178,107422,rh,mcgs_db,0,954,697,1396,2.136,0.345,0.106,0.017,5,0.7,0.405680149793625,1.10293459892273,0.202509790658951,0.427188396453857,13.6525969278712
179,107422,rh,mcgs_mb,0,843,595,1265,2.361,0.484,0.105,0.019,4,0.7,0.554164707660675,1.16626739501953,0.27663117647171,0.472123742103577,12.7993712113595
180,107422,rh,mcgs_sb,0,NA,NA,NA,NA,NA,NA,NA,NA,NA,NA,NA,NA,NA,NA
181,107725,lh,mcgs_db,0,NA,NA,NA,NA,NA,NA,NA,NA,NA,NA,NA,NA,NA,NA
182,107725,lh,mcgs_mb,0,1438,996,1930,2.14,0.319,0.088,0.013,5,0.8,0.508052229881287,1.23918747901917,0.279623180627823,0.428079158067703,13.6145909616631
183,107725,lh,mcgs_sb,0,NA,NA,NA,NA,NA,NA,NA,NA,NA,NA,NA,NA,NA,NA
184,107725,rh,mcgs_db,0,NA,NA,NA,NA,NA,NA,NA,NA,NA,NA,NA,NA,NA,NA
185,107725,rh,mcgs_mb,0,951,665,1219,2.166,0.295,0.097,0.013,5,0.5,0.475265562534332,1.25091648101807,0.239128619432449,0.4332095682621,13.5927539336591
186,107725,rh,mcgs_sb,0,53,38,100,2.352,0.221,0.068,0.008,0,0,0.513293445110321,0.639692068099976,0.258262246847153,0.470468282699585,9.52309009466015
187,108121,lh,mcgs_db,0,332,236,439,2.123,0.287,0.103,0.012,2,0.2,0.433955132961273,1.13880491256714,0.220606863498688,0.424687206745148,14.4367691655513
188,108121,lh,mcgs_mb,0,743,506,1054,2.404,0.296,0.106,0.018,4,0.6,0.574806153774261,1.46457672119141,0.2922103703022,0.480788230895996,14.3319609843642
189,108121,lh,mcgs_sb,0,95,66,169,2.689,0.293,0.112,0.019,0,0.1,0.392636299133301,0.789356052875519,0.1996019333601,0.537702977657318,10.2731176265473
190,108121,rh,mcgs_db,0,168,116,255,2.275,0.17,0.071,0.012,0,0.1,0.0963459387421608,0.375081092119217,0.0490117184817791,0.454957515001297,7.97297847651234
191,108121,rh,mcgs_mb,0,731,525,1096,2.362,0.303,0.106,0.016,4,0.6,0.461858034133911,1.07144522666931,0.234949767589569,0.472459822893143,12.9782427092707
192,108121,rh,mcgs_sb,0,55,52,133,2.589,0.3,0.134,0.01,0,0,0.533377230167389,0.756274521350861,0.271332025527954,0.517825722694397,9.45371013797052
193,108222,lh,mcgs_db,0,NA,NA,NA,NA,NA,NA,NA,NA,NA,NA,NA,NA,NA,NA
194,108222,lh,mcgs_mb,0,1207,874,1614,2.101,0.328,0.1,0.014,5,0.7,0.491226375102997,1.20671474933624,0.27973347902298,0.420205295085907,14.53172906175
195,108222,lh,mcgs_sb,0,198,160,431,2.77,0.476,0.133,0.023,1,0.2,0.310246556997299,0.657577097415924,0.17667281627655,0.554068684577942,8.90875825872782
196,108222,rh,mcgs_db,0,226,160,317,1.996,0.317,0.109,0.012,1,0.2,0.251869738101959,0.759522020816803,0.136082977056503,0.399233728647232,8.94541047215351
197,108222,rh,mcgs_mb,0,664,470,823,2.044,0.33,0.109,0.022,3,0.7,0.350720524787903,1.03246426582336,0.18949119746685,0.408789068460464,13.1739318023957
198,108222,rh,mcgs_sb,0,136,117,285,2.316,0.32,0.147,0.031,1,0.2,0.41970220208168,0.676325559616089,0.226761370897293,0.463215112686157,7.56663052304825
199,108323,lh,mcgs_db,0,137,98,204,2.144,0.306,0.117,0.014,1,0.1,0.207048133015633,0.653714656829834,0.112268969416618,0.428761959075928,10.30967260127
200,108323,lh,mcgs_mb,0,652,467,984,2.361,0.319,0.101,0.015,3,0.4,0.55014181137085,1.26364481449127,0.298306703567505,0.47229078412056,14.3711199392912
201,108323,lh,mcgs_sb,0,NA,NA,NA,NA,NA,NA,NA,NA,NA,NA,NA,NA,NA,NA
202,108323,rh,mcgs_db,0,NA,NA,NA,NA,NA,NA,NA,NA,NA,NA,NA,NA,NA,NA
203,108323,rh,mcgs_mb,0,827,575,1181,2.4,0.424,0.09,0.012,3,0.5,0.571897149085999,1.23181593418121,0.303353279829025,0.480032026767731,14.6784900182649
204,108323,rh,mcgs_sb,0,47,37,114,2.75,0.162,0.098,0.032,0,0,0.471478670835495,0.780634105205536,0.250088006258011,0.550035238265991,11.9937069157981
205,108525,lh,mcgs_db,0,NA,NA,NA,NA,NA,NA,NA,NA,NA,NA,NA,NA,NA,NA
206,108525,lh,mcgs_mb,0,1149,822,1654,2.261,0.453,0.098,0.014,5,0.8,0.456535845994949,1.21584141254425,0.248928412795067,0.452291965484619,14.6844452829036
207,108525,lh,mcgs_sb,0,NA,NA,NA,NA,NA,NA,NA,NA,NA,NA,NA,NA,NA,NA
208,108525,rh,mcgs_db,0,NA,NA,NA,NA,NA,NA,NA,NA,NA,NA,NA,NA,NA,NA
209,108525,rh,mcgs_mb,0,1168,835,1691,2.279,0.389,0.095,0.012,4,0.7,0.516917526721954,1.17016494274139,0.283598154783249,0.455757975578308,13.6316957984852
210,108525,rh,mcgs_sb,0,74,62,218,3.05,0.298,0.151,0.033,1,0.1,0.20308880507946,0.527942597866058,0.111421287059784,0.610026061534882,5.0678266515031
211,108828,lh,mcgs_db,0,318,218,501,2.496,0.296,0.131,0.031,2,0.4,0.30439493060112,0.701314806938171,0.164364412426949,0.4991155564785,9.98892969996641
212,108828,lh,mcgs_mb,0,632,444,878,2.185,0.329,0.105,0.015,3,0.4,0.506665110588074,1.19439768791199,0.273584425449371,0.437010765075684,14.8806379286356
213,108828,lh,mcgs_sb,0,112,82,197,2.679,0.299,0.155,0.04,1,0.2,0.665692746639252,1.15699136257172,0.359454691410065,0.535844147205353,11.96431179817
214,108828,rh,mcgs_db,0,NA,NA,NA,NA,NA,NA,NA,NA,NA,NA,NA,NA,NA,NA
215,108828,rh,mcgs_mb,0,846,602,1200,2.217,0.374,0.093,0.011,4,0.4,0.451176553964615,1.41183793544769,0.247675359249115,0.443400591611862,14.5979031099576
216,108828,rh,mcgs_sb,0,183,135,418,3.091,0.354,0.136,0.034,1,0.3,0.423726767301559,0.976364493370056,0.232606694102287,0.618245124816895,8.18342487457684
217,109123,lh,mcgs_db,0,345,260,550,2.216,0.315,0.096,0.011,1,0.3,0.462210178375244,0.949661433696747,0.252763241529465,0.443250477313995,13.4947756971235
218,109123,lh,mcgs_mb,0,821,570,1118,2.316,0.413,0.106,0.019,4,0.7,0.422828435897827,1.38710403442383,0.231227040290833,0.463143348693848,16.2502641229449
219,109123,lh,mcgs_sb,0,85,71,237,3.245,0.518,0.167,0.037,1,0.1,0.415605694055557,0.71173894405365,0.227277219295502,0.649066925048828,11.1901558124109
220,109123,rh,mcgs_db,0,87,62,124,2.094,0.283,0.079,0.008,0,0,-0.135130062699318,0.244906052947044,-0.073711171746254,0.418827265501022,4.92719547708452
221,109123,rh,mcgs_mb,0,1023,720,1413,2.213,0.383,0.092,0.012,4,0.5,0.601438760757446,1.44700825214386,0.328074663877487,0.442546844482422,16.5718605107416
222,109123,rh,mcgs_sb,0,102,66,181,2.432,0.579,0.095,0.022,0,0.1,0.232502728700638,0.637129127979279,0.126826301217079,0.486335515975952,5.15626635126088
223,109325,lh,mcgs_db,0,183,120,283,2.509,0.316,0.062,0.012,0,0.1,0.369006395339966,0.934802949428558,0.218207776546478,0.501837730407715,11.4042269930632
224,109325,lh,mcgs_mb,0,821,570,1153,2.403,0.425,0.102,0.014,4,0.5,0.450990438461304,1.16900634765625,0.266688138246536,0.480664759874344,14.2676342197766
225,109325,lh,mcgs_sb,0,99,75,229,2.903,0.411,0.102,0.018,1,0,0.238853827118874,0.671297788619995,0.141243502497673,0.580620586872101,9.66423002947615
226,109325,rh,mcgs_db,0,192,148,383,2.655,0.381,0.1,0.016,1,0.1,0.251670479774475,0.718408346176147,0.14393462240696,0.531070172786713,8.52475273100896
227,109325,rh,mcgs_mb,0,960,683,1450,2.483,0.327,0.095,0.012,4,0.6,0.426160901784897,1.20009517669678,0.243728637695312,0.496629118919373,13.7273425983088
228,109325,rh,mcgs_sb,0,49,42,186,4.077,0.569,0.171,0.043,0,0.1,0.330853700637817,0.601727187633514,0.189220830798149,0.81538587808609,11.5477318524953
229,109830,lh,mcgs_db,0,NA,NA,NA,NA,NA,NA,NA,NA,NA,NA,NA,NA,NA,NA
230,109830,lh,mcgs_mb,0,855,626,1195,2.181,0.375,0.102,0.014,4,0.6,0.491543740034103,1.19903302192688,0.258905857801437,0.436211198568344,14.7760051829829
231,109830,lh,mcgs_sb,0,63,45,112,2.912,0.313,0.131,0.019,1,0,0.455795139074326,0.68474006652832,0.240076318383217,0.582330465316772,9.32974825050249
232,109830,rh,mcgs_db,0,NA,NA,NA,NA,NA,NA,NA,NA,NA,NA,NA,NA,NA,NA
233,109830,rh,mcgs_mb,0,1002,713,1341,2.105,0.343,0.103,0.017,5,0.8,0.594286739826202,1.31501376628876,0.316973567008972,0.420910805463791,13.4742911530028
234,109830,rh,mcgs_sb,0,89,69,163,2.273,0.322,0.105,0.025,0,0,0.424341470003128,0.748199820518494,0.226330146193504,0.454572021961212,8.03317329844961
235,110007,lh,mcgs_db,0,NA,NA,NA,NA,NA,NA,NA,NA,NA,NA,NA,NA,NA,NA
236,110007,lh,mcgs_mb,0,830,603,1226,2.227,0.325,0.107,0.014,5,0.6,0.443531632423401,1.19195556640625,0.240614399313927,0.445363759994507,12.5701725749765
237,110007,lh,mcgs_sb,0,NA,NA,NA,NA,NA,NA,NA,NA,NA,NA,NA,NA,NA,NA
238,110007,rh,mcgs_db,0,432,305,602,2.124,0.314,0.115,0.019,2,0.4,0.219466313719749,0.735793352127075,0.113928616046906,0.424867659807205,13.080215760048
239,110007,rh,mcgs_mb,0,759,538,1132,2.418,0.308,0.111,0.018,4,0.7,0.47438657283783,1.08529210090637,0.246262013912201,0.483636856079102,11.4530588011058
240,110007,rh,mcgs_sb,0,74,56,137,2.516,0.343,0.098,0.012,0,0,0.532943725585938,0.710455536842346,0.276659995317459,0.503160119056702,7.69563146987496
241,110411,lh,mcgs_db,0,NA,NA,NA,NA,NA,NA,NA,NA,NA,NA,NA,NA,NA,NA
242,110411,lh,mcgs_mb,0,1146,801,1532,2.132,0.323,0.094,0.014,5,0.8,0.587562501430511,1.33830678462982,0.318284124135971,0.42635190486908,14.6662703084529
243,110411,lh,mcgs_sb,0,169,118,252,2.289,0.313,0.112,0.02,1,0.1,0.298784971237183,0.498122960329056,0.161852598190308,0.457705169916153,7.75304932252086
244,110411,rh,mcgs_db,0,225,167,385,2.356,0.347,0.121,0.02,2,0.2,-0.0391247645020485,0.627382457256317,-0.0209381226450205,0.471270471811295,5.09620819075802
245,110411,rh,mcgs_mb,0,794,586,1135,2.104,0.395,0.104,0.017,4,0.6,0.508435487747192,1.29032278060913,0.272095888853073,0.420814037322998,13.2879989214578
246,110411,rh,mcgs_sb,0,107,73,164,2.233,0.39,0.138,0.027,1,0.2,0.29627537727356,0.628266394138336,0.158555626869202,0.446581840515137,5.66587592154541
247,110613,lh,mcgs_db,0,NA,NA,NA,NA,NA,NA,NA,NA,NA,NA,NA,NA,NA,NA
248,110613,lh,mcgs_mb,0,707,519,974,2.006,0.412,0.102,0.012,3,0.4,0.394920170307159,1.19073581695557,0.221076279878616,0.401281803846359,15.9578531052119
249,110613,lh,mcgs_sb,0,76,61,195,2.929,0.241,0.105,0.02,0,0,0.316143780946732,0.679224193096161,0.176977261900902,0.585724294185638,9.82337615840529
250,110613,rh,mcgs_db,0,NA,NA,NA,NA,NA,NA,NA,NA,NA,NA,NA,NA,NA,NA
251,110613,rh,mcgs_mb,0,1216,898,1797,2.257,0.551,0.097,0.012,5,0.7,0.513358950614929,1.26106333732605,0.282985597848892,0.451336264610291,14.6992420366452
252,110613,rh,mcgs_sb,0,NA,NA,NA,NA,NA,NA,NA,NA,NA,NA,NA,NA,NA,NA
253,112920,lh,mcgs_db,0,NA,NA,NA,NA,NA,NA,NA,NA,NA,NA,NA,NA,NA,NA
254,112920,lh,mcgs_mb,0,856,610,1143,2.135,0.285,0.094,0.012,4,0.4,0.475675314664841,1.31897640228271,0.266421109437943,0.42697486281395,17.2813778196499
255,112920,lh,mcgs_sb,0,114,85,224,2.772,0.45,0.11,0.022,1,0.1,0.293840020895004,0.640516877174377,0.164576917886734,0.554335653781891,7.8971536041748
256,112920,rh,mcgs_db,0,525,391,763,2.135,0.341,0.108,0.014,3,0.4,0.10059330612421,0.657061517238617,0.0534403398633003,0.427003592252731,10.9932650406979
257,112920,rh,mcgs_mb,0,695,483,945,2.304,0.369,0.1,0.012,3,0.4,0.559958457946777,1.32773673534393,0.297478765249252,0.460753917694092,14.5407591391899
258,112920,rh,mcgs_sb,0,183,135,336,2.679,0.369,0.119,0.028,1,0.2,0.499678552150726,1.03909397125244,0.265454977750778,0.535763084888458,8.4776236251102
259,114924,lh,mcgs_db,0,NA,NA,NA,NA,NA,NA,NA,NA,NA,NA,NA,NA,NA,NA
260,114924,lh,mcgs_mb,0,1066,765,1435,2.178,0.355,0.094,0.014,4,0.6,0.506994128227234,1.24063527584076,0.277453154325485,0.435511767864227,14.7072018148831
261,114924,lh,mcgs_sb,0,82,70,184,2.492,0.256,0.143,0.023,0,0.1,0.473392426967621,0.792218923568726,0.259064584970474,0.498440265655518,9.2968800991269
262,114924,rh,mcgs_db,0,170,124,291,2.296,0.411,0.116,0.018,1,0.1,0.194844171404839,0.745643258094788,0.106865212321281,0.459212809801102,7.85275921784785
263,114924,rh,mcgs_mb,0,1106,771,1538,2.333,0.373,0.092,0.013,5,0.7,0.582842826843262,1.31526029109955,0.319668918848038,0.466512352228165,12.9883546146824
264,114924,rh,mcgs_sb,0,44,36,118,2.948,0.297,0.12,0.025,0,0,0.4154272377491,0.595846354961395,0.227847322821617,0.589557409286499,8.65065267232988
265,120111,lh,mcgs_db,0,572,398,740,1.957,0.232,0.088,0.008,2,0.2,0.411267936229706,1.19884252548218,0.235873028635979,0.391349792480469,15.4851914972465
266,120111,lh,mcgs_mb,0,698,477,945,2.247,0.287,0.076,0.009,2,0.3,0.676305115222931,1.40328180789948,0.387878865003586,0.449426680803299,17.9704279768517
267,120111,lh,mcgs_sb,0,102,77,211,2.838,0.237,0.106,0.015,0,0.1,0.286321341991425,0.662779569625854,0.164212808012962,0.567578017711639,9.71502436311589
268,120111,rh,mcgs_db,0,90,70,150,2.236,0.253,0.111,0.017,1,0.1,0.117656700313091,0.522085666656494,0.0639366135001183,0.447225958108902,9.30333601707284
269,120111,rh,mcgs_mb,0,973,666,1318,2.211,0.34,0.093,0.014,4,0.6,0.593627631664276,1.29842281341553,0.322587132453918,0.442258983850479,14.8227135320775
270,120111,rh,mcgs_sb,0,109,90,202,2.313,0.322,0.113,0.022,0,0.1,0.4471076130867,0.907365024089813,0.24296572804451,0.462650895118713,9.69499729051251
271,128127,lh,mcgs_db,0,614,454,798,2.02,0.273,0.099,0.014,3,0.4,0.448371201753616,1.22983133792877,0.232883468270302,0.40406921505928,15.173993062468
272,128127,lh,mcgs_mb,0,539,374,695,2.185,0.311,0.115,0.015,4,0.3,0.645849168300629,1.33763539791107,0.335453361272812,0.437092036008835,15.642953429756
273,128127,lh,mcgs_sb,0,95,70,168,2.481,0.339,0.123,0.023,1,0.1,0.40940997004509,0.802334547042847,0.212647065520287,0.496239483356476,10.2488719263336
274,128127,rh,mcgs_db,0,NA,NA,NA,NA,NA,NA,NA,NA,NA,NA,NA,NA,NA,NA
275,128127,rh,mcgs_mb,0,783,580,1102,2.203,0.375,0.119,0.018,5,0.7,0.416892260313034,1.20561599731445,0.222111418843269,0.440608352422714,11.7346018203818
276,128127,rh,mcgs_sb,0,NA,NA,NA,NA,NA,NA,NA,NA,NA,NA,NA,NA,NA,NA
277,133928,lh,mcgs_db,0,362,255,482,1.985,0.227,0.096,0.012,2,0.2,0.326975017786026,0.867313385009766,0.163818717002869,0.396909356117249,11.4974384020011
278,133928,lh,mcgs_mb,0,708,495,898,2.08,0.305,0.103,0.015,3,0.5,0.568273067474365,1.33662104606628,0.284712135791779,0.415911138057709,16.3831218720382
279,133928,lh,mcgs_sb,0,28,20,54,2.509,0.27,0.099,0.024,0,0,0.358230084180832,0.611476421356201,0.179477900266647,0.501807808876038,6.27345063968868
280,133928,rh,mcgs_db,0,NA,NA,NA,NA,NA,NA,NA,NA,NA,NA,NA,NA,NA,NA
281,133928,rh,mcgs_mb,0,770,549,1033,2.102,0.337,0.089,0.012,3,0.4,0.654514908790588,1.39969873428345,0.322365164756775,0.420482993125916,17.0596530830361
282,133928,rh,mcgs_sb,0,NA,NA,NA,NA,NA,NA,NA,NA,NA,NA,NA,NA,NA,NA
283,144125,lh,mcgs_db,0,NA,NA,NA,NA,NA,NA,NA,NA,NA,NA,NA,NA,NA,NA
284,144125,lh,mcgs_mb,0,476,360,765,2.294,0.377,0.13,0.025,3,0.6,0.303020596504211,1.03872621059418,0.162311851978302,0.458701819181442,11.7567662066568
285,144125,lh,mcgs_sb,0,139,107,208,2.119,0.308,0.143,0.027,1,0.2,0.642103374004364,1.06015598773956,0.343940228223801,0.423858106136322,11.6719676445401
286,144125,rh,mcgs_db,0,NA,NA,NA,NA,NA,NA,NA,NA,NA,NA,NA,NA,NA,NA
287,144125,rh,mcgs_mb,0,811,590,1149,2.129,0.368,0.102,0.016,3,0.6,0.467297285795212,1.17455172538757,0.256583333015442,0.425745993852615,14.1761984393975
288,144125,rh,mcgs_sb,0,225,169,401,2.421,0.344,0.112,0.027,1,0.2,0.39211642742157,0.789646148681641,0.2153030782938,0.484112679958344,8.95145756814999
289,146937,lh,mcgs_db,0,NA,NA,NA,NA,NA,NA,NA,NA,NA,NA,NA,NA,NA,NA
290,146937,lh,mcgs_mb,0,664,464,908,2.101,0.327,0.112,0.018,4,0.6,0.45421040058136,1.17401337623596,0.227628022432327,0.420166343450546,15.1610150820549
291,146937,lh,mcgs_sb,0,41,31,74,3.116,0.433,0.093,0.028,0,0,0.69035267829895,0.929848492145538,0.345970988273621,0.623184025287628,12.1530081651566
292,146937,rh,mcgs_db,0,NA,NA,NA,NA,NA,NA,NA,NA,NA,NA,NA,NA,NA,NA
293,146937,rh,mcgs_mb,0,662,465,920,2.126,0.292,0.11,0.018,4,0.5,0.40852490067482,1.25489366054535,0.217812344431877,0.425170063972473,13.2877444902099
294,146937,rh,mcgs_sb,0,98,72,167,2.374,0.427,0.127,0.028,0,0.1,0.581068933010101,0.90741902589798,0.309807300567627,0.474829226732254,11.7289946916703
295,151425,lh,mcgs_db,0,NA,NA,NA,NA,NA,NA,NA,NA,NA,NA,NA,NA,NA,NA
296,151425,lh,mcgs_mb,0,447,344,700,2.108,0.309,0.116,0.013,3,0.3,0.41809818148613,1.04477679729462,0.239774331450462,0.421500593423843,12.130871653394
297,151425,lh,mcgs_sb,0,NA,NA,NA,NA,NA,NA,NA,NA,NA,NA,NA,NA,NA,NA
298,151425,rh,mcgs_db,0,NA,NA,NA,NA,NA,NA,NA,NA,NA,NA,NA,NA,NA,NA
299,151425,rh,mcgs_mb,0,590,443,885,2.207,0.311,0.096,0.013,3,0.2,0.321025252342224,1.15814065933228,0.178318560123444,0.441330015659332,12.3790033198191
300,151425,rh,mcgs_sb,0,135,94,226,2.327,0.237,0.113,0.018,1,0.1,0.501128852367401,0.839208006858826,0.278359919786453,0.465336948633194,6.34874156914244
301,151829,lh,mcgs_db,0,NA,NA,NA,NA,NA,NA,NA,NA,NA,NA,NA,NA,NA,NA
302,151829,lh,mcgs_mb,0,584,419,819,2.203,0.371,0.105,0.017,3,0.4,0.338608175516129,1.13154315948486,0.178005009889603,0.440576434135437,14.1526979978936
303,151829,lh,mcgs_sb,0,63,43,103,2.609,0.499,0.116,0.022,0,0.1,0.62474262714386,0.943282902240753,0.328424781560898,0.521849632263184,11.2733898763406
304,151829,rh,mcgs_db,0,336,241,495,2.275,0.315,0.097,0.018,1,0.2,0.21918722987175,0.911192536354065,0.114495471119881,0.455038964748383,10.0602246942893
305,151829,rh,mcgs_mb,0,537,370,768,2.323,0.367,0.095,0.016,2,0.4,0.740482091903687,1.1887503862381,0.386800974607468,0.464685946702957,12.7259937086342
306,151829,rh,mcgs_sb,0,NA,NA,NA,NA,NA,NA,NA,NA,NA,NA,NA,NA,NA,NA
307,164939,lh,mcgs_db,0,NA,NA,NA,NA,NA,NA,NA,NA,NA,NA,NA,NA,NA,NA
308,164939,lh,mcgs_mb,0,626,460,845,1.954,0.381,0.121,0.021,4,0.7,0.454083561897278,0.928987622261047,0.21892186999321,0.390776634216309,13.0473549143655
309,164939,lh,mcgs_sb,0,32,25,86,2.73,0.316,0.189,0.03,1,0,0.350615203380585,0.622223079204559,0.169037908315659,0.545905590057373,7.73505974908672
310,164939,rh,mcgs_db,0,NA,NA,NA,NA,NA,NA,NA,NA,NA,NA,NA,NA,NA,NA
311,164939,rh,mcgs_mb,0,995,722,1378,2.062,0.395,0.103,0.015,5,0.7,0.469940513372421,1.22007644176483,0.224825263023376,0.412417411804199,12.5998428100109
312,164939,rh,mcgs_sb,0,NA,NA,NA,NA,NA,NA,NA,NA,NA,NA,NA,NA,NA,NA
313,168240,lh,mcgs_db,0,NA,NA,NA,NA,NA,NA,NA,NA,NA,NA,NA,NA,NA,NA
314,168240,lh,mcgs_mb,0,618,453,837,2.044,0.378,0.103,0.017,3,0.5,0.400468587875366,1.14525520801544,0.231859773397446,0.408820450305939,15.7017971002689
315,168240,lh,mcgs_sb,0,195,136,331,2.444,0.348,0.131,0.026,1,0.3,0.340168029069901,0.590573966503143,0.196947485208511,0.488807171583176,9.11859750252431
316,168240,rh,mcgs_db,0,142,103,235,2.288,0.302,0.096,0.015,0,0.1,0.246676102280617,0.672294437885284,0.133847266435623,0.45755672454834,8.00677904690398
317,168240,rh,mcgs_mb,0,679,476,891,2.121,0.333,0.09,0.014,3,0.4,0.599645495414734,1.3288049697876,0.325369596481323,0.424153357744217,16.4137764282113
318,168240,rh,mcgs_sb,0,41,30,102,2.692,0.416,0.126,0.045,0,0.1,0.474241197109222,0.64026939868927,0.25732484459877,0.538417100906372,9.18606018090168
319,176744,lh,mcgs_db,0,721,507,970,2.129,0.343,0.105,0.016,4,0.6,0.558035016059875,1.1295759677887,0.313702791929245,0.425795823335648,14.5773904742931
320,176744,lh,mcgs_mb,0,649,454,905,2.172,0.377,0.107,0.022,3,0.7,0.586929678916931,1.13614153862,0.329946100711823,0.434435933828354,14.6481640869299
321,176744,lh,mcgs_sb,0,188,137,304,2.427,0.282,0.131,0.023,1,0.2,0.567722618579865,1.06335806846619,0.319148778915405,0.485454529523849,12.4841585902958
322,176744,rh,mcgs_db,0,NA,NA,NA,NA,NA,NA,NA,NA,NA,NA,NA,NA,NA,NA
323,176744,rh,mcgs_mb,0,956,677,1342,2.207,0.349,0.096,0.015,4,0.7,0.506391942501068,1.17259800434113,0.281032413244247,0.441419064998627,15.6205907380792
324,176744,rh,mcgs_sb,0,NA,NA,NA,NA,NA,NA,NA,NA,NA,NA,NA,NA,NA,NA
325,180937,lh,mcgs_db,0,NA,NA,NA,NA,NA,NA,NA,NA,NA,NA,NA,NA,NA,NA
326,180937,lh,mcgs_mb,0,1292,935,1717,1.889,0.397,0.096,0.014,5,0.8,0.487892597913742,1.33761751651764,0.269260227680206,0.377808570861816,16.7957924187517
327,180937,lh,mcgs_sb,0,36,34,78,1.943,0.22,0.158,0.017,0,0,0.441775172948837,0.691962838172913,0.243808776140213,0.388540923595428,9.84386198659205
328,180937,rh,mcgs_db,0,NA,NA,NA,NA,NA,NA,NA,NA,NA,NA,NA,NA,NA,NA
329,180937,rh,mcgs_mb,0,745,563,999,1.871,0.304,0.1,0.014,3,0.5,0.29400709271431,1.16312074661255,0.156951501965523,0.374284386634827,12.8998572873221
330,180937,rh,mcgs_sb,0,41,30,83,2.044,0.481,0.133,0.018,0,0,0.489426016807556,0.683137536048889,0.261273115873337,0.408710330724716,7.39483414469787
331,185947,lh,mcgs_db,0,139,101,224,2.075,0.251,0.104,0.011,1,0.1,0.0873644575476646,0.539941728115082,0.0527675561606884,0.415033429861069,8.46583524070103
332,185947,lh,mcgs_mb,0,706,503,914,2.115,0.366,0.102,0.013,3,0.5,0.561596751213074,1.26326262950897,0.339200675487518,0.422993212938309,15.1035490861619
333,185947,lh,mcgs_sb,0,93,70,202,2.441,0.266,0.101,0.024,1,0,0.437669903039932,0.822041809558868,0.264349728822708,0.488184869289398,12.9784117707718
334,185947,rh,mcgs_db,0,236,178,384,2.143,0.354,0.094,0.014,1,0.1,0.0595539137721062,0.504593193531036,0.0333372540771961,0.428559571504593,8.49110367158077
335,185947,rh,mcgs_mb,0,943,678,1351,2.301,0.423,0.103,0.016,5,0.7,0.564823627471924,1.13836693763733,0.316178470849991,0.460137844085693,12.7589653557862
336,185947,rh,mcgs_sb,0,90,72,221,2.711,0.277,0.177,0.044,1,0.2,0.152766287326813,0.40642437338829,0.0855159237980843,0.542248427867889,6.60536330531058
337,214019,lh,mcgs_db,0,NA,NA,NA,NA,NA,NA,NA,NA,NA,NA,NA,NA,NA,NA
338,214019,lh,mcgs_mb,0,891,629,1246,2.13,0.261,0.091,0.011,3,0.5,0.458170592784882,1.23631846904755,0.273039549589157,0.426018059253693,15.4900430710727
339,214019,lh,mcgs_sb,0,21,18,57,2.648,0.118,0.124,0.026,0,0,0.614410877227783,0.745960295200348,0.366148561239243,0.529574751853943,9.86325731759485
340,214019,rh,mcgs_db,0,134,98,239,2.332,0.313,0.104,0.012,1,0.1,0.0101489340886474,0.518353164196014,0.00540470378473401,0.466387271881104,5.55547814143072
341,214019,rh,mcgs_mb,0,747,544,1038,2.154,0.362,0.105,0.016,4,0.5,0.460608065128326,1.18229687213898,0.24529179930687,0.430768519639969,12.5204428594929
342,214019,rh,mcgs_sb,0,93,71,185,2.664,0.221,0.122,0.013,1,0,0.661368846893311,1.01696264743805,0.3522047996521,0.532772362232208,11.0900855665099
343,268749,lh,mcgs_db,0,457.0,314.0,657.0,2.255,0.357,0.094,0.017,2.0,0.3,0.27104079723358200,1.0952743291854900,0.14763545989990200,0.4509775936603550,13.4317063624299
344,268749,lh,mcgs_mb,0,661,492,963,2.195,0.41,0.114,0.018,4,0.5,0.472797632217407,1.17990481853485,0.257532060146332,0.438962340354919,15.4377529797474
345,268749,lh,mcgs_sb,0,86,68,151,2.237,0.292,0.133,0.018,1,0.1,0.46851509809494,0.813255190849304,0.255199372768402,0.447371542453766,9.7833064499286
346,268749,rh,mcgs_db,0,376,263,521,2.069,0.316,0.099,0.012,2,0.2,0.234624341130257,1.09157013893127,0.120693497359753,0.413731098175049,14.7661045614339
347,268749,rh,mcgs_mb,0,1061,751,1548,2.342,0.431,0.108,0.021,5,1,0.652724862098694,1.40645027160645,0.335769295692444,0.468435049057007,16.6656259480871
348,268749,rh,mcgs_sb,0,130,96,220,2.58,0.35,0.122,0.033,1,0.2,0.580759048461914,0.963580369949341,0.298749178647995,0.515990972518921,11.3828246411896
349,365343,lh,mcgs_db,0,455,325,583,1.975,0.276,0.091,0.011,2,0.3,0.411753386259079,1.012770652771,0.225423693656921,0.394952386617661,15.125455700172
350,365343,lh,mcgs_mb,0,604,403,853,2.361,0.26,0.074,0.008,2,0.2,0.591541111469269,1.32233536243439,0.3238525390625,0.472102373838425,16.4213773882384
351,365343,lh,mcgs_sb,0,82,76,220,2.621,0.308,0.121,0.03,1,0,0.416717022657394,0.781150877475739,0.228141129016876,0.524209201335907,13.9960927586664
352,365343,rh,mcgs_db,0,114,82,206,2.561,0.257,0.112,0.016,1,0.1,0.380958050489426,0.783651173114777,0.198007181286812,0.512283504009247,8.40940131579486
353,365343,rh,mcgs_mb,0,754,552,1087,2.238,0.378,0.106,0.013,4,0.5,0.505152881145477,1.33473718166351,0.262558788061142,0.447541177272797,14.8911781481437
354,365343,rh,mcgs_sb,0,166,116,298,2.581,0.372,0.126,0.022,1,0.2,0.529472768306732,0.871841907501221,0.275199323892593,0.516166687011719,7.45666161748244
355,380036,lh,mcgs_db,0,NA,NA,NA,NA,NA,NA,NA,NA,NA,NA,NA,NA,NA,NA
356,380036,lh,mcgs_mb,0,1022,753,1502,2.205,0.348,0.095,0.016,4,0.7,0.441275268793106,1.1895843744278,0.250805586576462,0.440932363271713,13.8864721412875
357,380036,lh,mcgs_sb,0,74,58,162,2.882,0.469,0.153,0.027,1,0.1,0.208323389291763,0.550769865512848,0.118403784930706,0.576433002948761,8.7759885436001
358,380036,rh,mcgs_db,0,163,129,282,2.172,0.306,0.085,0.012,0,0.1,0.138541698455811,0.544241070747375,0.0763713121414185,0.434436947107315,8.02146762148308
359,380036,rh,mcgs_mb,0,992,709,1376,2.212,0.428,0.096,0.013,4,0.6,0.607307434082031,1.47270023822784,0.334779113531113,0.44241127371788,15.137891653294
360,380036,rh,mcgs_sb,0,27,17,42,2.678,0.183,0.123,0.04,0,0,0.476324468851089,0.725331604480743,0.262574583292007,0.535697817802429,12.3553807121503
361,517239,lh,mcgs_db,0,243,176,384,2.122,0.375,0.071,0.009,0,0.1,0.123716682195663,0.646814107894897,0.0708843842148781,0.424460232257843,11.4314624619807
362,517239,lh,mcgs_mb,0,1119,784,1530,2.224,0.386,0.087,0.011,4,0.6,0.606222033500671,1.25325775146484,0.347339361906052,0.444836109876633,17.0249035182582
363,517239,lh,mcgs_sb,0,NA,NA,NA,NA,NA,NA,NA,NA,NA,NA,NA,NA,NA,NA
364,517239,rh,mcgs_db,0,NA,NA,NA,NA,NA,NA,NA,NA,NA,NA,NA,NA,NA,NA
365,517239,rh,mcgs_mb,0,704,502,992,2.205,0.317,0.098,0.013,3,0.4,0.480388045310974,1.2638863325119,0.261597812175751,0.441056936979294,14.8481560889709
366,517239,rh,mcgs_sb,0,80,65,210,2.781,0.361,0.128,0.017,1,0,0.331993192434311,0.710450410842896,0.180788606405258,0.556113481521606,9.49042263296801
367,522434,lh,mcgs_db,0,597,454,841,2.077,0.293,0.111,0.021,3,0.5,0.436432749032974,1.15619850158691,0.248509496450424,0.415459394454956,14.1315482852523
368,522434,lh,mcgs_mb,0,596,422,811,2.067,0.356,0.108,0.016,3,0.5,0.560911655426025,1.23645555973053,0.319389045238495,0.413381397724152,13.7245036209657
369,522434,lh,mcgs_sb,0,NA,NA,NA,NA,NA,NA,NA,NA,NA,NA,NA,NA,NA,NA
370,522434,rh,mcgs_db,0,235,179,337,2.014,0.293,0.123,0.014,1,0.2,0.192866817116737,0.757457137107849,0.108561940491199,0.402736335992813,10.0854606205046
371,522434,rh,mcgs_mb,0,867,607,1080,2.049,0.414,0.105,0.018,5,0.6,0.556431889533997,1.23789918422699,0.313207507133484,0.409729212522507,13.3992707930228
372,522434,rh,mcgs_sb,0,111,87,206,2.315,0.263,0.097,0.02,0,0.1,0.632108330726624,0.929134130477905,0.355804711580276,0.463062018156052,10.2881916835554
373,531536,lh,mcgs_db,0,NA,NA,NA,NA,NA,NA,NA,NA,NA,NA,NA,NA,NA,NA
374,531536,lh,mcgs_mb,0,1120,811,1599,2.264,0.286,0.091,0.01,4,0.5,0.621183037757874,1.54588210582733,0.328480571508408,0.452747732400894,17.622721575417
375,531536,lh,mcgs_sb,0,82,54,164,2.738,0.269,0.09,0.015,0,0.1,0.361776798963547,0.717349767684937,0.191306993365288,0.547586798667908,14.2312323564003
376,531536,rh,mcgs_db,0,NA,NA,NA,NA,NA,NA,NA,NA,NA,NA,NA,NA,NA,NA
377,531536,rh,mcgs_mb,0,897,654,1281,2.164,0.378,0.096,0.013,4,0.5,0.471560508012772,1.53106367588043,0.249214738607407,0.432846009731293,17.9332598181395
378,531536,rh,mcgs_sb,0,150,105,259,2.492,0.414,0.126,0.027,1,0.2,0.682153344154358,1.16167998313904,0.360510855913162,0.498370260000229,12.6172982526941
379,566454,lh,mcgs_db,0,561,399,881,2.504,0.346,0.107,0.015,3,0.3,0.235158696770668,1.14542937278748,0.134278267621994,0.500729620456696,12.7337446699571
380,566454,lh,mcgs_mb,0,471,320,674,2.732,0.349,0.123,0.023,3,0.5,0.593870759010315,1.20682382583618,0.339106976985931,0.546328783035278,13.6729649234683
381,566454,lh,mcgs_sb,0,84,57,169,3.299,0.384,0.129,0.03,1,0.1,0.55951339006424,0.980361104011536,0.319488495588303,0.659709453582764,12.7817531873088
382,566454,rh,mcgs_db,0,NA,NA,NA,NA,NA,NA,NA,NA,NA,NA,NA,NA,NA,NA
383,566454,rh,mcgs_mb,0,1081,774,1675,2.525,0.357,0.102,0.014,5,0.7,0.53177398443222,1.34524631500244,0.28703835606575,0.505089938640594,13.3582355733693
384,566454,rh,mcgs_sb,0,44,34,109,2.848,0.215,0.084,0.016,0,0,0.350146561861038,0.501033306121826,0.18900041282177,0.569694578647614,8.67973604975613
385,585256,lh,mcgs_db,0,NA,NA,NA,NA,NA,NA,NA,NA,NA,NA,NA,NA,NA,NA
386,585256,lh,mcgs_mb,0,988,745,1524,2.258,0.343,0.097,0.013,4,0.6,0.507416844367981,1.38320922851562,0.262388825416565,0.451589554548264,17.0656182580526
387,585256,lh,mcgs_sb,0,133,93,237,2.558,0.459,0.143,0.041,1,0.3,0.416653394699097,0.770253241062164,0.215454429388046,0.511641979217529,8.67432970725766
388,585256,rh,mcgs_db,0,NA,NA,NA,NA,NA,NA,NA,NA,NA,NA,NA,NA,NA,NA
389,585256,rh,mcgs_mb,0,1045,764,1556,2.221,0.408,0.092,0.014,4,0.7,0.485654085874557,1.37997961044312,0.259561628103256,0.444170206785202,16.0101659450744
390,585256,rh,mcgs_sb,0,51,42,163,3.09,0.325,0.173,0.053,1,0,0.226217195391655,0.665232598781586,0.120903573930264,0.618005812168121,9.07996325511534
391,622236,lh,mcgs_db,0,NA,NA,NA,NA,NA,NA,NA,NA,NA,NA,NA,NA,NA,NA
392,622236,lh,mcgs_mb,0,833,587,1192,2.292,0.293,0.098,0.011,4,0.4,0.466900855302811,1.12285053730011,0.251203238964081,0.458405822515488,14.4329841224734
393,622236,lh,mcgs_sb,0,58,50,136,2.49,0.206,0.081,0.013,0,0,0.516291081905365,0.651539266109467,0.277776330709457,0.497907966375351,11.0591800441734
394,622236,rh,mcgs_db,0,NA,NA,NA,NA,NA,NA,NA,NA,NA,NA,NA,NA,NA,NA
395,622236,rh,mcgs_mb,0,1029,752,1420,2.038,0.421,0.103,0.013,5,0.6,0.491674482822418,1.42393040657043,0.252650678157806,0.407693952322006,13.8364623928866
396,622236,rh,mcgs_sb,0,75,51,193,3.215,0.418,0.12,0.025,1,0.1,0.166906610131264,0.409913837909698,0.0857662111520767,0.643055379390717,5.34992566106746
397,644044,lh,mcgs_db,0,178,130,277,1.986,0.355,0.101,0.014,1,0.1,0.103150188922882,0.754412174224854,0.057775754481554,0.397137403488159,10.776499693005
398,644044,lh,mcgs_mb,0,1151,831,1532,2.079,0.324,0.088,0.013,4,0.7,0.58054506778717,1.36355626583099,0.325170814990997,0.415886223316193,16.5223787184033
399,644044,lh,mcgs_sb,0,156,109,283,2.291,0.397,0.087,0.013,0,0.1,0.576609909534454,0.933282136917114,0.322966694831848,0.458113700151443,10.7878023306628
400,644044,rh,mcgs_db,0,303,212,388,1.847,0.274,0.08,0.009,1,0.1,0.20796425640583,0.682517051696777,0.118148550391197,0.369341433048248,11.4617799219875
401,644044,rh,mcgs_mb,0,562,406,678,1.885,0.233,0.109,0.017,3,0.4,0.579637706279755,1.23395109176636,0.329303503036499,0.376945406198502,16.0938393438662
402,644044,rh,mcgs_sb,0,74,56,136,2.283,0.215,0.096,0.042,0,0,0.65074211359024,1.02314901351929,0.369699358940125,0.456539511680603,12.7775956791567
403,679770,lh,mcgs_db,0,NA,NA,NA,NA,NA,NA,NA,NA,NA,NA,NA,NA,NA,NA
404,679770,lh,mcgs_mb,0,1560,1099,2286,2.307,0.367,0.095,0.014,6,1,0.543733477592468,1.35282385349274,0.303651720285416,0.461378663778305,16.3478134600859
405,679770,lh,mcgs_sb,0,128,99,300,3.089,0.363,0.148,0.043,1,0.2,0.336007952690125,0.579489350318909,0.187645971775055,0.617838621139526,7.72726944554925
406,679770,rh,mcgs_db,0,NA,NA,NA,NA,NA,NA,NA,NA,NA,NA,NA,NA,NA,NA
407,679770,rh,mcgs_mb,0,1061,758,1638,2.474,0.332,0.091,0.013,4,0.6,0.532122075557709,1.34150230884552,0.296051621437073,0.494879603385925,15.7943930365076
408,679770,rh,mcgs_sb,0,67,48,159,3.055,0.226,0.099,0.022,0,0,0.538083791732788,0.883297383785248,0.299368470907211,0.611091613769531,8.30938153762701
409,687163,lh,mcgs_db,0,156,106,292,2.716,0.416,0.082,0.014,0,0.1,0.182285144925117,0.596356093883514,0.102369084954262,0.54325532913208,9.65536364424899
410,687163,lh,mcgs_mb,0,706,500,899,2.168,0.361,0.105,0.013,4,0.4,0.483285963535309,1.21965444087982,0.271407395601273,0.433571964502335,15.1872942190038
411,687163,lh,mcgs_sb,0,126,86,209,2.613,0.317,0.097,0.013,1,0.1,0.47115832567215,0.87559562921524,0.264596670866013,0.522634148597717,9.73528382263185
412,687163,rh,mcgs_db,0,399,291,575,2.154,0.288,0.103,0.016,2,0.3,0.185967952013016,0.821077823638916,0.101572975516319,0.430885016918182,11.1729955268959
413,687163,rh,mcgs_mb,0,523,367,714,2.19,0.323,0.11,0.017,3,0.4,0.422713786363602,1.17670822143555,0.230880126357079,0.4380062520504,13.9358139186691
414,687163,rh,mcgs_sb,0,90,72,199,2.382,0.304,0.132,0.017,1,0.1,0.281294941902161,0.643668532371521,0.153639182448387,0.476413637399673,9.10771312713537
415,867468,lh,mcgs_db,0,NA,NA,NA,NA,NA,NA,NA,NA,NA,NA,NA,NA,NA,NA
416,867468,lh,mcgs_mb,0,1047,743,1431,2.202,0.387,0.113,0.021,6,1.1,0.540129244327545,1.28299045562744,0.291165232658386,0.440359383821487,14.3442379512454
417,867468,lh,mcgs_sb,0,133,96,260,2.738,0.326,0.101,0.018,1,0.1,0.438499510288239,0.83808434009552,0.23638017475605,0.547539591789246,9.65286771786296
418,867468,rh,mcgs_db,0,173,120,229,2.162,0.268,0.1,0.014,1,0.1,0.27134445309639,0.775374591350555,0.140517890453339,0.432452857494354,10.0427986733706
419,867468,rh,mcgs_mb,0,1130,779,1514,2.175,0.301,0.099,0.017,5,0.9,0.524470388889313,1.24624228477478,0.271601170301437,0.435083895921707,14.9521261861564
420,867468,rh,mcgs_sb,0,NA,NA,NA,NA,NA,NA,NA,NA,NA,NA,NA,NA,NA,NA
421,910241,lh,mcgs_db,0,NA,NA,NA,NA,NA,NA,NA,NA,NA,NA,NA,NA,NA,NA
422,910241,lh,mcgs_mb,0,1012,716,1413,2.239,0.36,0.098,0.014,4,0.6,0.558024764060974,1.34074735641479,0.307505995035172,0.44784340262413,15.8056824941198
423,910241,lh,mcgs_sb,0,118,83,207,2.384,0.373,0.115,0.025,1,0.1,0.460257977247238,0.887312233448029,0.253630459308624,0.476702868938446,8.10150519126825
424,910241,rh,mcgs_db,0,NA,NA,NA,NA,NA,NA,NA,NA,NA,NA,NA,NA,NA,NA
425,910241,rh,mcgs_mb,0,1025,712,1370,2.213,0.297,0.101,0.012,5,0.6,0.582943916320801,1.35334897041321,0.309865355491638,0.442579507827759,14.5424582821119
426,910241,rh,mcgs_sb,0,152,103,261,2.611,0.409,0.141,0.03,1,0.2,0.419820517301559,0.693481624126434,0.223156705498695,0.522266387939453,7.67649990297195
427,959574,lh,mcgs_db,0,NA,NA,NA,NA,NA,NA,NA,NA,NA,NA,NA,NA,NA,NA
428,959574,lh,mcgs_mb,0,931,681,1292,2.166,0.381,0.104,0.014,5,0.5,0.47257137298584,1.18744933605194,0.265423774719238,0.433283299207687,14.2928082218545
429,959574,lh,mcgs_sb,0,128,89,175,2.307,0.461,0.134,0.031,1,0.2,0.713112592697144,1.12567400932312,0.400525808334351,0.461321830749512,12.7751681275038
430,959574,rh,mcgs_db,0,NA,NA,NA,NA,NA,NA,NA,NA,NA,NA,NA,NA,NA,NA
431,959574,rh,mcgs_mb,0,826,604,1192,2.242,0.535,0.108,0.016,4,0.7,0.49560222029686,1.14960992336273,0.274534314870834,0.448452204465866,12.0829732259868
432,959574,rh,mcgs_sb,0,177,129,274,2.334,0.352,0.107,0.024,1,0.2,0.650359272956848,1.00953078269958,0.36026057600975,0.466748505830765,11.961469526749