"","sub","label","sulcal_width_mm","hemi"
"1",100206,"mcgs",2.32130222752418,"lh"
"2",100307,"mcgs",2.28723782752698,"lh"
"3",100408,"mcgs",2.19276439593382,"lh"
"4",100610,"mcgs",2.1954576715902,"lh"
"5",101006,"mcgs",2.01372940856595,"lh"
"6",101107,"mcgs",1.40646239504162,"lh"
"7",101309,"mcgs",0.9996359293357,"lh"
"8",101410,"mcgs",1.66189592553473,"lh"
"9",101915,"mcgs",2.05844335122283,"lh"
"10",102008,"mcgs",1.72039287498227,"lh"
"11",102311,"mcgs",1.62432188534823,"lh"
"12",102513,"mcgs",2.07975294723665,"lh"
"13",102816,"mcgs",1.68080178954327,"lh"
"14",103111,"mcgs",1.73471117209755,"lh"
"15",103414,"mcgs",1.59962357715989,"lh"
"16",103515,"mcgs",1.85684702657697,"lh"
"17",103818,"mcgs",1.28306830663399,"lh"
"18",104416,"mcgs",2.10938372088144,"lh"
"19",104820,"mcgs",1.66811054361242,"lh"
"20",105014,"mcgs",1.46573627572674,"lh"
"21",105115,"mcgs",1.55068711877629,"lh"
"22",105216,"mcgs",1.75535103817398,"lh"
"23",105620,"mcgs",1.81163701693585,"lh"
"24",106016,"mcgs",2.6932752900333,"lh"
"25",106319,"mcgs",1.96392156691767,"lh"
"26",106521,"mcgs",2.22070154092823,"lh"
"27",107018,"mcgs",2.00224182975802,"lh"
"28",107220,"mcgs",2.16028264679523,"lh"
"29",107321,"mcgs",1.7075131723916,"lh"
"30",107422,"mcgs",1.94955146411014,"lh"
"31",107725,"mcgs",2.09416220325041,"lh"
"32",108121,"mcgs",1.51099871258515,"lh"
"33",108222,"mcgs",2.09572863080515,"lh"
"34",108323,"mcgs",1.9593537522283,"lh"
"35",108525,"mcgs",2.09037643784808,"lh"
"36",108828,"mcgs",0.876929787299704,"lh"
"37",109123,"mcgs",1.90723309951014,"lh"
"38",109325,"mcgs",1.45662834579221,"lh"
"39",109830,"mcgs",1.75273881081965,"lh"
"40",110007,"mcgs",1.34616692556934,"lh"
"41",110411,"mcgs",1.84810158212934,"lh"
"42",110613,"mcgs",2.04878608442395,"lh"
"43",112920,"mcgs",1.31870646658592,"lh"
"44",114924,"mcgs",2.14585063845389,"lh"
"45",120111,"mcgs",1.80510532014426,"lh"
"46",128127,"mcgs",1.50896897864796,"lh"
"47",133928,"mcgs",2.07987047253154,"lh"
"48",144125,"mcgs",1.58554841627273,"lh"
"49",146937,"mcgs",1.62635280189394,"lh"
"50",151425,"mcgs",1.90275507043103,"lh"
"51",151829,"mcgs",1.48212382574929,"lh"
"52",164939,"mcgs",1.42116370824662,"lh"
"53",168240,"mcgs",1.8319118761751,"lh"
"54",176744,"mcgs",1.60077689128776,"lh"
"55",180937,"mcgs",2.96673561329271,"lh"
"56",185947,"mcgs",2.2963063670275,"lh"
"57",214019,"mcgs",1.65457094687015,"lh"
"58",268749,"mcgs",2.10246275314167,"lh"
"59",365343,"mcgs",2.83853913928709,"lh"
"60",380036,"mcgs",2.15572953898139,"lh"
"61",517239,"mcgs",2.23712689692251,"lh"
"62",522434,"mcgs",1.90897291263676,"lh"
"63",531536,"mcgs",1.76333394659512,"lh"
"64",566454,"mcgs",1.24575716023339,"lh"
"65",585256,"mcgs",2.17303188071016,"lh"
"66",622236,"mcgs",1.48050029207292,"lh"
"67",644044,"mcgs",2.58653385418366,"lh"
"68",679770,"mcgs",1.93680163949163,"lh"
"69",687163,"mcgs",2.15235799812681,"lh"
"70",867468,"mcgs",1.91603961645474,"lh"
"71",910241,"mcgs",1.6984675715832,"lh"
"72",959574,"mcgs",2.35200111323279,"lh"
"73",100206,"pos",1.66917279573965,"lh"
"74",100307,"pos",1.58492468217597,"lh"
"75",100408,"pos",2.21227874503757,"lh"
"76",100610,"pos",1.3133731322285,"lh"
"77",101006,"pos",1.41356528136878,"lh"
"78",101107,"pos",1.51518151806943,"lh"
"79",101309,"pos",1.12080123015857,"lh"
"80",101410,"pos",1.80248212084426,"lh"
"81",101915,"pos",1.75071687002366,"lh"
"82",102008,"pos",1.72467717226315,"lh"
"83",102311,"pos",1.8993639057894,"lh"
"84",102513,"pos",1.62863104014332,"lh"
"85",102816,"pos",1.81094342188347,"lh"
"86",103111,"pos",1.36067469318466,"lh"
"87",103414,"pos",1.39440919717969,"lh"
"88",103515,"pos",1.5440585973228,"lh"
"89",103818,"pos",0.993431237010932,"lh"
"90",104416,"pos",1.24364555477905,"lh"
"91",104820,"pos",1.80208858522735,"lh"
"92",105014,"pos",1.39950366656834,"lh"
"93",105115,"pos",1.98592234832035,"lh"
"94",105216,"pos",1.66903693988527,"lh"
"95",105620,"pos",1.70080635610842,"lh"
"96",106016,"pos",1.8812660775619,"lh"
"97",106319,"pos",1.90681816328011,"lh"
"98",106521,"pos",1.92852038037009,"lh"
"99",107018,"pos",2.25449584925137,"lh"
"100",107220,"pos",1.66002873346386,"lh"
"101",107321,"pos",1.32667258017534,"lh"
"102",107422,"pos",2.28912416880766,"lh"
"103",107725,"pos",1.03924143164611,"lh"
"104",108121,"pos",1.65597730954645,"lh"
"105",108222,"pos",1.65320175954197,"lh"
"106",108323,"pos",1.12785483177316,"lh"
"107",108525,"pos",1.30887575845207,"lh"
"108",108828,"pos",2.42576608155523,"lh"
"109",109123,"pos",1.7062010005899,"lh"
"110",109325,"pos",2.18888383668031,"lh"
"111",109830,"pos",1.42494410769712,"lh"
"112",110007,"pos",1.48734772253683,"lh"
"113",110411,"pos",1.41679661908198,"lh"
"114",110613,"pos",2.23157063398914,"lh"
"115",112920,"pos",1.52345993445304,"lh"
"116",114924,"pos",2.87765266201584,"lh"
"117",120111,"pos",1.3010439471983,"lh"
"118",128127,"pos",2.16137227506361,"lh"
"119",133928,"pos",1.57766061546702,"lh"
"120",144125,"pos",1.3180890860929,"lh"
"121",146937,"pos",1.74259720308299,"lh"
"122",151425,"pos",1.57548342630054,"lh"
"123",151829,"pos",NA,"lh"
"124",164939,"pos",1.33160170981237,"lh"
"125",168240,"pos",2.10623739903723,"lh"
"126",176744,"pos",2.26063467599453,"lh"
"127",180937,"pos",2.22430929215222,"lh"
"128",185947,"pos",NA,"lh"
"129",214019,"pos",1.77308262346059,"lh"
"130",268749,"pos",1.62032940915566,"lh"
"131",365343,"pos",1.68824971031931,"lh"
"132",380036,"pos",1.79073118403951,"lh"
"133",517239,"pos",1.4644941361012,"lh"
"134",522434,"pos",1.92361289615897,"lh"
"135",531536,"pos",3.06218172601413,"lh"
"136",566454,"pos",1.85764103169768,"lh"
"137",585256,"pos",1.88144895124822,"lh"
"138",622236,"pos",1.38465476157921,"lh"
"139",644044,"pos",2.036273245305,"lh"
"140",679770,"pos",1.87506491899132,"lh"
"141",687163,"pos",1.55502591539607,"lh"
"142",867468,"pos",1.58270803136245,"lh"
"143",910241,"pos",1.44372214661536,"lh"
"144",959574,"pos",1.73738675681005,"lh"
"145",100206,"prcus_p",1.71609873530733,"lh"
"146",100307,"prcus_p",1.29174099918375,"lh"
"147",100408,"prcus_p",1.76528312966792,"lh"
"148",100610,"prcus_p",1.37526034360219,"lh"
"149",101006,"prcus_p",1.09102900324272,"lh"
"150",101107,"prcus_p",0.980496107869784,"lh"
"151",101309,"prcus_p",0.926241712800556,"lh"
"152",101410,"prcus_p",1.21868225392421,"lh"
"153",101915,"prcus_p",1.02207936550387,"lh"
"154",102008,"prcus_p",1.06226386219345,"lh"
"155",102311,"prcus_p",0.988503997992028,"lh"
"156",102513,"prcus_p",1.67474831054513,"lh"
"157",102816,"prcus_p",1.15416223389427,"lh"
"158",103111,"prcus_p",1.4626119832393,"lh"
"159",103414,"prcus_p",1.22440901783586,"lh"
"160",103515,"prcus_p",1.03477453360574,"lh"
"161",103818,"prcus_p",1.14280039225361,"lh"
"162",104416,"prcus_p",1.02119514011564,"lh"
"163",104820,"prcus_p",1.51295293645525,"lh"
"164",105014,"prcus_p",1.57916226285599,"lh"
"165",105115,"prcus_p",1.24768266293376,"lh"
"166",105216,"prcus_p",0.893537162595891,"lh"
"167",105620,"prcus_p",1.64350244595063,"lh"
"168",106016,"prcus_p",2.02487429898178,"lh"
"169",106319,"prcus_p",0.941178994825469,"lh"
"170",106521,"prcus_p",1.6324573306645,"lh"
"171",107018,"prcus_p",0.923496626093219,"lh"
"172",107220,"prcus_p",0.910023684845477,"lh"
"173",107321,"prcus_p",1.24847196142226,"lh"
"174",107422,"prcus_p",0.972081845406347,"lh"
"175",107725,"prcus_p",1.11147532854582,"lh"
"176",108121,"prcus_p",1.30712756146556,"lh"
"177",108222,"prcus_p",1.82109948721719,"lh"
"178",108323,"prcus_p",0.932461562410819,"lh"
"179",108525,"prcus_p",0.736197973900183,"lh"
"180",108828,"prcus_p",1.14836141674692,"lh"
"181",109123,"prcus_p",1.1341729484973,"lh"
"182",109325,"prcus_p",1.34073265023947,"lh"
"183",109830,"prcus_p",1.23520975619935,"lh"
"184",110007,"prcus_p",1.16098150018044,"lh"
"185",110411,"prcus_p",0.946967922499848,"lh"
"186",110613,"prcus_p",1.37458348253497,"lh"
"187",112920,"prcus_p",1.4071973468237,"lh"
"188",114924,"prcus_p",0.979908068910637,"lh"
"189",120111,"prcus_p",1.15018613932435,"lh"
"190",128127,"prcus_p",0.720497121974332,"lh"
"191",133928,"prcus_p",1.1098725420507,"lh"
"192",144125,"prcus_p",1.46267930303039,"lh"
"193",146937,"prcus_p",1.19159221716423,"lh"
"194",151425,"prcus_p",1.1576881372946,"lh"
"195",151829,"prcus_p",1.50055803804434,"lh"
"196",164939,"prcus_p",1.54789613221901,"lh"
"197",168240,"prcus_p",0.900751034203313,"lh"
"198",176744,"prcus_p",1.05046381327041,"lh"
"199",180937,"prcus_p",1.40799262764612,"lh"
"200",185947,"prcus_p",1.49248861526567,"lh"
"201",214019,"prcus_p",1.08004220093183,"lh"
"202",268749,"prcus_p",1.3576479774768,"lh"
"203",365343,"prcus_p",1.4503915201244,"lh"
"204",380036,"prcus_p",NA,"lh"
"205",517239,"prcus_p",1.27789420985922,"lh"
"206",522434,"prcus_p",0.854693863114235,"lh"
"207",531536,"prcus_p",1.12312668570202,"lh"
"208",566454,"prcus_p",0.975124352143033,"lh"
"209",585256,"prcus_p",1.37640344027613,"lh"
"210",622236,"prcus_p",0.886563208676457,"lh"
"211",644044,"prcus_p",1.20083927980498,"lh"
"212",679770,"prcus_p",1.21604490027583,"lh"
"213",687163,"prcus_p",1.67184913513133,"lh"
"214",867468,"prcus_p",1.19007271919006,"lh"
"215",910241,"prcus_p",1.41419930118062,"lh"
"216",959574,"prcus_p",1.96995693505725,"lh"
"217",100206,"prcus_i",1.64869569780543,"lh"
"218",100307,"prcus_i",1.15288892663399,"lh"
"219",100408,"prcus_i",1.11572406467571,"lh"
"220",100610,"prcus_i",1.26142330383303,"lh"
"221",101006,"prcus_i",1.28307543894212,"lh"
"222",101107,"prcus_i",0.9688355508058,"lh"
"223",101309,"prcus_i",0.868555957867567,"lh"
"224",101410,"prcus_i",1.14076319597401,"lh"
"225",101915,"prcus_i",1.25591431984022,"lh"
"226",102008,"prcus_i",1.68394999137869,"lh"
"227",102311,"prcus_i",1.15788855363132,"lh"
"228",102513,"prcus_i",1.31145432150517,"lh"
"229",102816,"prcus_i",1.09041840011785,"lh"
"230",103111,"prcus_i",1.2590516845787,"lh"
"231",103414,"prcus_i",1.29449592232575,"lh"
"232",103515,"prcus_i",0.737347879025356,"lh"
"233",103818,"prcus_i",0.653554123155872,"lh"
"234",104416,"prcus_i",1.10585084049128,"lh"
"235",104820,"prcus_i",0.781910212523195,"lh"
"236",105014,"prcus_i",1.06763476866747,"lh"
"237",105115,"prcus_i",1.56579695300559,"lh"
"238",105216,"prcus_i",1.20517499293716,"lh"
"239",105620,"prcus_i",1.38828451442313,"lh"
"240",106016,"prcus_i",1.35423885510948,"lh"
"241",106319,"prcus_i",1.65145530202865,"lh"
"242",106521,"prcus_i",1.06203921943283,"lh"
"243",107018,"prcus_i",1.38692161843431,"lh"
"244",107220,"prcus_i",1.07693522033783,"lh"
"245",107321,"prcus_i",1.51514213026881,"lh"
"246",107422,"prcus_i",0.957198751082829,"lh"
"247",107725,"prcus_i",1.11634975072658,"lh"
"248",108121,"prcus_i",1.13782231658827,"lh"
"249",108222,"prcus_i",1.39347395245504,"lh"
"250",108323,"prcus_i",0.869264375023964,"lh"
"251",108525,"prcus_i",0.938355082910672,"lh"
"252",108828,"prcus_i",1.29435494518569,"lh"
"253",109123,"prcus_i",1.02846893515761,"lh"
"254",109325,"prcus_i",1.45960659276149,"lh"
"255",109830,"prcus_i",1.06908638885345,"lh"
"256",110007,"prcus_i",0.657189057922379,"lh"
"257",110411,"prcus_i",1.47970194395756,"lh"
"258",110613,"prcus_i",1.29886782832744,"lh"
"259",112920,"prcus_i",1.18337072992702,"lh"
"260",114924,"prcus_i",1.00875356478252,"lh"
"261",120111,"prcus_i",1.15423126104847,"lh"
"262",128127,"prcus_i",1.43157803414341,"lh"
"263",133928,"prcus_i",1.03279869527742,"lh"
"264",144125,"prcus_i",1.19720388607456,"lh"
"265",146937,"prcus_i",NA,"lh"
"266",151425,"prcus_i",1.24896719773884,"lh"
"267",151829,"prcus_i",1.45347676401179,"lh"
"268",164939,"prcus_i",1.10685966282048,"lh"
"269",168240,"prcus_i",1.37643507352728,"lh"
"270",176744,"prcus_i",1.64721842443768,"lh"
"271",180937,"prcus_i",1.61512481995914,"lh"
"272",185947,"prcus_i",1.60410433105034,"lh"
"273",214019,"prcus_i",1.04647689946463,"lh"
"274",268749,"prcus_i",1.60880464691874,"lh"
"275",365343,"prcus_i",1.44884519663858,"lh"
"276",380036,"prcus_i",1.77343398060837,"lh"
"277",517239,"prcus_i",1.33264448022603,"lh"
"278",522434,"prcus_i",0.819342106654393,"lh"
"279",531536,"prcus_i",1.13554554758131,"lh"
"280",566454,"prcus_i",1.35346803795776,"lh"
"281",585256,"prcus_i",1.19174224222443,"lh"
"282",622236,"prcus_i",1.30248339763748,"lh"
"283",644044,"prcus_i",1.47427802645764,"lh"
"284",679770,"prcus_i",1.20968800692305,"lh"
"285",687163,"prcus_i",1.6612859593167,"lh"
"286",867468,"prcus_i",NA,"lh"
"287",910241,"prcus_i",1.01370911001222,"lh"
"288",959574,"prcus_i",0.938410751673833,"lh"
"289",100206,"prcus_a",0.936842432227927,"lh"
"290",100307,"prcus_a",0.834796696773281,"lh"
"291",100408,"prcus_a",1.46179554965297,"lh"
"292",100610,"prcus_a",1.47990313389767,"lh"
"293",101006,"prcus_a",1.45525693630196,"lh"
"294",101107,"prcus_a",1.48117282026805,"lh"
"295",101309,"prcus_a",1.35816588537199,"lh"
"296",101410,"prcus_a",1.1399636662626,"lh"
"297",101915,"prcus_a",1.51332758863418,"lh"
"298",102008,"prcus_a",1.86549864493385,"lh"
"299",102311,"prcus_a",1.60836751529548,"lh"
"300",102513,"prcus_a",1.70653903674047,"lh"
"301",102816,"prcus_a",0.731023584352008,"lh"
"302",103111,"prcus_a",1.2268224753359,"lh"
"303",103414,"prcus_a",1.05713703138664,"lh"
"304",103515,"prcus_a",1.91260446684872,"lh"
"305",103818,"prcus_a",1.03992990034455,"lh"
"306",104416,"prcus_a",1.53495042093229,"lh"
"307",104820,"prcus_a",0.836241362308584,"lh"
"308",105014,"prcus_a",0.876575445592938,"lh"
"309",105115,"prcus_a",0.94701614119781,"lh"
"310",105216,"prcus_a",0.971026653698723,"lh"
"311",105620,"prcus_a",1.23796017769524,"lh"
"312",106016,"prcus_a",0.66591162750389,"lh"
"313",106319,"prcus_a",NA,"lh"
"314",106521,"prcus_a",0.529270372652249,"lh"
"315",107018,"prcus_a",1.46119925776992,"lh"
"316",107220,"prcus_a",1.2097723766682,"lh"
"317",107321,"prcus_a",1.07409325987025,"lh"
"318",107422,"prcus_a",2.16506758139783,"lh"
"319",107725,"prcus_a",1.46534298312043,"lh"
"320",108121,"prcus_a",1.6215134874291,"lh"
"321",108222,"prcus_a",0.588368089397853,"lh"
"322",108323,"prcus_a",1.35074198583163,"lh"
"323",108525,"prcus_a",1.63427778433079,"lh"
"324",108828,"prcus_a",0.648007925860546,"lh"
"325",109123,"prcus_a",0.345772423549149,"lh"
"326",109325,"prcus_a",0.718682275911208,"lh"
"327",109830,"prcus_a",1.42561908647089,"lh"
"328",110007,"prcus_a",0.923404537821011,"lh"
"329",110411,"prcus_a",0.658765438944989,"lh"
"330",110613,"prcus_a",1.83948334640891,"lh"
"331",112920,"prcus_a",0.958200881213871,"lh"
"332",114924,"prcus_a",0.723470605817441,"lh"
"333",120111,"prcus_a",1.37474341243748,"lh"
"334",128127,"prcus_a",0.539876703056717,"lh"
"335",133928,"prcus_a",1.05790885923888,"lh"
"336",144125,"prcus_a",0.216065888435043,"lh"
"337",146937,"prcus_a",0.83699891011899,"lh"
"338",151425,"prcus_a",1.54822231439391,"lh"
"339",151829,"prcus_a",1.63304232089056,"lh"
"340",164939,"prcus_a",1.29006398993188,"lh"
"341",168240,"prcus_a",NA,"lh"
"342",176744,"prcus_a",1.52107730152406,"lh"
"343",180937,"prcus_a",1.6165776114239,"lh"
"344",185947,"prcus_a",1.23820573891839,"lh"
"345",214019,"prcus_a",0.455081392803574,"lh"
"346",268749,"prcus_a",0.9804276341047,"lh"
"347",365343,"prcus_a",2.04813458405483,"lh"
"348",380036,"prcus_a",1.3085112688854,"lh"
"349",517239,"prcus_a",1.22147855589885,"lh"
"350",522434,"prcus_a",1.29695475733701,"lh"
"351",531536,"prcus_a",1.96117627125073,"lh"
"352",566454,"prcus_a",1.02778070222996,"lh"
"353",585256,"prcus_a",1.41891571971241,"lh"
"354",622236,"prcus_a",1.2996803400998,"lh"
"355",644044,"prcus_a",1.22281237398547,"lh"
"356",679770,"prcus_a",1.18669130196706,"lh"
"357",687163,"prcus_a",1.3774457488767,"lh"
"358",867468,"prcus_a",1.30909988718384,"lh"
"359",910241,"prcus_a",1.6308493488088,"lh"
"360",959574,"prcus_a",1.02977081594165,"lh"
"361",100206,"prculs_d",1.86528388141708,"lh"
"362",100307,"prculs_d",1.41918374248078,"lh"
"363",100408,"prculs_d",1.02619009046463,"lh"
"364",100610,"prculs_d",1.47227563975748,"lh"
"365",101006,"prculs_d",2.0649369927816,"lh"
"366",101107,"prculs_d",1.87101747335127,"lh"
"367",101309,"prculs_d",1.21066890729801,"lh"
"368",101410,"prculs_d",1.34377522100108,"lh"
"369",101915,"prculs_d",1.26109123855179,"lh"
"370",102008,"prculs_d",2.31098243675668,"lh"
"371",102311,"prculs_d",1.81158232791244,"lh"
"372",102513,"prculs_d",1.63425364355451,"lh"
"373",102816,"prculs_d",1.31532072916845,"lh"
"374",103111,"prculs_d",1.28054011459291,"lh"
"375",103414,"prculs_d",1.75888109521512,"lh"
"376",103515,"prculs_d",1.19272838646759,"lh"
"377",103818,"prculs_d",1.59014271041597,"lh"
"378",104416,"prculs_d",1.46540667806006,"lh"
"379",104820,"prculs_d",1.75892630449014,"lh"
"380",105014,"prculs_d",1.2100837007201,"lh"
"381",105115,"prculs_d",0.979291187783672,"lh"
"382",105216,"prculs_d",2.24086111939116,"lh"
"383",105620,"prculs_d",1.04935146398516,"lh"
"384",106016,"prculs_d",1.26525689659327,"lh"
"385",106319,"prculs_d",1.49331301530224,"lh"
"386",106521,"prculs_d",0.688823065329643,"lh"
"387",107018,"prculs_d",1.68794248702125,"lh"
"388",107220,"prculs_d",1.6880265469605,"lh"
"389",107321,"prculs_d",1.85503800550991,"lh"
"390",107422,"prculs_d",1.85594545938025,"lh"
"391",107725,"prculs_d",0.597720877497135,"lh"
"392",108121,"prculs_d",0.789118740969178,"lh"
"393",108222,"prculs_d",1.77857430006426,"lh"
"394",108323,"prculs_d",1.99171011975889,"lh"
"395",108525,"prculs_d",1.96239087754362,"lh"
"396",108828,"prculs_d",0.777076170225123,"lh"
"397",109123,"prculs_d",1.61657528676052,"lh"
"398",109325,"prculs_d",1.0499501525642,"lh"
"399",109830,"prculs_d",1.78128013315959,"lh"
"400",110007,"prculs_d",1.2300902912683,"lh"
"401",110411,"prculs_d",1.43080016539513,"lh"
"402",110613,"prculs_d",1.73618030956363,"lh"
"403",112920,"prculs_d",1.33193757213813,"lh"
"404",114924,"prculs_d",1.45035413535558,"lh"
"405",120111,"prculs_d",0.980025967095776,"lh"
"406",128127,"prculs_d",1.27698948216009,"lh"
"407",133928,"prculs_d",2.02911847270555,"lh"
"408",144125,"prculs_d",1.70182918535394,"lh"
"409",146937,"prculs_d",1.96991535255779,"lh"
"410",151425,"prculs_d",1.51483477829331,"lh"
"411",151829,"prculs_d",1.82002324766598,"lh"
"412",164939,"prculs_d",2.18958311156811,"lh"
"413",168240,"prculs_d",1.22263127198286,"lh"
"414",176744,"prculs_d",1.24707765123805,"lh"
"415",180937,"prculs_d",1.3101953000619,"lh"
"416",185947,"prculs_d",2.36321906304325,"lh"
"417",214019,"prculs_d",1.40584661796403,"lh"
"418",268749,"prculs_d",1.60422701600543,"lh"
"419",365343,"prculs_d",0.96494298380504,"lh"
"420",380036,"prculs_d",2.09246031265573,"lh"
"421",517239,"prculs_d",1.18925104391045,"lh"
"422",522434,"prculs_d",1.19905427789741,"lh"
"423",531536,"prculs_d",1.77114204214319,"lh"
"424",566454,"prculs_d",1.40281503692306,"lh"
"425",585256,"prculs_d",1.01975150086662,"lh"
"426",622236,"prculs_d",1.69173947799855,"lh"
"427",644044,"prculs_d",1.66815163134859,"lh"
"428",679770,"prculs_d",1.25785259741186,"lh"
"429",687163,"prculs_d",1.76366814524717,"lh"
"430",867468,"prculs_d",1.47358797597859,"lh"
"431",910241,"prculs_d",1.51139722766965,"lh"
"432",959574,"prculs_d",1.83367850294388,"lh"
"433",100206,"spls",0.881423742157944,"lh"
"434",100307,"spls",0.665536781644755,"lh"
"435",100408,"spls",0.757328788969064,"lh"
"436",100610,"spls",1.28169413129744,"lh"
"437",101006,"spls",0.837467347596541,"lh"
"438",101107,"spls",0.960183909465409,"lh"
"439",101309,"spls",0.779873364298392,"lh"
"440",101410,"spls",1.4275527017316,"lh"
"441",101915,"spls",1.28549067817648,"lh"
"442",102008,"spls",0.892109003979113,"lh"
"443",102311,"spls",1.499115458722,"lh"
"444",102513,"spls",1.03374779928066,"lh"
"445",102816,"spls",1.04534460465145,"lh"
"446",103111,"spls",0.962472298589542,"lh"
"447",103414,"spls",0.590227165190034,"lh"
"448",103515,"spls",0.839238216521781,"lh"
"449",103818,"spls",0.659845189372895,"lh"
"450",104416,"spls",1.00102748058318,"lh"
"451",104820,"spls",0.936778282123375,"lh"
"452",105014,"spls",0.892420567718666,"lh"
"453",105115,"spls",1.0368582355949,"lh"
"454",105216,"spls",1.50410312185485,"lh"
"455",105620,"spls",1.13742839370717,"lh"
"456",106016,"spls",1.3577737878215,"lh"
"457",106319,"spls",1.1437913790474,"lh"
"458",106521,"spls",1.29901023347677,"lh"
"459",107018,"spls",1.25401264495602,"lh"
"460",107220,"spls",1.30389228587371,"lh"
"461",107321,"spls",0.760178684109709,"lh"
"462",107422,"spls",1.36748356984955,"lh"
"463",107725,"spls",0.857038060106363,"lh"
"464",108121,"spls",1.07425524183288,"lh"
"465",108222,"spls",1.12020096094832,"lh"
"466",108323,"spls",0.835735233518884,"lh"
"467",108525,"spls",0.89298795788076,"lh"
"468",108828,"spls",0.9264770898286,"lh"
"469",109123,"spls",1.12703662893391,"lh"
"470",109325,"spls",1.18024587528462,"lh"
"471",109830,"spls",0.679842406705308,"lh"
"472",110007,"spls",1.64080370121209,"lh"
"473",110411,"spls",0.757518544979663,"lh"
"474",110613,"spls",0.58582080483489,"lh"
"475",112920,"spls",0.926137594610101,"lh"
"476",114924,"spls",1.23661725399937,"lh"
"477",120111,"spls",0.973457818151627,"lh"
"478",128127,"spls",0.928533492340017,"lh"
"479",133928,"spls",0.899672836716476,"lh"
"480",144125,"spls",0.692501633649879,"lh"
"481",146937,"spls",0.643930867477021,"lh"
"482",151425,"spls",1.04203858185551,"lh"
"483",151829,"spls",1.33816071814349,"lh"
"484",164939,"spls",1.14680268042721,"lh"
"485",168240,"spls",0.781047145095202,"lh"
"486",176744,"spls",0.897509357211344,"lh"
"487",180937,"spls",1.25301649111944,"lh"
"488",185947,"spls",1.3770818868709,"lh"
"489",214019,"spls",NA,"lh"
"490",268749,"spls",0.997061945966348,"lh"
"491",365343,"spls",0.899481613522966,"lh"
"492",380036,"spls",1.24532682649658,"lh"
"493",517239,"spls",0.80159209858021,"lh"
"494",522434,"spls",0.883833419118541,"lh"
"495",531536,"spls",0.946618271391859,"lh"
"496",566454,"spls",0.950093874254503,"lh"
"497",585256,"spls",1.10012339316362,"lh"
"498",622236,"spls",0.815092065886019,"lh"
"499",644044,"spls",0.761375158955322,"lh"
"500",679770,"spls",0.957765145958152,"lh"
"501",687163,"spls",1.10184840885638,"lh"
"502",867468,"spls",0.862252106499893,"lh"
"503",910241,"spls",0.959436702718707,"lh"
"504",959574,"spls",1.51215329334997,"lh"
"505",100206,"ifrms",0.908429236611444,"lh"
"506",100307,"ifrms",0.957828869681596,"lh"
"507",100408,"ifrms",0.753476906395148,"lh"
"508",100610,"ifrms",1.06122302264037,"lh"
"509",101006,"ifrms",0.89901687417335,"lh"
"510",101107,"ifrms",NA,"lh"
"511",101309,"ifrms",0.692143820969265,"lh"
"512",101410,"ifrms",0.2703626974074,"lh"
"513",101915,"ifrms",0.558675008357081,"lh"
"514",102008,"ifrms",NA,"lh"
"515",102311,"ifrms",0.625084425014312,"lh"
"516",102513,"ifrms",0.609633361485008,"lh"
"517",102816,"ifrms",0.867266801411617,"lh"
"518",103111,"ifrms",1.19541248860913,"lh"
"519",103414,"ifrms",1.1256083915727,"lh"
"520",103515,"ifrms",1.62054690659266,"lh"
"521",103818,"ifrms",0.872255656145752,"lh"
"522",104416,"ifrms",NA,"lh"
"523",104820,"ifrms",1.2819481604889,"lh"
"524",105014,"ifrms",0.550113986774726,"lh"
"525",105115,"ifrms",0.305630817689327,"lh"
"526",105216,"ifrms",0.935198266835138,"lh"
"527",105620,"ifrms",0.701837157982165,"lh"
"528",106016,"ifrms",1.37580104399764,"lh"
"529",106319,"ifrms",1.21426924796399,"lh"
"530",106521,"ifrms",1.01188849836346,"lh"
"531",107018,"ifrms",0.364632966137685,"lh"
"532",107220,"ifrms",1.04120238017549,"lh"
"533",107321,"ifrms",0.806012526692594,"lh"
"534",107422,"ifrms",1.33232505995083,"lh"
"535",107725,"ifrms",0.949150289082217,"lh"
"536",108121,"ifrms",1.05128850588932,"lh"
"537",108222,"ifrms",0.955811124422566,"lh"
"538",108323,"ifrms",1.17571487783437,"lh"
"539",108525,"ifrms",0.503758458571018,"lh"
"540",108828,"ifrms",1.18557102279281,"lh"
"541",109123,"ifrms",1.37771077591013,"lh"
"542",109325,"ifrms",0.741500590711276,"lh"
"543",109830,"ifrms",0.546492393011309,"lh"
"544",110007,"ifrms",NA,"lh"
"545",110411,"ifrms",0.777998329032589,"lh"
"546",110613,"ifrms",0.96629681965023,"lh"
"547",112920,"ifrms",1.78071155554716,"lh"
"548",114924,"ifrms",NA,"lh"
"549",120111,"ifrms",0.729748928719104,"lh"
"550",128127,"ifrms",1.00960806260655,"lh"
"551",133928,"ifrms",0.842778507715815,"lh"
"552",144125,"ifrms",1.27278102715357,"lh"
"553",146937,"ifrms",1.0206101423195,"lh"
"554",151425,"ifrms",0.956541303101808,"lh"
"555",151829,"ifrms",NA,"lh"
"556",164939,"ifrms",NA,"lh"
"557",168240,"ifrms",1.16620333117983,"lh"
"558",176744,"ifrms",1.09605062209814,"lh"
"559",180937,"ifrms",0.92206640492832,"lh"
"560",185947,"ifrms",0.893679065656954,"lh"
"561",214019,"ifrms",1.08348119248914,"lh"
"562",268749,"ifrms",0.692958138968571,"lh"
"563",365343,"ifrms",0.826593956533384,"lh"
"564",380036,"ifrms",1.10938513074865,"lh"
"565",517239,"ifrms",1.16846262428012,"lh"
"566",522434,"ifrms",0.579677400728204,"lh"
"567",531536,"ifrms",0.965507774853378,"lh"
"568",566454,"ifrms",1.12943964531569,"lh"
"569",585256,"ifrms",NA,"lh"
"570",622236,"ifrms",NA,"lh"
"571",644044,"ifrms",1.03896433916453,"lh"
"572",679770,"ifrms",0.779642548686955,"lh"
"573",687163,"ifrms",0.733945521315924,"lh"
"574",867468,"ifrms",NA,"lh"
"575",910241,"ifrms",NA,"lh"
"576",959574,"ifrms",0.461275140277674,"lh"
"577",100206,"mcgs",2.50346041735591,"rh"
"578",100307,"mcgs",1.72190030816974,"rh"
"579",100408,"mcgs",1.52488985203704,"rh"
"580",100610,"mcgs",2.03196671624911,"rh"
"581",101006,"mcgs",2.45471872066832,"rh"
"582",101107,"mcgs",1.53435828345458,"rh"
"583",101309,"mcgs",0.787557137909445,"rh"
"584",101410,"mcgs",1.83358086745067,"rh"
"585",101915,"mcgs",1.79187156950451,"rh"
"586",102008,"mcgs",1.63453915476668,"rh"
"587",102311,"mcgs",1.7998548270745,"rh"
"588",102513,"mcgs",2.49980364319058,"rh"
"589",102816,"mcgs",1.4651795249323,"rh"
"590",103111,"mcgs",NA,"rh"
"591",103414,"mcgs",1.74963942749172,"rh"
"592",103515,"mcgs",2.04218879818915,"rh"
"593",103818,"mcgs",1.81463626821345,"rh"
"594",104416,"mcgs",1.31915456497727,"rh"
"595",104820,"mcgs",NA,"rh"
"596",105014,"mcgs",1.24422444158597,"rh"
"597",105115,"mcgs",NA,"rh"
"598",105216,"mcgs",1.89025417166216,"rh"
"599",105620,"mcgs",1.49728320090059,"rh"
"600",106016,"mcgs",1.87152648594753,"rh"
"601",106319,"mcgs",2.14639909023917,"rh"
"602",106521,"mcgs",2.07778497424819,"rh"
"603",107018,"mcgs",1.60755858521804,"rh"
"604",107220,"mcgs",2.3325653135373,"rh"
"605",107321,"mcgs",1.50639792597916,"rh"
"606",107422,"mcgs",2.00899033123141,"rh"
"607",107725,"mcgs",1.53873381136056,"rh"
"608",108121,"mcgs",1.40898096021088,"rh"
"609",108222,"mcgs",1.94315104778391,"rh"
"610",108323,"mcgs",1.59117853409042,"rh"
"611",108525,"mcgs",1.9427736852173,"rh"
"612",108828,"mcgs",1.4088621628072,"rh"
"613",109123,"mcgs",2.10306110021393,"rh"
"614",109325,"mcgs",1.64387505692856,"rh"
"615",109830,"mcgs",2.22646596034483,"rh"
"616",110007,"mcgs",1.64197039348849,"rh"
"617",110411,"mcgs",1.98038451920473,"rh"
"618",110613,"mcgs",2.47140698705866,"rh"
"619",112920,"mcgs",1.67068541746077,"rh"
"620",114924,"mcgs",1.69709126064105,"rh"
"621",120111,"mcgs",2.25893252665739,"rh"
"622",128127,"mcgs",1.5317265700957,"rh"
"623",133928,"mcgs",2.01499496728413,"rh"
"624",144125,"mcgs",1.8094945102754,"rh"
"625",146937,"mcgs",1.20819639410155,"rh"
"626",151425,"mcgs",1.58357341752095,"rh"
"627",151829,"mcgs",2.2816919468605,"rh"
"628",164939,"mcgs",2.11837810799255,"rh"
"629",168240,"mcgs",2.07785906525497,"rh"
"630",176744,"mcgs",2.29103434439154,"rh"
"631",180937,"mcgs",2.62894365970334,"rh"
"632",185947,"mcgs",2.5825229843216,"rh"
"633",214019,"mcgs",1.97379381054365,"rh"
"634",268749,"mcgs",2.03298404293765,"rh"
"635",365343,"mcgs",1.87914998217358,"rh"
"636",380036,"mcgs",1.96976061841887,"rh"
"637",517239,"mcgs",1.50924192305516,"rh"
"638",522434,"mcgs",1.47511183803398,"rh"
"639",531536,"mcgs",1.33377018062269,"rh"
"640",566454,"mcgs",1.3814451615636,"rh"
"641",585256,"mcgs",2.22739411271669,"rh"
"642",622236,"mcgs",1.81685786337931,"rh"
"643",644044,"mcgs",2.22926197336903,"rh"
"644",679770,"mcgs",1.57335111042584,"rh"
"645",687163,"mcgs",2.04607280703534,"rh"
"646",867468,"mcgs",1.66323863534741,"rh"
"647",910241,"mcgs",1.693454478715,"rh"
"648",959574,"mcgs",2.35498003983187,"rh"
"649",100206,"pos",2.2085683948369,"rh"
"650",100307,"pos",1.5906221673295,"rh"
"651",100408,"pos",2.4112513985451,"rh"
"652",100610,"pos",1.9080024233691,"rh"
"653",101006,"pos",1.37709788215933,"rh"
"654",101107,"pos",1.16913765330908,"rh"
"655",101309,"pos",1.18059724711588,"rh"
"656",101410,"pos",1.65260120619183,"rh"
"657",101915,"pos",1.65690939053741,"rh"
"658",102008,"pos",1.6820454591201,"rh"
"659",102311,"pos",1.62818231218622,"rh"
"660",102513,"pos",1.95757947770128,"rh"
"661",102816,"pos",1.68481691877225,"rh"
"662",103111,"pos",1.51131997068848,"rh"
"663",103414,"pos",1.28037739235981,"rh"
"664",103515,"pos",1.64271522018202,"rh"
"665",103818,"pos",1.64836670292095,"rh"
"666",104416,"pos",1.67302563735459,"rh"
"667",104820,"pos",1.59056178376295,"rh"
"668",105014,"pos",1.41793853018844,"rh"
"669",105115,"pos",1.33553487998611,"rh"
"670",105216,"pos",1.43380786810408,"rh"
"671",105620,"pos",2.95115088626523,"rh"
"672",106016,"pos",2.16537584998122,"rh"
"673",106319,"pos",1.90602605645701,"rh"
"674",106521,"pos",1.68838462502793,"rh"
"675",107018,"pos",1.99676445659459,"rh"
"676",107220,"pos",1.80631677625078,"rh"
"677",107321,"pos",1.51855364787421,"rh"
"678",107422,"pos",1.66423145576369,"rh"
"679",107725,"pos",1.46787710505668,"rh"
"680",108121,"pos",1.79177965887771,"rh"
"681",108222,"pos",1.68327856545091,"rh"
"682",108323,"pos",1.52192818606259,"rh"
"683",108525,"pos",1.41190929312018,"rh"
"684",108828,"pos",2.15940674771291,"rh"
"685",109123,"pos",1.94283313238381,"rh"
"686",109325,"pos",1.79312347599936,"rh"
"687",109830,"pos",2.05143530977052,"rh"
"688",110007,"pos",1.35839825351516,"rh"
"689",110411,"pos",1.61662808091026,"rh"
"690",110613,"pos",2.2456936113845,"rh"
"691",112920,"pos",1.50585541060344,"rh"
"692",114924,"pos",1.43093233222111,"rh"
"693",120111,"pos",1.28773712375797,"rh"
"694",128127,"pos",1.55264906744942,"rh"
"695",133928,"pos",1.61490485758298,"rh"
"696",144125,"pos",1.24802294014505,"rh"
"697",146937,"pos",1.85233266031759,"rh"
"698",151425,"pos",1.63897069098947,"rh"
"699",151829,"pos",1.82317755665032,"rh"
"700",164939,"pos",1.48927401572079,"rh"
"701",168240,"pos",1.81455983444779,"rh"
"702",176744,"pos",1.10845217703256,"rh"
"703",180937,"pos",1.92755049028358,"rh"
"704",185947,"pos",1.36474178238712,"rh"
"705",214019,"pos",0.926010634318174,"rh"
"706",268749,"pos",1.39766778084853,"rh"
"707",365343,"pos",1.11402092115258,"rh"
"708",380036,"pos",1.71627859700791,"rh"
"709",517239,"pos",1.75272708492011,"rh"
"710",522434,"pos",1.44467841555911,"rh"
"711",531536,"pos",1.35424273260954,"rh"
"712",566454,"pos",1.51982118730892,"rh"
"713",585256,"pos",1.50215299892806,"rh"
"714",622236,"pos",1.28121171940979,"rh"
"715",644044,"pos",1.91206554533943,"rh"
"716",679770,"pos",1.49447184817173,"rh"
"717",687163,"pos",1.82156826784892,"rh"
"718",867468,"pos",1.61005200219964,"rh"
"719",910241,"pos",1.69185138730018,"rh"
"720",959574,"pos",2.01055701098918,"rh"
"721",100206,"prcus_p",1.11885467396429,"rh"
"722",100307,"prcus_p",1.29018680765569,"rh"
"723",100408,"prcus_p",1.28817051771927,"rh"
"724",100610,"prcus_p",1.47841731185206,"rh"
"725",101006,"prcus_p",1.24231045186917,"rh"
"726",101107,"prcus_p",1.31622588265228,"rh"
"727",101309,"prcus_p",1.11459565825467,"rh"
"728",101410,"prcus_p",1.86171101609277,"rh"
"729",101915,"prcus_p",1.41931887629405,"rh"
"730",102008,"prcus_p",1.28920950556844,"rh"
"731",102311,"prcus_p",0.769721175138335,"rh"
"732",102513,"prcus_p",0.950229055056852,"rh"
"733",102816,"prcus_p",0.868606667842206,"rh"
"734",103111,"prcus_p",1.29901352874122,"rh"
"735",103414,"prcus_p",1.7632519303193,"rh"
"736",103515,"prcus_p",0.597806130187993,"rh"
"737",103818,"prcus_p",0.77866480443054,"rh"
"738",104416,"prcus_p",1.19826287787451,"rh"
"739",104820,"prcus_p",1.45307558082581,"rh"
"740",105014,"prcus_p",1.28386510562867,"rh"
"741",105115,"prcus_p",0.850985435897158,"rh"
"742",105216,"prcus_p",1.80151762245376,"rh"
"743",105620,"prcus_p",1.44535785802658,"rh"
"744",106016,"prcus_p",0.893789778725353,"rh"
"745",106319,"prcus_p",1.21490933635222,"rh"
"746",106521,"prcus_p",1.18312006251787,"rh"
"747",107018,"prcus_p",1.01592773609801,"rh"
"748",107220,"prcus_p",1.02429629177848,"rh"
"749",107321,"prcus_p",1.32491558643023,"rh"
"750",107422,"prcus_p",0.995193538421509,"rh"
"751",107725,"prcus_p",1.58810668135392,"rh"
"752",108121,"prcus_p",0.870534032794396,"rh"
"753",108222,"prcus_p",0.82106416113505,"rh"
"754",108323,"prcus_p",1.16286712394378,"rh"
"755",108525,"prcus_p",1.04179438238819,"rh"
"756",108828,"prcus_p",1.65202502266537,"rh"
"757",109123,"prcus_p",1.45863345490582,"rh"
"758",109325,"prcus_p",1.54116620551735,"rh"
"759",109830,"prcus_p",0.877619356364752,"rh"
"760",110007,"prcus_p",1.10983313302533,"rh"
"761",110411,"prcus_p",2.07102574430904,"rh"
"762",110613,"prcus_p",0.940039499380498,"rh"
"763",112920,"prcus_p",1.16513458704084,"rh"
"764",114924,"prcus_p",1.03324022844848,"rh"
"765",120111,"prcus_p",0.632624195907353,"rh"
"766",128127,"prcus_p",0.899510740657049,"rh"
"767",133928,"prcus_p",1.21990329740248,"rh"
"768",144125,"prcus_p",1.94900126574267,"rh"
"769",146937,"prcus_p",1.35156556940141,"rh"
"770",151425,"prcus_p",2.36522252354281,"rh"
"771",151829,"prcus_p",1.06161579688707,"rh"
"772",164939,"prcus_p",0.858835447332708,"rh"
"773",168240,"prcus_p",0.491180585211323,"rh"
"774",176744,"prcus_p",1.16053348087999,"rh"
"775",180937,"prcus_p",1.67504460104027,"rh"
"776",185947,"prcus_p",1.69626492334384,"rh"
"777",214019,"prcus_p",1.69755832637979,"rh"
"778",268749,"prcus_p",0.385224622760297,"rh"
"779",365343,"prcus_p",1.31424475980393,"rh"
"780",380036,"prcus_p",1.3521007617815,"rh"
"781",517239,"prcus_p",1.6234591858983,"rh"
"782",522434,"prcus_p",0.917194888236717,"rh"
"783",531536,"prcus_p",1.25912702016389,"rh"
"784",566454,"prcus_p",0.587105456335749,"rh"
"785",585256,"prcus_p",1.46650867652268,"rh"
"786",622236,"prcus_p",1.62018584179039,"rh"
"787",644044,"prcus_p",1.19938478572996,"rh"
"788",679770,"prcus_p",1.66304962582527,"rh"
"789",687163,"prcus_p",1.05270438173199,"rh"
"790",867468,"prcus_p",1.02792475320185,"rh"
"791",910241,"prcus_p",1.71918847778684,"rh"
"792",959574,"prcus_p",1.14773440427886,"rh"
"793",100206,"prcus_i",1.91535932612144,"rh"
"794",100307,"prcus_i",1.31239617455514,"rh"
"795",100408,"prcus_i",1.28872704292201,"rh"
"796",100610,"prcus_i",1.65839092674038,"rh"
"797",101006,"prcus_i",1.37932439808952,"rh"
"798",101107,"prcus_i",0.778411643783821,"rh"
"799",101309,"prcus_i",1.03171981267602,"rh"
"800",101410,"prcus_i",1.43338214054476,"rh"
"801",101915,"prcus_i",2.20145892509089,"rh"
"802",102008,"prcus_i",1.73019893862703,"rh"
"803",102311,"prcus_i",1.12337680090107,"rh"
"804",102513,"prcus_i",1.42695845860552,"rh"
"805",102816,"prcus_i",0.842463608674617,"rh"
"806",103111,"prcus_i",1.88829170685531,"rh"
"807",103414,"prcus_i",1.15133626242435,"rh"
"808",103515,"prcus_i",0.862163240857739,"rh"
"809",103818,"prcus_i",NA,"rh"
"810",104416,"prcus_i",1.28178916829144,"rh"
"811",104820,"prcus_i",1.11246719694752,"rh"
"812",105014,"prcus_i",NA,"rh"
"813",105115,"prcus_i",1.14849238505235,"rh"
"814",105216,"prcus_i",1.07682941972131,"rh"
"815",105620,"prcus_i",1.34834912754587,"rh"
"816",106016,"prcus_i",1.24761700033205,"rh"
"817",106319,"prcus_i",1.77123527078686,"rh"
"818",106521,"prcus_i",1.33686158030902,"rh"
"819",107018,"prcus_i",1.48372889561821,"rh"
"820",107220,"prcus_i",1.4907064609923,"rh"
"821",107321,"prcus_i",1.25800840035901,"rh"
"822",107422,"prcus_i",1.20339097677823,"rh"
"823",107725,"prcus_i",1.07781721460111,"rh"
"824",108121,"prcus_i",1.52784456855469,"rh"
"825",108222,"prcus_i",1.48487312569082,"rh"
"826",108323,"prcus_i",1.34470488777146,"rh"
"827",108525,"prcus_i",1.37996486373241,"rh"
"828",108828,"prcus_i",0.924708978931258,"rh"
"829",109123,"prcus_i",0.830545936763909,"rh"
"830",109325,"prcus_i",1.78610737825931,"rh"
"831",109830,"prcus_i",1.44918461635248,"rh"
"832",110007,"prcus_i",1.23540048027114,"rh"
"833",110411,"prcus_i",1.54158498963928,"rh"
"834",110613,"prcus_i",2.06579697697469,"rh"
"835",112920,"prcus_i",1.067639539727,"rh"
"836",114924,"prcus_i",1.31883949694148,"rh"
"837",120111,"prcus_i",NA,"rh"
"838",128127,"prcus_i",1.04662709811556,"rh"
"839",133928,"prcus_i",1.18999186930604,"rh"
"840",144125,"prcus_i",1.43710419950816,"rh"
"841",146937,"prcus_i",1.39591266135382,"rh"
"842",151425,"prcus_i",1.32499181287412,"rh"
"843",151829,"prcus_i",2.12308247117285,"rh"
"844",164939,"prcus_i",1.30024797488196,"rh"
"845",168240,"prcus_i",1.28887297656002,"rh"
"846",176744,"prcus_i",0.912722042200535,"rh"
"847",180937,"prcus_i",1.89535779834272,"rh"
"848",185947,"prcus_i",1.48829663685339,"rh"
"849",214019,"prcus_i",0.936840800927733,"rh"
"850",268749,"prcus_i",1.46138143656293,"rh"
"851",365343,"prcus_i",1.31412681902454,"rh"
"852",380036,"prcus_i",1.3989728959015,"rh"
"853",517239,"prcus_i",1.4729622481957,"rh"
"854",522434,"prcus_i",1.54525066880185,"rh"
"855",531536,"prcus_i",1.01369925853576,"rh"
"856",566454,"prcus_i",0.891943962479623,"rh"
"857",585256,"prcus_i",1.0525671263373,"rh"
"858",622236,"prcus_i",1.5943796578737,"rh"
"859",644044,"prcus_i",2.05495094773468,"rh"
"860",679770,"prcus_i",0.730979875234704,"rh"
"861",687163,"prcus_i",1.81647551464194,"rh"
"862",867468,"prcus_i",0.864855970754937,"rh"
"863",910241,"prcus_i",1.11137924938414,"rh"
"864",959574,"prcus_i",0.915704126235501,"rh"
"865",100206,"prcus_a",1.05272938255804,"rh"
"866",100307,"prcus_a",1.05275252457745,"rh"
"867",100408,"prcus_a",1.74269108014325,"rh"
"868",100610,"prcus_a",1.34265653816331,"rh"
"869",101006,"prcus_a",1.1390048815167,"rh"
"870",101107,"prcus_a",0.726382691038508,"rh"
"871",101309,"prcus_a",0.885914439046845,"rh"
"872",101410,"prcus_a",1.35075191371831,"rh"
"873",101915,"prcus_a",0.700881528108872,"rh"
"874",102008,"prcus_a",1.63218827069924,"rh"
"875",102311,"prcus_a",1.51635712661227,"rh"
"876",102513,"prcus_a",1.06738895760416,"rh"
"877",102816,"prcus_a",0.568889056783677,"rh"
"878",103111,"prcus_a",1.85121908831721,"rh"
"879",103414,"prcus_a",0.724060796531836,"rh"
"880",103515,"prcus_a",1.18992249604233,"rh"
"881",103818,"prcus_a",1.1441171820422,"rh"
"882",104416,"prcus_a",0.944023722481341,"rh"
"883",104820,"prcus_a",1.35569001316718,"rh"
"884",105014,"prcus_a",1.04431499374289,"rh"
"885",105115,"prcus_a",0.97514652312063,"rh"
"886",105216,"prcus_a",0.882705120107955,"rh"
"887",105620,"prcus_a",1.66997490179499,"rh"
"888",106016,"prcus_a",1.20982669433897,"rh"
"889",106319,"prcus_a",1.49812786561114,"rh"
"890",106521,"prcus_a",0.730448231278257,"rh"
"891",107018,"prcus_a",0.0709397524443666,"rh"
"892",107220,"prcus_a",2.52150424934335,"rh"
"893",107321,"prcus_a",1.34321812476358,"rh"
"894",107422,"prcus_a",1.07340722498261,"rh"
"895",107725,"prcus_a",1.46175921470662,"rh"
"896",108121,"prcus_a",1.00480112014869,"rh"
"897",108222,"prcus_a",1.549406054763,"rh"
"898",108323,"prcus_a",0.878244033641098,"rh"
"899",108525,"prcus_a",1.54918118584612,"rh"
"900",108828,"prcus_a",0.842962344070859,"rh"
"901",109123,"prcus_a",0.343816178919196,"rh"
"902",109325,"prcus_a",0.917579239002788,"rh"
"903",109830,"prcus_a",0.494107466662341,"rh"
"904",110007,"prcus_a",0.972921012444683,"rh"
"905",110411,"prcus_a",0.774284121462227,"rh"
"906",110613,"prcus_a",1.27980578345427,"rh"
"907",112920,"prcus_a",0.833240696117254,"rh"
"908",114924,"prcus_a",0.804350081979247,"rh"
"909",120111,"prcus_a",0.484989033866241,"rh"
"910",128127,"prcus_a",0.707787141535612,"rh"
"911",133928,"prcus_a",1.18663335542912,"rh"
"912",144125,"prcus_a",0.767235273052918,"rh"
"913",146937,"prcus_a",1.47999956033528,"rh"
"914",151425,"prcus_a",1.80733556511694,"rh"
"915",151829,"prcus_a",2.28201932545398,"rh"
"916",164939,"prcus_a",1.16194729367963,"rh"
"917",168240,"prcus_a",1.50219250513268,"rh"
"918",176744,"prcus_a",1.03591300456803,"rh"
"919",180937,"prcus_a",2.44097371764382,"rh"
"920",185947,"prcus_a",1.3375341356409,"rh"
"921",214019,"prcus_a",1.71422761776659,"rh"
"922",268749,"prcus_a",0.774577067058367,"rh"
"923",365343,"prcus_a",0.561909255822638,"rh"
"924",380036,"prcus_a",1.59109798941865,"rh"
"925",517239,"prcus_a",2.14255518276267,"rh"
"926",522434,"prcus_a",0.618366647197344,"rh"
"927",531536,"prcus_a",0.851340262438118,"rh"
"928",566454,"prcus_a",0.959058407034546,"rh"
"929",585256,"prcus_a",1.45310029777069,"rh"
"930",622236,"prcus_a",0.967659396917117,"rh"
"931",644044,"prcus_a",1.40152046338313,"rh"
"932",679770,"prcus_a",1.07129682919675,"rh"
"933",687163,"prcus_a",0.836631358864885,"rh"
"934",867468,"prcus_a",1.07113118108264,"rh"
"935",910241,"prcus_a",1.54253205240677,"rh"
"936",959574,"prcus_a",1.82319634060245,"rh"
"937",100206,"prculs_d",1.62471213068468,"rh"
"938",100307,"prculs_d",1.45208956386609,"rh"
"939",100408,"prculs_d",NA,"rh"
"940",100610,"prculs_d",1.7568253204778,"rh"
"941",101006,"prculs_d",2.13550987499065,"rh"
"942",101107,"prculs_d",1.44163502115106,"rh"
"943",101309,"prculs_d",0.842575365389706,"rh"
"944",101410,"prculs_d",1.76277956468868,"rh"
"945",101915,"prculs_d",1.35268033205157,"rh"
"946",102008,"prculs_d",1.09478339619572,"rh"
"947",102311,"prculs_d",1.86435550083539,"rh"
"948",102513,"prculs_d",2.02843584775588,"rh"
"949",102816,"prculs_d",1.08526026886768,"rh"
"950",103111,"prculs_d",1.25933138496732,"rh"
"951",103414,"prculs_d",1.52601365713456,"rh"
"952",103515,"prculs_d",1.58718789812266,"rh"
"953",103818,"prculs_d",1.47848873476612,"rh"
"954",104416,"prculs_d",1.45721357248702,"rh"
"955",104820,"prculs_d",2.07350693555444,"rh"
"956",105014,"prculs_d",1.49541359092734,"rh"
"957",105115,"prculs_d",1.70444089440281,"rh"
"958",105216,"prculs_d",2.20528654844017,"rh"
"959",105620,"prculs_d",1.59552463846909,"rh"
"960",106016,"prculs_d",1.02931116972572,"rh"
"961",106319,"prculs_d",1.71897361717122,"rh"
"962",106521,"prculs_d",1.13686230094874,"rh"
"963",107018,"prculs_d",1.08193319284498,"rh"
"964",107220,"prculs_d",1.05702527763544,"rh"
"965",107321,"prculs_d",1.18856651917875,"rh"
"966",107422,"prculs_d",1.45396547479308,"rh"
"967",107725,"prculs_d",0.570410513918128,"rh"
"968",108121,"prculs_d",1.79619523388898,"rh"
"969",108222,"prculs_d",1.35650463468908,"rh"
"970",108323,"prculs_d",1.31785162753306,"rh"
"971",108525,"prculs_d",1.53271938778326,"rh"
"972",108828,"prculs_d",1.24706083398577,"rh"
"973",109123,"prculs_d",1.37575533239413,"rh"
"974",109325,"prculs_d",1.03082885690452,"rh"
"975",109830,"prculs_d",1.51380917800917,"rh"
"976",110007,"prculs_d",0.629456042573521,"rh"
"977",110411,"prculs_d",1.18850565205459,"rh"
"978",110613,"prculs_d",1.8593964784138,"rh"
"979",112920,"prculs_d",1.06231390582522,"rh"
"980",114924,"prculs_d",1.22641940817816,"rh"
"981",120111,"prculs_d",1.82840579078733,"rh"
"982",128127,"prculs_d",1.26298583067782,"rh"
"983",133928,"prculs_d",1.25231837031287,"rh"
"984",144125,"prculs_d",0.719396847345321,"rh"
"985",146937,"prculs_d",1.58957924347812,"rh"
"986",151425,"prculs_d",1.49879964832116,"rh"
"987",151829,"prculs_d",1.68948073524549,"rh"
"988",164939,"prculs_d",1.45263313223235,"rh"
"989",168240,"prculs_d",2.32619477047206,"rh"
"990",176744,"prculs_d",1.19914221981002,"rh"
"991",180937,"prculs_d",1.78615824431188,"rh"
"992",185947,"prculs_d",1.84165987347703,"rh"
"993",214019,"prculs_d",1.78148543690635,"rh"
"994",268749,"prculs_d",1.29804047638768,"rh"
"995",365343,"prculs_d",1.21295076697388,"rh"
"996",380036,"prculs_d",1.6641859423993,"rh"
"997",517239,"prculs_d",1.39677239540438,"rh"
"998",522434,"prculs_d",1.12838375858274,"rh"
"999",531536,"prculs_d",1.0669472056777,"rh"
"1000",566454,"prculs_d",1.18445854655067,"rh"
"1001",585256,"prculs_d",1.98022616395494,"rh"
"1002",622236,"prculs_d",1.57659841569082,"rh"
"1003",644044,"prculs_d",2.23899760877492,"rh"
"1004",679770,"prculs_d",0.84290936525437,"rh"
"1005",687163,"prculs_d",1.75426444103489,"rh"
"1006",867468,"prculs_d",1.66871318587563,"rh"
"1007",910241,"prculs_d",1.33616525044216,"rh"
"1008",959574,"prculs_d",1.51030798856095,"rh"
"1009",100206,"spls",0.841796687348204,"rh"
"1010",100307,"spls",0.878417864010056,"rh"
"1011",100408,"spls",1.29117629626465,"rh"
"1012",100610,"spls",1.18916938665513,"rh"
"1013",101006,"spls",1.46095550714892,"rh"
"1014",101107,"spls",0.667216275539891,"rh"
"1015",101309,"spls",1.07513596268882,"rh"
"1016",101410,"spls",NA,"rh"
"1017",101915,"spls",0.945139754336708,"rh"
"1018",102008,"spls",1.23075208560838,"rh"
"1019",102311,"spls",1.47163728017796,"rh"
"1020",102513,"spls",0.727657306254359,"rh"
"1021",102816,"spls",1.51612423117083,"rh"
"1022",103111,"spls",1.02067175132458,"rh"
"1023",103414,"spls",NA,"rh"
"1024",103515,"spls",1.11769956205337,"rh"
"1025",103818,"spls",0.499658319013888,"rh"
"1026",104416,"spls",1.1913908953203,"rh"
"1027",104820,"spls",0.746434847429853,"rh"
"1028",105014,"spls",0.883664222910939,"rh"
"1029",105115,"spls",1.05803036719731,"rh"
"1030",105216,"spls",1.39694078886598,"rh"
"1031",105620,"spls",1.49376480668056,"rh"
"1032",106016,"spls",1.57534326299954,"rh"
"1033",106319,"spls",1.19343521935814,"rh"
"1034",106521,"spls",1.17124879641885,"rh"
"1035",107018,"spls",1.60240814000973,"rh"
"1036",107220,"spls",1.22600144137316,"rh"
"1037",107321,"spls",1.34537603116546,"rh"
"1038",107422,"spls",1.22500032676175,"rh"
"1039",107725,"spls",1.09493028144136,"rh"
"1040",108121,"spls",0.888318796077987,"rh"
"1041",108222,"spls",1.29359305153628,"rh"
"1042",108323,"spls",1.10606302557243,"rh"
"1043",108525,"spls",0.850077259387153,"rh"
"1044",108828,"spls",1.02018779889314,"rh"
"1045",109123,"spls",1.61701702377595,"rh"
"1046",109325,"spls",1.10280766917324,"rh"
"1047",109830,"spls",0.823674743519374,"rh"
"1048",110007,"spls",0.607581849209647,"rh"
"1049",110411,"spls",1.02175443390627,"rh"
"1050",110613,"spls",0.878299011406724,"rh"
"1051",112920,"spls",0.670999014914131,"rh"
"1052",114924,"spls",0.975516959452805,"rh"
"1053",120111,"spls",1.15094337653121,"rh"
"1054",128127,"spls",1.7757501207245,"rh"
"1055",133928,"spls",0.824028662116885,"rh"
"1056",144125,"spls",1.14440084492938,"rh"
"1057",146937,"spls",1.01123590664391,"rh"
"1058",151425,"spls",1.34977807720897,"rh"
"1059",151829,"spls",1.06877508208698,"rh"
"1060",164939,"spls",1.01811968370597,"rh"
"1061",168240,"spls",1.25127677581785,"rh"
"1062",176744,"spls",1.10538245786654,"rh"
"1063",180937,"spls",1.2931123844893,"rh"
"1064",185947,"spls",1.23304115578664,"rh"
"1065",214019,"spls",0.757072490875867,"rh"
"1066",268749,"spls",0.749325448169379,"rh"
"1067",365343,"spls",0.68489824601481,"rh"
"1068",380036,"spls",0.863420264280322,"rh"
"1069",517239,"spls",0.909773168432543,"rh"
"1070",522434,"spls",1.12084226612431,"rh"
"1071",531536,"spls",0.984940856132979,"rh"
"1072",566454,"spls",1.35917120222565,"rh"
"1073",585256,"spls",1.15167715528605,"rh"
"1074",622236,"spls",0.9437203470947,"rh"
"1075",644044,"spls",0.900618200964813,"rh"
"1076",679770,"spls",0.954971235301834,"rh"
"1077",687163,"spls",1.7915829830424,"rh"
"1078",867468,"spls",1.40097362685237,"rh"
"1079",910241,"spls",1.08780525746005,"rh"
"1080",959574,"spls",0.966247068115446,"rh"
"1081",100206,"ifrms",NA,"rh"
"1082",100307,"ifrms",0.948656640057804,"rh"
"1083",100408,"ifrms",0.957390152005675,"rh"
"1084",100610,"ifrms",0.345337918676555,"rh"
"1085",101006,"ifrms",1.04392421160315,"rh"
"1086",101107,"ifrms",1.09775167087348,"rh"
"1087",101309,"ifrms",0.889921901955755,"rh"
"1088",101410,"ifrms",0.650967537513341,"rh"
"1089",101915,"ifrms",0.871395616154423,"rh"
"1090",102008,"ifrms",1.20079314567855,"rh"
"1091",102311,"ifrms",0.897065295651282,"rh"
"1092",102513,"ifrms",1.44500595235569,"rh"
"1093",102816,"ifrms",NA,"rh"
"1094",103111,"ifrms",0.465591987360059,"rh"
"1095",103414,"ifrms",1.18849313242411,"rh"
"1096",103515,"ifrms",0.638815678328325,"rh"
"1097",103818,"ifrms",1.01624813757381,"rh"
"1098",104416,"ifrms",1.16561190042218,"rh"
"1099",104820,"ifrms",1.14525479821008,"rh"
"1100",105014,"ifrms",0.67136386330677,"rh"
"1101",105115,"ifrms",NA,"rh"
"1102",105216,"ifrms",1.58663700944037,"rh"
"1103",105620,"ifrms",1.09263118507434,"rh"
"1104",106016,"ifrms",NA,"rh"
"1105",106319,"ifrms",1.20727023376214,"rh"
"1106",106521,"ifrms",0.923799602990547,"rh"
"1107",107018,"ifrms",0.899974876046074,"rh"
"1108",107220,"ifrms",0.765880345422764,"rh"
"1109",107321,"ifrms",0.809567459296749,"rh"
"1110",107422,"ifrms",NA,"rh"
"1111",107725,"ifrms",NA,"rh"
"1112",108121,"ifrms",1.17079982881083,"rh"
"1113",108222,"ifrms",NA,"rh"
"1114",108323,"ifrms",1.35960451321505,"rh"
"1115",108525,"ifrms",NA,"rh"
"1116",108828,"ifrms",0.367199092938765,"rh"
"1117",109123,"ifrms",1.03710947558927,"rh"
"1118",109325,"ifrms",NA,"rh"
"1119",109830,"ifrms",1.1270201876193,"rh"
"1120",110007,"ifrms",NA,"rh"
"1121",110411,"ifrms",1.00892293058375,"rh"
"1122",110613,"ifrms",0.624011167384746,"rh"
"1123",112920,"ifrms",0.927195858154304,"rh"
"1124",114924,"ifrms",NA,"rh"
"1125",120111,"ifrms",1.16444901529088,"rh"
"1126",128127,"ifrms",0.395751876824337,"rh"
"1127",133928,"ifrms",0.695855978419052,"rh"
"1128",144125,"ifrms",NA,"rh"
"1129",146937,"ifrms",1.4901395202638,"rh"
"1130",151425,"ifrms",NA,"rh"
"1131",151829,"ifrms",0.920343820759534,"rh"
"1132",164939,"ifrms",NA,"rh"
"1133",168240,"ifrms",1.39091350519985,"rh"
"1134",176744,"ifrms",1.52292253095391,"rh"
"1135",180937,"ifrms",1.06428158060743,"rh"
"1136",185947,"ifrms",1.21058312513962,"rh"
"1137",214019,"ifrms",1.02876532648707,"rh"
"1138",268749,"ifrms",0.474190025528347,"rh"
"1139",365343,"ifrms",NA,"rh"
"1140",380036,"ifrms",NA,"rh"
"1141",517239,"ifrms",1.11323616525875,"rh"
"1142",522434,"ifrms",NA,"rh"
"1143",531536,"ifrms",0.45243783789254,"rh"
"1144",566454,"ifrms",1.13592803182316,"rh"
"1145",585256,"ifrms",1.01233150799945,"rh"
"1146",622236,"ifrms",1.01625392123345,"rh"
"1147",644044,"ifrms",1.2309826453703,"rh"
"1148",679770,"ifrms",NA,"rh"
"1149",687163,"ifrms",NA,"rh"
"1150",867468,"ifrms",NA,"rh"
"1151",910241,"ifrms",NA,"rh"
"1152",959574,"ifrms",1.15762861870738,"rh"
"1153",100307,"icgs_p",0.424944347297583,"lh"
"1154",100408,"icgs_p",1.0391973618241,"lh"
"1155",101107,"icgs_p",0.847693031873585,"lh"
"1156",101309,"icgs_p",1.31352048752884,"lh"
"1157",101915,"icgs_p",NA,"lh"
"1158",102008,"icgs_p",1.04282558713701,"lh"
"1159",102311,"icgs_p",0.525902030448133,"lh"
"1160",102513,"icgs_p",NA,"lh"
"1161",102816,"icgs_p",0.573911126505116,"lh"
"1162",103414,"icgs_p",0.361738758279457,"lh"
"1163",103515,"icgs_p",0.917426968036591,"lh"
"1164",103818,"icgs_p",0.667851360324554,"lh"
"1165",104416,"icgs_p",1.24095155595171,"lh"
"1166",104820,"icgs_p",1.02092763561699,"lh"
"1167",105014,"icgs_p",1.12087677513845,"lh"
"1168",105115,"icgs_p",1.18569270369409,"lh"
"1169",105216,"icgs_p",0.974663987101052,"lh"
"1170",105620,"icgs_p",1.09786352777368,"lh"
"1171",106319,"icgs_p",0.83468242940253,"lh"
"1172",106521,"icgs_p",0.808945406174159,"lh"
"1173",107018,"icgs_p",1.13541621661243,"lh"
"1174",107422,"icgs_p",1.41875405385724,"lh"
"1175",107725,"icgs_p",0.911171213114964,"lh"
"1176",108323,"icgs_p",NA,"lh"
"1177",108525,"icgs_p",0.470515826655242,"lh"
"1178",109123,"icgs_p",0.569417992351824,"lh"
"1179",109325,"icgs_p",1.10846187433165,"lh"
"1180",109830,"icgs_p",NA,"lh"
"1181",112920,"icgs_p",1.31245154602823,"lh"
"1182",120111,"icgs_p",0.51428099545941,"lh"
"1183",133928,"icgs_p",1.19354458866402,"lh"
"1184",151425,"icgs_p",1.29874596547644,"lh"
"1185",180937,"icgs_p",0.698749577035121,"lh"
"1186",185947,"icgs_p",1.64765973237814,"lh"
"1187",268749,"icgs_p",0.424901394559727,"lh"
"1188",365343,"icgs_p",0.822512126608264,"lh"
"1189",380036,"icgs_p",NA,"lh"
"1190",517239,"icgs_p",0.757375633648948,"lh"
"1191",522434,"icgs_p",1.1053814659038,"lh"
"1192",622236,"icgs_p",0.777078646826626,"lh"
"1193",644044,"icgs_p",0.881527398968035,"lh"
"1194",679770,"icgs_p",0.850065193893719,"lh"
"1195",867468,"icgs_p",0.720991665372922,"lh"
"1196",910241,"icgs_p",1.02458828675009,"lh"
"1197",959574,"icgs_p",0.69978791573437,"lh"
"1198",100206,"icgs_p",NA,"rh"
"1199",100408,"icgs_p",0.653755407397666,"rh"
"1200",100610,"icgs_p",0.376993077446696,"rh"
"1201",101006,"icgs_p",0.655760381795151,"rh"
"1202",101107,"icgs_p",NA,"rh"
"1203",101309,"icgs_p",0.908083297465237,"rh"
"1204",101410,"icgs_p",0.644934668042881,"rh"
"1205",101915,"icgs_p",0.428907573313603,"rh"
"1206",102008,"icgs_p",0.816448622649925,"rh"
"1207",102816,"icgs_p",NA,"rh"
"1208",103111,"icgs_p",NA,"rh"
"1209",103414,"icgs_p",0.497963720957379,"rh"
"1210",103515,"icgs_p",0.729403141314697,"rh"
"1211",103818,"icgs_p",NA,"rh"
"1212",105115,"icgs_p",0.471730795285668,"rh"
"1213",105216,"icgs_p",0.96570015166027,"rh"
"1214",106319,"icgs_p",0.373981089451401,"rh"
"1215",106521,"icgs_p",NA,"rh"
"1216",107321,"icgs_p",1.07518640780726,"rh"
"1217",107725,"icgs_p",NA,"rh"
"1218",108222,"icgs_p",NA,"rh"
"1219",108323,"icgs_p",NA,"rh"
"1220",108828,"icgs_p",NA,"rh"
"1221",109123,"icgs_p",NA,"rh"
"1222",109325,"icgs_p",NA,"rh"
"1223",109830,"icgs_p",0.627642358169199,"rh"
"1224",110007,"icgs_p",NA,"rh"
"1225",110411,"icgs_p",1.07562957067039,"rh"
"1226",112920,"icgs_p",1.13996467950607,"rh"
"1227",120111,"icgs_p",0.524239077390917,"rh"
"1228",144125,"icgs_p",1.05015372475756,"rh"
"1229",164939,"icgs_p",NA,"rh"
"1230",168240,"icgs_p",0.768003656068308,"rh"
"1231",176744,"icgs_p",NA,"rh"
"1232",180937,"icgs_p",NA,"rh"
"1233",185947,"icgs_p",0.607813202444497,"rh"
"1234",214019,"icgs_p",0.392626607769198,"rh"
"1235",268749,"icgs_p",NA,"rh"
"1236",365343,"icgs_p",0.534344511510139,"rh"
"1237",380036,"icgs_p",0.78762362934758,"rh"
"1238",517239,"icgs_p",0.778418523660735,"rh"
"1239",531536,"icgs_p",0.851044804477104,"rh"
"1240",566454,"icgs_p",NA,"rh"
"1241",622236,"icgs_p",NA,"rh"
"1242",679770,"icgs_p",0.84217950834632,"rh"
"1243",687163,"icgs_p",NA,"rh"
"1244",910241,"icgs_p",0.962074373241612,"rh"
"1245",959574,"icgs_p",NA,"rh"
"1246",100206,"sspls_d",0.796287272890942,"lh"
"2100",100408,"sspls_d",0.738865244901548,"lh"
"3100",101006,"sspls_d",NA,"lh"
"4100",101309,"sspls_d",0.354568520084396,"lh"
"5100",102311,"sspls_d",NA,"lh"
"6100",103111,"sspls_d",NA,"lh"
"7100",103414,"sspls_d",0.64245438379285,"lh"
"8100",103515,"sspls_d",0.7375481349857,"lh"
"10100",104416,"sspls_d",NA,"lh"
"11100",105216,"sspls_d",NA,"lh"
"1247",106016,"sspls_d",NA,"lh"
"1310",106319,"sspls_d",1.06003726026536,"lh"
"1410",107422,"sspls_d",NA,"lh"
"1510",107725,"sspls_d",NA,"lh"
"1610",108323,"sspls_d",0.415055247905131,"lh"
"1710",108828,"sspls_d",0.36691838166471,"lh"
"1810",110411,"sspls_d",NA,"lh"
"1910",110613,"sspls_d",NA,"lh"
"2010",112920,"sspls_d",NA,"lh"
"2110",114924,"sspls_d",1.20201841671072,"lh"
"2210",120111,"sspls_d",NA,"lh"
"2310",146937,"sspls_d",NA,"lh"
"2410",151425,"sspls_d",0.571881645589714,"lh"
"2510",151829,"sspls_d",0.885107016928063,"lh"
"2610",180937,"sspls_d",NA,"lh"
"2710",268749,"sspls_d",0.319394683180322,"lh"
"2810",365343,"sspls_d",0.229332192183895,"lh"
"2910",380036,"sspls_d",NA,"lh"
"3010",517239,"sspls_d",NA,"lh"
"3110",531536,"sspls_d",NA,"lh"
"3210",585256,"sspls_d",NA,"lh"
"3310",622236,"sspls_d",NA,"lh"
"3410",687163,"sspls_d",NA,"lh"
"3510",959574,"sspls_d",0.688069076899872,"lh"
"3610",100206,"sspls_d",NA,"rh"
"3710",101309,"sspls_d",NA,"rh"
"3810",101915,"sspls_d",NA,"rh"
"3910",102008,"sspls_d",NA,"rh"
"4010",102311,"sspls_d",NA,"rh"
"4110",102816,"sspls_d",0.387808752784441,"rh"
"4210",103111,"sspls_d",NA,"rh"
"4310",103414,"sspls_d",NA,"rh"
"4410",104820,"sspls_d",NA,"rh"
"4510",105216,"sspls_d",NA,"rh"
"4610",105620,"sspls_d",NA,"rh"
"4710",106016,"sspls_d",NA,"rh"
"4810",106319,"sspls_d",NA,"rh"
"4910",106521,"sspls_d",0.5040389118127,"rh"
"5010",107018,"sspls_d",NA,"rh"
"5110",107220,"sspls_d",0.53557335861883,"rh"
"5210",107321,"sspls_d",0.26876958796432,"rh"
"5310",108121,"sspls_d",NA,"rh"
"5410",108323,"sspls_d",0.356603733763061,"rh"
"5510",109123,"sspls_d",NA,"rh"
"5610",110411,"sspls_d",NA,"rh"
"5710",110613,"sspls_d",NA,"rh"
"5810",112920,"sspls_d",NA,"rh"
"5910",120111,"sspls_d",NA,"rh"
"6010",133928,"sspls_d",NA,"rh"
"6110",151829,"sspls_d",0.828651538239679,"rh"
"6210",176744,"sspls_d",0.74533200149367,"rh"
"6310",180937,"sspls_d",0.282143916889728,"rh"
"6410",185947,"sspls_d",NA,"rh"
"6510",268749,"sspls_d",NA,"rh"
"6610",380036,"sspls_d",NA,"rh"
"6710",522434,"sspls_d",0.547076433814271,"rh"
"6810",566454,"sspls_d",0.824298573222357,"rh"
"6910",687163,"sspls_d",NA,"rh"
"7010",910241,"sspls_d",NA,"rh"
"7110",959574,"sspls_d",1.58624033147839,"rh"
"1248",100206,"sspls_v",NA,"lh"
"2101",100307,"sspls_v",0.996551054544685,"lh"
"3101",100408,"sspls_v",NA,"lh"
"4101",100610,"sspls_v",NA,"lh"
"5101",101006,"sspls_v",NA,"lh"
"6101",101309,"sspls_v",1.23539418280409,"lh"
"7101",101410,"sspls_v",1.28400566728483,"lh"
"8101",102008,"sspls_v",1.15530356626883,"lh"
"9100",102311,"sspls_v",NA,"lh"
"10101",102816,"sspls_v",1.00492893087918,"lh"
"11101",103111,"sspls_v",0.806743534480158,"lh"
"1249",103515,"sspls_v",0.688574773175359,"lh"
"1311",103818,"sspls_v",1.47126622893918,"lh"
"1411",105014,"sspls_v",NA,"lh"
"1511",105115,"sspls_v",0.302801876308677,"lh"
"1611",105216,"sspls_v",1.02823333199955,"lh"
"1711",105620,"sspls_v",0.988191224913072,"lh"
"1811",106521,"sspls_v",NA,"lh"
"1911",107018,"sspls_v",1.20783940497269,"lh"
"2011",107220,"sspls_v",NA,"lh"
"2111",107321,"sspls_v",1.24267330254155,"lh"
"2211",107725,"sspls_v",0.71952413937504,"lh"
"2311",108222,"sspls_v",0.953788699273875,"lh"
"2411",108828,"sspls_v",0.431318646859144,"lh"
"2511",109325,"sspls_v",0.914585876193827,"lh"
"2611",110007,"sspls_v",0.438746491796432,"lh"
"2711",110411,"sspls_v",NA,"lh"
"2811",110613,"sspls_v",0.917622078891942,"lh"
"2911",112920,"sspls_v",0.258617521918616,"lh"
"3011",114924,"sspls_v",0.727144016236756,"lh"
"3111",120111,"sspls_v",0.615687989494924,"lh"
"3211",128127,"sspls_v",NA,"lh"
"3311",133928,"sspls_v",1.04297471303488,"lh"
"3411",146937,"sspls_v",0.591192004778589,"lh"
"3511",151829,"sspls_v",0.87595219961455,"lh"
"3611",185947,"sspls_v",1.12756300194519,"lh"
"3711",214019,"sspls_v",NA,"lh"
"3811",365343,"sspls_v",NA,"lh"
"3911",380036,"sspls_v",0.784547350834807,"lh"
"4011",517239,"sspls_v",0.432814012900629,"lh"
"4111",531536,"sspls_v",1.0817429039826,"lh"
"4211",585256,"sspls_v",NA,"lh"
"4311",622236,"sspls_v",NA,"lh"
"4411",644044,"sspls_v",0.505918773801751,"lh"
"4511",679770,"sspls_v",1.04486537535456,"lh"
"4611",687163,"sspls_v",NA,"lh"
"4711",867468,"sspls_v",0.890034811352813,"lh"
"4811",959574,"sspls_v",0.390278526221392,"lh"
"4911",101006,"sspls_v",NA,"rh"
"5011",101309,"sspls_v",1.39843341851233,"rh"
"5111",102816,"sspls_v",1.28386071260856,"rh"
"5211",103111,"sspls_v",0.705132808013723,"rh"
"5311",103414,"sspls_v",0.271618329235297,"rh"
"5411",103515,"sspls_v",1.39673115284315,"rh"
"5511",103818,"sspls_v",0.283525473245541,"rh"
"5611",104416,"sspls_v",0.933350674235077,"rh"
"5711",104820,"sspls_v",0.508848439843498,"rh"
"5811",105014,"sspls_v",1.01643615049072,"rh"
"5911",105115,"sspls_v",1.28021883873784,"rh"
"6011",105620,"sspls_v",1.10959094719621,"rh"
"6111",106319,"sspls_v",NA,"rh"
"6211",106521,"sspls_v",0.766224737338689,"rh"
"6311",107018,"sspls_v",1.50008993663194,"rh"
"6411",107321,"sspls_v",1.18614862002941,"rh"
"6511",107725,"sspls_v",NA,"rh"
"6611",108222,"sspls_v",0.159540993751112,"rh"
"6711",108525,"sspls_v",NA,"rh"
"6811",109325,"sspls_v",0.806141639313226,"rh"
"6911",112920,"sspls_v",0.60212783604202,"rh"
"7011",114924,"sspls_v",1.36421311160729,"rh"
"7111",128127,"sspls_v",0.7526899500496,"rh"
"7210",144125,"sspls_v",1.10630222566125,"rh"
"7310",146937,"sspls_v",0.643821222015037,"rh"
"7410",151829,"sspls_v",1.25058601759003,"rh"
"7510",365343,"sspls_v",1.09863731809143,"rh"
"7610",380036,"sspls_v",NA,"rh"
"7710",517239,"sspls_v",1.1192929792623,"rh"
"7810",531536,"sspls_v",0.334683749851083,"rh"
"7910",585256,"sspls_v",0.931256472296346,"rh"
"8010",622236,"sspls_v",0.779045601654152,"rh"
"8110",644044,"sspls_v",1.56754782864261,"rh"
"8210",867468,"sspls_v",0.277058775085142,"rh"
"8310",959574,"sspls_v",0.920116206417948,"rh"
"1250",100206,"prculs_v",1.06197174780896,"lh"
"2102",100307,"prculs_v",0.645731349715647,"lh"
"3102",100610,"prculs_v",0.844188622599006,"lh"
"4102",101006,"prculs_v",0.687975001712915,"lh"
"5102",101915,"prculs_v",NA,"lh"
"6102",102008,"prculs_v",1.05540605631171,"lh"
"7102",102513,"prculs_v",1.41280276530466,"lh"
"8102",102816,"prculs_v",1.56124869923952,"lh"
"9101",103111,"prculs_v",1.01097349740286,"lh"
"10102",103414,"prculs_v",1.31060808467646,"lh"
"11102",104416,"prculs_v",0.631926035427231,"lh"
"1251",105115,"prculs_v",0.942181256005441,"lh"
"1312",106016,"prculs_v",1.40879816683734,"lh"
"1412",108323,"prculs_v",1.27827622140273,"lh"
"1512",108525,"prculs_v",0.537572653428895,"lh"
"1612",108828,"prculs_v",0.989658062634813,"lh"
"1712",109830,"prculs_v",0.626272814656938,"lh"
"1812",112920,"prculs_v",0.744354258600613,"lh"
"1912",120111,"prculs_v",0.289200443590658,"lh"
"2012",128127,"prculs_v",1.14226429069751,"lh"
"2112",144125,"prculs_v",0.733908422586619,"lh"
"2212",151425,"prculs_v",1.44748025560394,"lh"
"2312",164939,"prculs_v",1.0406306852237,"lh"
"2412",168240,"prculs_v",0.809895083516163,"lh"
"2512",180937,"prculs_v",0.631809046808116,"lh"
"2612",380036,"prculs_v",1.6441324089873,"lh"
"2712",531536,"prculs_v",0.901538224759055,"lh"
"2812",622236,"prculs_v",1.10389280711806,"lh"
"2912",679770,"prculs_v",0.997499516715567,"lh"
"3012",687163,"prculs_v",1.43231385612289,"lh"
"3112",867468,"prculs_v",0.934734561368042,"lh"
"3212",910241,"prculs_v",0.824105288230121,"lh"
"3312",101006,"prculs_v",1.15630263202723,"rh"
"3412",101107,"prculs_v",1.11430578004216,"rh"
"3512",101410,"prculs_v",0.510195452365001,"rh"
"3612",102008,"prculs_v",1.15796923392843,"rh"
"3712",102816,"prculs_v",1.06853768254025,"rh"
"3812",103111,"prculs_v",1.24344302904946,"rh"
"3912",103515,"prculs_v",0.860933406629084,"rh"
"4012",105115,"prculs_v",0.850985435897158,"rh"
"4112",105620,"prculs_v",1.50208535100181,"rh"
"4212",106016,"prculs_v",0.972704437513147,"rh"
"4312",106319,"prculs_v",0.918769892782083,"rh"
"4412",107018,"prculs_v",0.720615975330786,"rh"
"4512",107422,"prculs_v",1.1644292520201,"rh"
"4612",107725,"prculs_v",0.858553523541673,"rh"
"4712",108525,"prculs_v",1.04923289821784,"rh"
"4812",112920,"prculs_v",1.42396367455058,"rh"
"4912",114924,"prculs_v",0.781399635609621,"rh"
"5012",128127,"prculs_v",0.98642742784017,"rh"
"5112",133928,"prculs_v",1.14264975354253,"rh"
"5212",151425,"prculs_v",NA,"rh"
"5312",151829,"prculs_v",0.905669861981323,"rh"
"5412",180937,"prculs_v",1.0681255469653,"rh"
"5512",185947,"prculs_v",1.47683662477379,"rh"
"5612",214019,"prculs_v",0.464531592995033,"rh"
"5712",380036,"prculs_v",0.693181445072181,"rh"
"5812",531536,"prculs_v",0.753422914351827,"rh"
"5912",585256,"prculs_v",1.66198526265733,"rh"
"6012",622236,"prculs_v",NA,"rh"
"6112",644044,"prculs_v",1.19938478572996,"rh"
"6212",910241,"prculs_v",1.4263097027486,"rh"
"6312",959574,"prculs_v",1.03068434948781,"rh"
"1252",100408,"isms",NA,"lh"
"2103",102311,"isms",0.979881137582322,"lh"
"3103",106016,"isms",0.565848572661232,"lh"
"4103",107422,"isms",0.265203024837417,"lh"
"5103",108222,"isms",1.12614382328041,"lh"
"6103",120111,"isms",1.21607578611692,"lh"
"7103",168240,"isms",0.89401536781293,"lh"
"8103",180937,"isms",0.554459587274606,"lh"
"9102",910241,"isms",1.19770104818096,"lh"
"10103",102008,"isms",0.621937127960604,"rh"
"11103",103818,"isms",1.09919620108716,"rh"
"1253",107220,"isms",0.670112422767713,"rh"
"1313",108222,"isms",0.773123076406577,"rh"
"1413",108323,"isms",NA,"rh"
"1513",110613,"isms",NA,"rh"
"1613",120111,"isms",0.898417432245702,"rh"
"1713",128127,"isms",0.924991887185728,"rh"
"1813",185947,"isms",0.864664771242058,"rh"
"1913",517239,"isms",0.851033796743,"rh"
"2013",566454,"isms",0.512123125045215,"rh"
"1254",100206,"pmcgs",1.3878604194711,"lh"
"2104",100307,"pmcgs",1.01064592743492,"lh"
"3104",100408,"pmcgs",1.54142617809144,"lh"
"4104",100610,"pmcgs",0.658835556986876,"lh"
"5104",101006,"pmcgs",0.795538523400305,"lh"
"6104",101107,"pmcgs",NA,"lh"
"7104",101309,"pmcgs",1.43545665467839,"lh"
"8104",101410,"pmcgs",0.929587322395684,"lh"
"9103",101915,"pmcgs",1.22202644337424,"lh"
"10104",102008,"pmcgs",NA,"lh"
"11104",102311,"pmcgs",0.93182226207904,"lh"
"1255",102513,"pmcgs",1.77597880317743,"lh"
"1314",102816,"pmcgs",1.4415903099544,"lh"
"1414",103111,"pmcgs",1.00929599845004,"lh"
"1514",103414,"pmcgs",1.00116641111495,"lh"
"1614",103515,"pmcgs",1.13756148870689,"lh"
"1714",103818,"pmcgs",1.11255750142664,"lh"
"1814",104416,"pmcgs",0.762662552127821,"lh"
"1914",104820,"pmcgs",0.625495887662736,"lh"
"2014",105014,"pmcgs",1.25429508762677,"lh"
"2113",105115,"pmcgs",1.56515311212356,"lh"
"2213",105216,"pmcgs",1.16663664203624,"lh"
"2313",105620,"pmcgs",0.936423435139779,"lh"
"2413",106016,"pmcgs",1.16351667767328,"lh"
"2513",106319,"pmcgs",0.299004626537534,"lh"
"2613",106521,"pmcgs",1.38405123590442,"lh"
"2713",107018,"pmcgs",0.716768554181931,"lh"
"2813",107220,"pmcgs",1.05079574137843,"lh"
"2913",107321,"pmcgs",1.15012326074922,"lh"
"3013",107422,"pmcgs",1.24626542153589,"lh"
"3113",107725,"pmcgs",1.11983942667865,"lh"
"3213",108121,"pmcgs",1.52663175809816,"lh"
"3313",108222,"pmcgs",1.05229736166334,"lh"
"3413",108323,"pmcgs",1.01662872850933,"lh"
"3513",108525,"pmcgs",0.852404964188827,"lh"
"3613",108828,"pmcgs",0.949479530310671,"lh"
"3713",109123,"pmcgs",1.85130661596219,"lh"
"3813",109325,"pmcgs",0.651468487497738,"lh"
"3913",109830,"pmcgs",1.19932482325962,"lh"
"4013",110007,"pmcgs",0.866418184450256,"lh"
"4113",110411,"pmcgs",0.77860364534833,"lh"
"4213",110613,"pmcgs",NA,"lh"
"4313",112920,"pmcgs",1.45917498185806,"lh"
"4413",114924,"pmcgs",1.86764510436065,"lh"
"4513",128127,"pmcgs",0.358864422284423,"lh"
"4613",133928,"pmcgs",1.73211594363613,"lh"
"4713",144125,"pmcgs",0.606510091020161,"lh"
"4813",146937,"pmcgs",1.039665217117,"lh"
"4913",151425,"pmcgs",0.897348770295516,"lh"
"5013",151829,"pmcgs",0.674645416697837,"lh"
"5113",164939,"pmcgs",0.902614819148755,"lh"
"5213",168240,"pmcgs",0.667253046921621,"lh"
"5313",176744,"pmcgs",1.06612247757979,"lh"
"5413",180937,"pmcgs",0.91596878057671,"lh"
"5513",185947,"pmcgs",0.846004053868913,"lh"
"5613",214019,"pmcgs",1.00456214103979,"lh"
"5713",268749,"pmcgs",1.2935589054445,"lh"
"5813",365343,"pmcgs",1.18589713876948,"lh"
"5913",380036,"pmcgs",1.08878194943126,"lh"
"6013",517239,"pmcgs",NA,"lh"
"6113",522434,"pmcgs",1.13065162510151,"lh"
"6213",531536,"pmcgs",1.5961818256555,"lh"
"6313",566454,"pmcgs",0.899219601047396,"lh"
"6412",585256,"pmcgs",0.685427699524927,"lh"
"6512",622236,"pmcgs",0.880648889913284,"lh"
"6612",644044,"pmcgs",1.03338674645235,"lh"
"6712",679770,"pmcgs",1.45235075290653,"lh"
"6812",687163,"pmcgs",1.09137652697664,"lh"
"6912",867468,"pmcgs",0.558090216403015,"lh"
"7012",910241,"pmcgs",1.0344424237001,"lh"
"7112",100206,"pmcgs",0.964244341989977,"rh"
"7211",100307,"pmcgs",0.856669712301815,"rh"
"7311",100408,"pmcgs",1.11053069582959,"rh"
"7411",100610,"pmcgs",1.37038113299364,"rh"
"7511",101006,"pmcgs",0.516695439565622,"rh"
"7611",101107,"pmcgs",1.8861414944057,"rh"
"7711",101309,"pmcgs",1.33504534680698,"rh"
"7811",101410,"pmcgs",1.00353604496196,"rh"
"7911",101915,"pmcgs",1.19172075161913,"rh"
"8011",102008,"pmcgs",1.30069037513604,"rh"
"8111",102311,"pmcgs",0.765866252223823,"rh"
"8211",102513,"pmcgs",0.892654304543359,"rh"
"8311",102816,"pmcgs",0.97604332255167,"rh"
"8410",103414,"pmcgs",1.26864257518479,"rh"
"8510",103515,"pmcgs",1.27458980541846,"rh"
"8610",103818,"pmcgs",1.11986148399095,"rh"
"8710",104416,"pmcgs",1.30675017463578,"rh"
"8810",105014,"pmcgs",1.29149724130818,"rh"
"8910",105115,"pmcgs",1.10649637465837,"rh"
"9010",105216,"pmcgs",1.12773500900604,"rh"
"9110",105620,"pmcgs",0.508123537568522,"rh"
"9210",106016,"pmcgs",0.808580554062061,"rh"
"9310",106319,"pmcgs",1.40544935608365,"rh"
"9410",106521,"pmcgs",NA,"rh"
"9510",107018,"pmcgs",0.870637085438105,"rh"
"9610",107220,"pmcgs",1.2653683901064,"rh"
"9710",107321,"pmcgs",0.453705955765262,"rh"
"9810",107422,"pmcgs",0.499301976413638,"rh"
"9910",107725,"pmcgs",1.71783228973044,"rh"
"10010",108121,"pmcgs",0.880895567416911,"rh"
"10110",108222,"pmcgs",NA,"rh"
"10210",108323,"pmcgs",1.12776904400973,"rh"
"10310",108525,"pmcgs",1.05130657265426,"rh"
"10410",108828,"pmcgs",0.267068749310701,"rh"
"10510",109123,"pmcgs",NA,"rh"
"10610",109325,"pmcgs",1.49249746560782,"rh"
"10710",109830,"pmcgs",0.769086157328986,"rh"
"10810",110007,"pmcgs",0.877806371457518,"rh"
"10910",110411,"pmcgs",1.2946954370585,"rh"
"11010",110613,"pmcgs",1.10907671608569,"rh"
"11110",112920,"pmcgs",1.21512786484257,"rh"
"11210",120111,"pmcgs",0.44344259158333,"rh"
"11310",128127,"pmcgs",1.58343688005906,"rh"
"11410",133928,"pmcgs",1.11386419222543,"rh"
"11510",144125,"pmcgs",NA,"rh"
"11610",146937,"pmcgs",0.921312237358366,"rh"
"11710",151425,"pmcgs",1.07270833777578,"rh"
"11810",164939,"pmcgs",1.37050465626814,"rh"
"11910",168240,"pmcgs",1.4470071472238,"rh"
"12010",176744,"pmcgs",0.797647783647837,"rh"
"12110",180937,"pmcgs",1.21978351809443,"rh"
"12210",185947,"pmcgs",1.35636156838521,"rh"
"12310",214019,"pmcgs",NA,"rh"
"12410",268749,"pmcgs",1.0196796008709,"rh"
"1256",365343,"pmcgs",1.21972279194778,"rh"
"1261",380036,"pmcgs",1.05445481762301,"rh"
"1271",517239,"pmcgs",1.07347315206302,"rh"
"1281",522434,"pmcgs",1.26691668479063,"rh"
"1291",531536,"pmcgs",1.11337553782214,"rh"
"1301",566454,"pmcgs",0.340290972646628,"rh"
"1315",585256,"pmcgs",1.01786827266876,"rh"
"1321",622236,"pmcgs",1.35206639173427,"rh"
"1331",644044,"pmcgs",1.02260099937839,"rh"
"1341",679770,"pmcgs",NA,"rh"
"1351",687163,"pmcgs",0.82106975435709,"rh"
"1361",867468,"pmcgs",0.670574084306506,"rh"
"1371",910241,"pmcgs",NA,"rh"
"1381",959574,"pmcgs",1.16099080055865,"rh"
