"","sub","label","sulcal_depth_mm","hemi"
"1",100206,"mcgs",18.4376009323387,"lh"
"2",100307,"mcgs",15.3683525526113,"lh"
"3",100408,"mcgs",16.3185280897074,"lh"
"4",100610,"mcgs",16.2740677934122,"lh"
"5",101006,"mcgs",14.0064846285371,"lh"
"6",101107,"mcgs",13.1758818660332,"lh"
"7",101309,"mcgs",13.8266401171418,"lh"
"8",101410,"mcgs",15.7618969569922,"lh"
"9",101915,"mcgs",12.6782560166369,"lh"
"10",102008,"mcgs",11.9581865834685,"lh"
"11",102311,"mcgs",16.1727117719786,"lh"
"12",102513,"mcgs",16.5740417084965,"lh"
"13",102816,"mcgs",14.3228722348404,"lh"
"14",103111,"mcgs",14.9919117505746,"lh"
"15",103414,"mcgs",14.4390872320025,"lh"
"16",103515,"mcgs",12.7804961802633,"lh"
"17",103818,"mcgs",13.2194287520948,"lh"
"18",104416,"mcgs",18.9318289925786,"lh"
"19",104820,"mcgs",13.754102659981,"lh"
"20",105014,"mcgs",17.3423845256915,"lh"
"21",105115,"mcgs",16.2052873368715,"lh"
"22",105216,"mcgs",15.9923426698493,"lh"
"23",105620,"mcgs",15.8597020021427,"lh"
"24",106016,"mcgs",14.1956894790437,"lh"
"25",106319,"mcgs",15.3734878021523,"lh"
"26",106521,"mcgs",15.9199314989133,"lh"
"27",107018,"mcgs",13.1944565142992,"lh"
"28",107220,"mcgs",14.6440347794052,"lh"
"29",107321,"mcgs",14.8480347641004,"lh"
"30",107422,"mcgs",17.2644072872297,"lh"
"31",107725,"mcgs",13.6145909616631,"lh"
"32",108121,"mcgs",14.3319609843642,"lh"
"33",108222,"mcgs",14.53172906175,"lh"
"34",108323,"mcgs",14.3711199392912,"lh"
"35",108525,"mcgs",14.6844452829036,"lh"
"36",108828,"mcgs",14.6310510439281,"lh"
"37",109123,"mcgs",16.2502641229449,"lh"
"38",109325,"mcgs",14.2676342197766,"lh"
"39",109830,"mcgs",14.7760051829829,"lh"
"40",110007,"mcgs",12.5701725749765,"lh"
"41",110411,"mcgs",14.6662703084529,"lh"
"42",110613,"mcgs",15.9578531052119,"lh"
"43",112920,"mcgs",17.2813778196499,"lh"
"44",114924,"mcgs",14.7072018148831,"lh"
"45",120111,"mcgs",17.9704279768517,"lh"
"46",128127,"mcgs",15.6415780883577,"lh"
"47",133928,"mcgs",16.3831218720382,"lh"
"48",144125,"mcgs",12.5796786564301,"lh"
"49",146937,"mcgs",15.1610150820549,"lh"
"50",151425,"mcgs",12.130871653394,"lh"
"51",151829,"mcgs",14.1380896407918,"lh"
"52",164939,"mcgs",13.0473549143655,"lh"
"53",168240,"mcgs",15.7017971002689,"lh"
"54",176744,"mcgs",15.1773192354664,"lh"
"55",180937,"mcgs",16.7957924187517,"lh"
"56",185947,"mcgs",15.1035490861619,"lh"
"57",214019,"mcgs",15.4900430710727,"lh"
"58",268749,"mcgs",15.0370786534201,"lh"
"59",365343,"mcgs",16.4213773882384,"lh"
"60",380036,"mcgs",13.8864721412875,"lh"
"61",517239,"mcgs",17.0249035182582,"lh"
"62",522434,"mcgs",13.8520453446254,"lh"
"63",531536,"mcgs",17.622721575417,"lh"
"64",566454,"mcgs",13.8281961933514,"lh"
"65",585256,"mcgs",17.0656182580526,"lh"
"66",622236,"mcgs",14.4329841224734,"lh"
"67",644044,"mcgs",16.5223787184033,"lh"
"68",679770,"mcgs",16.3478134600859,"lh"
"69",687163,"mcgs",15.1872942190038,"lh"
"70",867468,"mcgs",14.3442379512454,"lh"
"71",910241,"mcgs",15.8056824941198,"lh"
"72",959574,"mcgs",14.3642642902104,"lh"
"73",100206,"pos",21.9184849423215,"lh"
"74",100307,"pos",20.4114576150188,"lh"
"75",100408,"pos",21.7007711234616,"lh"
"76",100610,"pos",20.4941101696859,"lh"
"77",101006,"pos",18.2922920793213,"lh"
"78",101107,"pos",21.3624247635655,"lh"
"79",101309,"pos",23.6218843676382,"lh"
"80",101410,"pos",21.6308584860109,"lh"
"81",101915,"pos",16.8536680244955,"lh"
"82",102008,"pos",16.6164574481558,"lh"
"83",102311,"pos",21.8276350085105,"lh"
"84",102513,"pos",20.5142766254916,"lh"
"85",102816,"pos",17.0336463531254,"lh"
"86",103111,"pos",19.0617006523083,"lh"
"87",103414,"pos",17.2755797728016,"lh"
"88",103515,"pos",16.5533426874313,"lh"
"89",103818,"pos",17.6150638635012,"lh"
"90",104416,"pos",20.77336984661,"lh"
"91",104820,"pos",18.2136217284284,"lh"
"92",105014,"pos",20.6563784176136,"lh"
"93",105115,"pos",17.3489232742043,"lh"
"94",105216,"pos",18.5381046339495,"lh"
"95",105620,"pos",19.9031855825791,"lh"
"96",106016,"pos",19.9746639053772,"lh"
"97",106319,"pos",20.4287938582179,"lh"
"98",106521,"pos",20.7321203226597,"lh"
"99",107018,"pos",16.0006478563196,"lh"
"100",107220,"pos",19.2245409854841,"lh"
"101",107321,"pos",16.7707235802085,"lh"
"102",107422,"pos",21.5609023706252,"lh"
"103",107725,"pos",16.5466381319374,"lh"
"104",108121,"pos",11.8772733406987,"lh"
"105",108222,"pos",15.3892556084941,"lh"
"106",108323,"pos",22.7993456406551,"lh"
"107",108525,"pos",21.408760615532,"lh"
"108",108828,"pos",21.7472639921929,"lh"
"109",109123,"pos",22.9521721751008,"lh"
"110",109325,"pos",18.533881746588,"lh"
"111",109830,"pos",17.8137968598379,"lh"
"112",110007,"pos",15.0242835140261,"lh"
"113",110411,"pos",16.6402155885446,"lh"
"114",110613,"pos",21.9170989221983,"lh"
"115",112920,"pos",22.3924882842573,"lh"
"116",114924,"pos",19.5739997360568,"lh"
"117",120111,"pos",17.0425918433108,"lh"
"118",128127,"pos",20.6690209454186,"lh"
"119",133928,"pos",23.6630974544303,"lh"
"120",144125,"pos",21.8944816661721,"lh"
"121",146937,"pos",20.767187466521,"lh"
"122",151425,"pos",20.6666075628755,"lh"
"123",151829,"pos",18.660475033506,"lh"
"124",164939,"pos",17.7563539686238,"lh"
"125",168240,"pos",19.5348376939978,"lh"
"126",176744,"pos",22.018247593696,"lh"
"127",180937,"pos",19.0000935124773,"lh"
"128",185947,"pos",18.7372232765424,"lh"
"129",214019,"pos",16.6993953549265,"lh"
"130",268749,"pos",21.0552842839624,"lh"
"131",365343,"pos",16.4342090527408,"lh"
"132",380036,"pos",21.2290404093032,"lh"
"133",517239,"pos",15.4334048633321,"lh"
"134",522434,"pos",17.5516786062344,"lh"
"135",531536,"pos",20.1155333166476,"lh"
"136",566454,"pos",17.5284191495,"lh"
"137",585256,"pos",16.1710758195074,"lh"
"138",622236,"pos",21.5404225533805,"lh"
"139",644044,"pos",18.5607735285549,"lh"
"140",679770,"pos",20.5883769408601,"lh"
"141",687163,"pos",21.481209444251,"lh"
"142",867468,"pos",19.2646013046796,"lh"
"143",910241,"pos",20.6491684832096,"lh"
"144",959574,"pos",20.1254166056928,"lh"
"145",100206,"prcus_p",9.27058288461778,"lh"
"146",100307,"prcus_p",10.8050551708643,"lh"
"147",100408,"prcus_p",14.8795566664372,"lh"
"148",100610,"prcus_p",5.6459216637166,"lh"
"149",101006,"prcus_p",5.87996306928116,"lh"
"150",101107,"prcus_p",12.5762642152352,"lh"
"151",101309,"prcus_p",7.7195298390314,"lh"
"152",101410,"prcus_p",9.44446160319677,"lh"
"153",101915,"prcus_p",9.22155686747928,"lh"
"154",102008,"prcus_p",1.84369383294238,"lh"
"155",102311,"prcus_p",10.2867082656777,"lh"
"156",102513,"prcus_p",14.3888976328317,"lh"
"157",102816,"prcus_p",2.30021814354745,"lh"
"158",103111,"prcus_p",9.31947038880077,"lh"
"159",103414,"prcus_p",5.76527923534643,"lh"
"160",103515,"prcus_p",2.09681334091298,"lh"
"161",103818,"prcus_p",3.48702945091177,"lh"
"162",104416,"prcus_p",13.098311161827,"lh"
"163",104820,"prcus_p",6.10834094043131,"lh"
"164",105014,"prcus_p",4.81999495990648,"lh"
"165",105115,"prcus_p",3.5568523268251,"lh"
"166",105216,"prcus_p",9.27978346926216,"lh"
"167",105620,"prcus_p",13.3137578644084,"lh"
"168",106016,"prcus_p",6.9330237913115,"lh"
"169",106319,"prcus_p",11.6975945042586,"lh"
"170",106521,"prcus_p",9.69619160621726,"lh"
"171",107018,"prcus_p",5.19116169512275,"lh"
"172",107220,"prcus_p",5.45524907697545,"lh"
"173",107321,"prcus_p",5.07625136661781,"lh"
"174",107422,"prcus_p",10.3277438589414,"lh"
"175",107725,"prcus_p",4.48928676349473,"lh"
"176",108121,"prcus_p",7.08817021077628,"lh"
"177",108222,"prcus_p",5.01898321458824,"lh"
"178",108323,"prcus_p",8.02099040619291,"lh"
"179",108525,"prcus_p",9.09721867731079,"lh"
"180",108828,"prcus_p",10.812841053248,"lh"
"181",109123,"prcus_p",2.0317832108319,"lh"
"182",109325,"prcus_p",9.04864582592033,"lh"
"183",109830,"prcus_p",9.38931327091529,"lh"
"184",110007,"prcus_p",3.78591892469373,"lh"
"185",110411,"prcus_p",0.94448394072831,"lh"
"186",110613,"prcus_p",4.5820038383887,"lh"
"187",112920,"prcus_p",5.61188219283363,"lh"
"188",114924,"prcus_p",4.60840725672668,"lh"
"189",120111,"prcus_p",5.00648184613123,"lh"
"190",128127,"prcus_p",8.00056093789687,"lh"
"191",133928,"prcus_p",2.19735640641528,"lh"
"192",144125,"prcus_p",8.25724892207987,"lh"
"193",146937,"prcus_p",10.9893802743445,"lh"
"194",151425,"prcus_p",12.3760998447775,"lh"
"195",151829,"prcus_p",3.45753831103461,"lh"
"196",164939,"prcus_p",8.29195551238634,"lh"
"197",168240,"prcus_p",12.5639849474871,"lh"
"198",176744,"prcus_p",7.39405534446933,"lh"
"199",180937,"prcus_p",8.26476878796942,"lh"
"200",185947,"prcus_p",11.4553132374416,"lh"
"201",214019,"prcus_p",7.9800712782798,"lh"
"202",268749,"prcus_p",6.44852914588995,"lh"
"203",365343,"prcus_p",6.38797925736563,"lh"
"204",380036,"prcus_p",11.4424132294413,"lh"
"205",517239,"prcus_p",4.03535772240117,"lh"
"206",522434,"prcus_p",4.0618473752468,"lh"
"207",531536,"prcus_p",9.86972285329742,"lh"
"208",566454,"prcus_p",10.3044355451066,"lh"
"209",585256,"prcus_p",3.49981083155478,"lh"
"210",622236,"prcus_p",8.8983450244265,"lh"
"211",644044,"prcus_p",4.57594240387022,"lh"
"212",679770,"prcus_p",2.14293072281927,"lh"
"213",687163,"prcus_p",11.5513512712356,"lh"
"214",867468,"prcus_p",7.90413327646137,"lh"
"215",910241,"prcus_p",4.57382405590165,"lh"
"216",959574,"prcus_p",11.2687166325185,"lh"
"217",100206,"prcus_i",7.44028943234583,"lh"
"218",100307,"prcus_i",9.57942558833599,"lh"
"219",100408,"prcus_i",1.97025686823816,"lh"
"220",100610,"prcus_i",12.9882748276063,"lh"
"221",101006,"prcus_i",7.14068112685553,"lh"
"222",101107,"prcus_i",10.7223274537663,"lh"
"223",101309,"prcus_i",1.38082623022935,"lh"
"224",101410,"prcus_i",3.54475965248534,"lh"
"225",101915,"prcus_i",9.65732091904586,"lh"
"226",102008,"prcus_i",9.72904389141147,"lh"
"227",102311,"prcus_i",3.43914827041139,"lh"
"228",102513,"prcus_i",3.0793611718887,"lh"
"229",102816,"prcus_i",11.3060435721086,"lh"
"230",103111,"prcus_i",9.61551966137356,"lh"
"231",103414,"prcus_i",8.8879183029829,"lh"
"232",103515,"prcus_i",10.0791053152967,"lh"
"233",103818,"prcus_i",11.1563627865624,"lh"
"234",104416,"prcus_i",13.9685989474656,"lh"
"235",104820,"prcus_i",10.5805961456033,"lh"
"236",105014,"prcus_i",6.59754311072922,"lh"
"237",105115,"prcus_i",12.5248651674114,"lh"
"238",105216,"prcus_i",12.4994356173732,"lh"
"239",105620,"prcus_i",4.030923334125,"lh"
"240",106016,"prcus_i",11.6511620611599,"lh"
"241",106319,"prcus_i",13.5206791498603,"lh"
"242",106521,"prcus_i",6.40797754792352,"lh"
"243",107018,"prcus_i",11.7903493060982,"lh"
"244",107220,"prcus_i",10.0665410522673,"lh"
"245",107321,"prcus_i",10.4203260708456,"lh"
"246",107422,"prcus_i",6.38758713657704,"lh"
"247",107725,"prcus_i",11.0066547173345,"lh"
"248",108121,"prcus_i",8.76300556969563,"lh"
"249",108222,"prcus_i",12.3401905673195,"lh"
"250",108323,"prcus_i",2.31879163656494,"lh"
"251",108525,"prcus_i",6.96355041446355,"lh"
"252",108828,"prcus_i",12.9154715683912,"lh"
"253",109123,"prcus_i",9.75055876605577,"lh"
"254",109325,"prcus_i",10.8768275219351,"lh"
"255",109830,"prcus_i",3.96700139527518,"lh"
"256",110007,"prcus_i",6.59056942590333,"lh"
"257",110411,"prcus_i",12.2011566704871,"lh"
"258",110613,"prcus_i",12.876853314184,"lh"
"259",112920,"prcus_i",13.956905171555,"lh"
"260",114924,"prcus_i",12.149682045144,"lh"
"261",120111,"prcus_i",12.8373496006251,"lh"
"262",128127,"prcus_i",5.33660601156389,"lh"
"263",133928,"prcus_i",10.5954504182949,"lh"
"264",144125,"prcus_i",10.779661889272,"lh"
"265",146937,"prcus_i",13.9317902193515,"lh"
"266",151425,"prcus_i",6.47818314059122,"lh"
"267",151829,"prcus_i",11.109307034001,"lh"
"268",164939,"prcus_i",10.2093411213382,"lh"
"269",168240,"prcus_i",14.5868279769965,"lh"
"270",176744,"prcus_i",14.6434023170097,"lh"
"271",180937,"prcus_i",11.2623698116809,"lh"
"272",185947,"prcus_i",11.9922020581485,"lh"
"273",214019,"prcus_i",9.58679251108457,"lh"
"274",268749,"prcus_i",9.29680840393439,"lh"
"275",365343,"prcus_i",11.2848554424534,"lh"
"276",380036,"prcus_i",6.07791019750132,"lh"
"277",517239,"prcus_i",10.7334996100552,"lh"
"278",522434,"prcus_i",7.66587368257957,"lh"
"279",531536,"prcus_i",7.93479228221851,"lh"
"280",566454,"prcus_i",9.74676378644589,"lh"
"281",585256,"prcus_i",8.04373201293293,"lh"
"282",622236,"prcus_i",7.81251349713371,"lh"
"283",644044,"prcus_i",10.5894237022251,"lh"
"284",679770,"prcus_i",10.2707202308623,"lh"
"285",687163,"prcus_i",12.2973090567077,"lh"
"286",867468,"prcus_i",2.57528253428354,"lh"
"287",910241,"prcus_i",12.0002005574546,"lh"
"288",959574,"prcus_i",10.0839093887376,"lh"
"289",100206,"prcus_a",15.169829554122,"lh"
"290",100307,"prcus_a",12.837848959348,"lh"
"291",100408,"prcus_a",11.4428746085759,"lh"
"292",100610,"prcus_a",11.7026487123536,"lh"
"293",101006,"prcus_a",11.1118141849711,"lh"
"294",101107,"prcus_a",16.4469458117139,"lh"
"295",101309,"prcus_a",5.23456906431123,"lh"
"296",101410,"prcus_a",12.9128520409262,"lh"
"297",101915,"prcus_a",12.1121306000359,"lh"
"298",102008,"prcus_a",11.8274289167256,"lh"
"299",102311,"prcus_a",12.3599529189697,"lh"
"300",102513,"prcus_a",13.0680536778372,"lh"
"301",102816,"prcus_a",7.6002575657924,"lh"
"302",103111,"prcus_a",11.5520817906963,"lh"
"303",103414,"prcus_a",11.8620773000248,"lh"
"304",103515,"prcus_a",14.1872234448751,"lh"
"305",103818,"prcus_a",10.3089055910921,"lh"
"306",104416,"prcus_a",8.52104338644493,"lh"
"307",104820,"prcus_a",9.64236215363744,"lh"
"308",105014,"prcus_a",12.7872080527975,"lh"
"309",105115,"prcus_a",13.246983801298,"lh"
"310",105216,"prcus_a",14.2752186775854,"lh"
"311",105620,"prcus_a",14.0181353179475,"lh"
"312",106016,"prcus_a",6.30799461551818,"lh"
"313",106319,"prcus_a",7.73561239545461,"lh"
"314",106521,"prcus_a",8.18400702019998,"lh"
"315",107018,"prcus_a",8.30442628515971,"lh"
"316",107220,"prcus_a",11.7502848040422,"lh"
"317",107321,"prcus_a",10.0270599635686,"lh"
"318",107422,"prcus_a",14.6191966138025,"lh"
"319",107725,"prcus_a",2.61041986321515,"lh"
"320",108121,"prcus_a",3.13244792364117,"lh"
"321",108222,"prcus_a",10.2622909881785,"lh"
"322",108323,"prcus_a",11.0142544833364,"lh"
"323",108525,"prcus_a",11.4275261192511,"lh"
"324",108828,"prcus_a",5.50365498624663,"lh"
"325",109123,"prcus_a",4.84808610220656,"lh"
"326",109325,"prcus_a",9.68405831793386,"lh"
"327",109830,"prcus_a",12.4220372963983,"lh"
"328",110007,"prcus_a",11.5370658124927,"lh"
"329",110411,"prcus_a",1.76175692314277,"lh"
"330",110613,"prcus_a",16.8805033532127,"lh"
"331",112920,"prcus_a",7.13757852864081,"lh"
"332",114924,"prcus_a",0.633717257998431,"lh"
"333",120111,"prcus_a",7.95252478376887,"lh"
"334",128127,"prcus_a",8.67630424524591,"lh"
"335",133928,"prcus_a",4.78095401234166,"lh"
"336",144125,"prcus_a",9.35955583990877,"lh"
"337",146937,"prcus_a",16.6456251406894,"lh"
"338",151425,"prcus_a",14.175634685599,"lh"
"339",151829,"prcus_a",8.73402317399677,"lh"
"340",164939,"prcus_a",10.0253692563536,"lh"
"341",168240,"prcus_a",10.5136582818634,"lh"
"342",176744,"prcus_a",13.0675004857201,"lh"
"343",180937,"prcus_a",9.42900255256955,"lh"
"344",185947,"prcus_a",8.58266314826184,"lh"
"345",214019,"prcus_a",9.31568727069016,"lh"
"346",268749,"prcus_a",6.47223999775198,"lh"
"347",365343,"prcus_a",7.00563946388277,"lh"
"348",380036,"prcus_a",11.3409133189944,"lh"
"349",517239,"prcus_a",11.7227678862509,"lh"
"350",522434,"prcus_a",9.39855237235351,"lh"
"351",531536,"prcus_a",12.9712436946105,"lh"
"352",566454,"prcus_a",2.57270569026253,"lh"
"353",585256,"prcus_a",10.0771473984615,"lh"
"354",622236,"prcus_a",10.9058678070765,"lh"
"355",644044,"prcus_a",5.40959726215823,"lh"
"356",679770,"prcus_a",12.0392299343632,"lh"
"357",687163,"prcus_a",10.3897975838076,"lh"
"358",867468,"prcus_a",12.1568156198301,"lh"
"359",910241,"prcus_a",10.7598029318086,"lh"
"360",959574,"prcus_a",4.88535495216025,"lh"
"361",100206,"prculs_d",16.754813567389,"lh"
"362",100307,"prculs_d",13.3718559442605,"lh"
"363",100408,"prculs_d",14.0758064867273,"lh"
"364",100610,"prculs_d",12.5156128335652,"lh"
"365",101006,"prculs_d",16.2084994409666,"lh"
"366",101107,"prculs_d",15.2484314322945,"lh"
"367",101309,"prculs_d",17.898096448883,"lh"
"368",101410,"prculs_d",17.5180020829532,"lh"
"369",101915,"prculs_d",14.7947045825595,"lh"
"370",102008,"prculs_d",13.1271627067714,"lh"
"371",102311,"prculs_d",13.1627848119492,"lh"
"372",102513,"prculs_d",19.4170195628519,"lh"
"373",102816,"prculs_d",11.7171568415193,"lh"
"374",103111,"prculs_d",16.1736102617507,"lh"
"375",103414,"prculs_d",13.2956487072048,"lh"
"376",103515,"prculs_d",13.807126248829,"lh"
"377",103818,"prculs_d",10.6965770018309,"lh"
"378",104416,"prculs_d",17.2981477794188,"lh"
"379",104820,"prculs_d",14.8083970313762,"lh"
"380",105014,"prculs_d",12.7693565857356,"lh"
"381",105115,"prculs_d",11.3184652823986,"lh"
"382",105216,"prculs_d",16.680272897964,"lh"
"383",105620,"prculs_d",16.6276423666559,"lh"
"384",106016,"prculs_d",15.0240525342117,"lh"
"385",106319,"prculs_d",13.9591128214648,"lh"
"386",106521,"prculs_d",14.9044771614434,"lh"
"387",107018,"prculs_d",13.8903696913122,"lh"
"388",107220,"prculs_d",13.8199848697371,"lh"
"389",107321,"prculs_d",14.1580102318798,"lh"
"390",107422,"prculs_d",17.7794760228579,"lh"
"391",107725,"prculs_d",10.5495829673918,"lh"
"392",108121,"prculs_d",13.2344447326423,"lh"
"393",108222,"prculs_d",13.4999678534118,"lh"
"394",108323,"prculs_d",17.2663553883281,"lh"
"395",108525,"prculs_d",16.4846281351351,"lh"
"396",108828,"prculs_d",10.4629767397338,"lh"
"397",109123,"prculs_d",18.7060529936859,"lh"
"398",109325,"prculs_d",15.9360193802244,"lh"
"399",109830,"prculs_d",15.1369413817396,"lh"
"400",110007,"prculs_d",9.68343817430586,"lh"
"401",110411,"prculs_d",13.8128040789434,"lh"
"402",110613,"prculs_d",14.5557650578979,"lh"
"403",112920,"prculs_d",16.7464146171857,"lh"
"404",114924,"prculs_d",10.615535075789,"lh"
"405",120111,"prculs_d",13.3406766130516,"lh"
"406",128127,"prculs_d",5.06994628863324,"lh"
"407",133928,"prculs_d",15.0915679873724,"lh"
"408",144125,"prculs_d",14.8458555259568,"lh"
"409",146937,"prculs_d",16.9310155671102,"lh"
"410",151425,"prculs_d",13.8774728716002,"lh"
"411",151829,"prculs_d",11.0137384824825,"lh"
"412",164939,"prculs_d",14.9210699121913,"lh"
"413",168240,"prculs_d",15.4623065977417,"lh"
"414",176744,"prculs_d",11.7271125194647,"lh"
"415",180937,"prculs_d",12.1143260218098,"lh"
"416",185947,"prculs_d",16.6985565814532,"lh"
"417",214019,"prculs_d",3.97293699506352,"lh"
"418",268749,"prculs_d",13.9009648180163,"lh"
"419",365343,"prculs_d",10.9615328551368,"lh"
"420",380036,"prculs_d",12.6562383480306,"lh"
"421",517239,"prculs_d",12.1935017215793,"lh"
"422",522434,"prculs_d",11.1462803985178,"lh"
"423",531536,"prculs_d",15.1914328986829,"lh"
"424",566454,"prculs_d",9.83321270219482,"lh"
"425",585256,"prculs_d",9.57031997928705,"lh"
"426",622236,"prculs_d",17.9325425037493,"lh"
"427",644044,"prculs_d",11.8332850753946,"lh"
"428",679770,"prculs_d",12.8251019131936,"lh"
"429",687163,"prculs_d",12.7088974157035,"lh"
"430",867468,"prculs_d",14.1070447684157,"lh"
"431",910241,"prculs_d",14.5809277793937,"lh"
"432",959574,"prculs_d",15.4706079777861,"lh"
"433",100206,"spls",14.4467411208811,"lh"
"434",100307,"spls",13.0447237951288,"lh"
"435",100408,"spls",11.057316040574,"lh"
"436",100610,"spls",13.6763894967222,"lh"
"437",101006,"spls",11.7473289847122,"lh"
"438",101107,"spls",14.9427467838785,"lh"
"439",101309,"spls",9.69761379721434,"lh"
"440",101410,"spls",15.5789026436894,"lh"
"441",101915,"spls",12.5136411241271,"lh"
"442",102008,"spls",12.2256952285961,"lh"
"443",102311,"spls",14.1385790297867,"lh"
"444",102513,"spls",14.588860029829,"lh"
"445",102816,"spls",11.6672060585772,"lh"
"446",103111,"spls",13.1316751357768,"lh"
"447",103414,"spls",12.1195763569709,"lh"
"448",103515,"spls",11.1240956226743,"lh"
"449",103818,"spls",11.0995562835145,"lh"
"450",104416,"spls",14.9928758993648,"lh"
"451",104820,"spls",10.7835879154288,"lh"
"452",105014,"spls",13.0560463087669,"lh"
"453",105115,"spls",11.4508837979057,"lh"
"454",105216,"spls",16.0989518018737,"lh"
"455",105620,"spls",13.5400785577721,"lh"
"456",106016,"spls",12.0264954480516,"lh"
"457",106319,"spls",15.0958933453861,"lh"
"458",106521,"spls",11.4215614976345,"lh"
"459",107018,"spls",11.8575651380091,"lh"
"460",107220,"spls",13.08791466719,"lh"
"461",107321,"spls",11.2040346352274,"lh"
"462",107422,"spls",12.9595060036127,"lh"
"463",107725,"spls",8.47271956977445,"lh"
"464",108121,"spls",11.8841265105542,"lh"
"465",108222,"spls",14.0074755409322,"lh"
"466",108323,"spls",11.5200791179607,"lh"
"467",108525,"spls",12.3297015702806,"lh"
"468",108828,"spls",13.6453248121327,"lh"
"469",109123,"spls",10.8401960254553,"lh"
"470",109325,"spls",12.4504051489791,"lh"
"471",109830,"spls",11.443963240809,"lh"
"472",110007,"spls",11.4414297746367,"lh"
"473",110411,"spls",12.6781348434801,"lh"
"474",110613,"spls",13.4206816842019,"lh"
"475",112920,"spls",14.2777258409036,"lh"
"476",114924,"spls",12.5941577227866,"lh"
"477",120111,"spls",13.2680229722891,"lh"
"478",128127,"spls",12.4399683481774,"lh"
"479",133928,"spls",7.57517776884609,"lh"
"480",144125,"spls",10.2708548443134,"lh"
"481",146937,"spls",13.1978264742088,"lh"
"482",151425,"spls",12.8024734081586,"lh"
"483",151829,"spls",12.092138672589,"lh"
"484",164939,"spls",12.4739220149535,"lh"
"485",168240,"spls",11.1172106795175,"lh"
"486",176744,"spls",13.8053449748933,"lh"
"487",180937,"spls",12.6477929081649,"lh"
"488",185947,"spls",11.7110431853575,"lh"
"489",214019,"spls",13.6755402617824,"lh"
"490",268749,"spls",11.8501393051654,"lh"
"491",365343,"spls",13.7296471844876,"lh"
"492",380036,"spls",14.0685913933555,"lh"
"493",517239,"spls",12.5619183066272,"lh"
"494",522434,"spls",10.5619081802502,"lh"
"495",531536,"spls",14.3255328387658,"lh"
"496",566454,"spls",9.50952849139352,"lh"
"497",585256,"spls",12.4731641669552,"lh"
"498",622236,"spls",13.1835089809954,"lh"
"499",644044,"spls",12.048180417749,"lh"
"500",679770,"spls",13.8705795903888,"lh"
"501",687163,"spls",13.772429788524,"lh"
"502",867468,"spls",13.3896446545043,"lh"
"503",910241,"spls",15.6100943953722,"lh"
"504",959574,"spls",11.971062992365,"lh"
"505",100206,"ifrms",2.59859721671999,"lh"
"506",100307,"ifrms",3.17776448801414,"lh"
"507",100408,"ifrms",2.57949123757585,"lh"
"508",100610,"ifrms",2.90598414889964,"lh"
"509",101006,"ifrms",1.8845889414867,"lh"
"510",101107,"ifrms",2.93896052380077,"lh"
"511",101309,"ifrms",1.51851197304205,"lh"
"512",101410,"ifrms",2.55292806983308,"lh"
"513",101915,"ifrms",2.1079500753764,"lh"
"514",102008,"ifrms",0.818244386835514,"lh"
"515",102311,"ifrms",2.4827478568257,"lh"
"516",102513,"ifrms",3.39204702557776,"lh"
"517",102816,"ifrms",0.944666545609017,"lh"
"518",103111,"ifrms",3.84848997766363,"lh"
"519",103414,"ifrms",2.40231073671559,"lh"
"520",103515,"ifrms",2.66132371539091,"lh"
"521",103818,"ifrms",2.59746741552189,"lh"
"522",104416,"ifrms",2.32539406678332,"lh"
"523",104820,"ifrms",5.01306959678024,"lh"
"524",105014,"ifrms",3.75584815914118,"lh"
"525",105115,"ifrms",2.32768728831162,"lh"
"526",105216,"ifrms",2.29987667704937,"lh"
"527",105620,"ifrms",2.35097504836275,"lh"
"528",106016,"ifrms",1.76267461344716,"lh"
"529",106319,"ifrms",2.68334853239898,"lh"
"530",106521,"ifrms",1.69899701237215,"lh"
"531",107018,"ifrms",1.76093001293677,"lh"
"532",107220,"ifrms",4.90113672119137,"lh"
"533",107321,"ifrms",2.3885096229036,"lh"
"534",107422,"ifrms",2.38337868737733,"lh"
"535",107725,"ifrms",3.04582791447534,"lh"
"536",108121,"ifrms",4.74401688885345,"lh"
"537",108222,"ifrms",2.38118341978184,"lh"
"538",108323,"ifrms",2.20531569993623,"lh"
"539",108525,"ifrms",6.46645270583496,"lh"
"540",108828,"ifrms",4.17233424788285,"lh"
"541",109123,"ifrms",2.51532970660627,"lh"
"542",109325,"ifrms",2.95322978313246,"lh"
"543",109830,"ifrms",2.91356800840341,"lh"
"544",110007,"ifrms",1.39268605966808,"lh"
"545",110411,"ifrms",2.41646574656285,"lh"
"546",110613,"ifrms",2.29030145819371,"lh"
"547",112920,"ifrms",2.14398255870148,"lh"
"548",114924,"ifrms",1.41361015884756,"lh"
"549",120111,"ifrms",2.24524675788659,"lh"
"550",128127,"ifrms",1.6827641629965,"lh"
"551",133928,"ifrms",2.97912008475607,"lh"
"552",144125,"ifrms",2.8528658299871,"lh"
"553",146937,"ifrms",1.91362094851916,"lh"
"554",151425,"ifrms",3.70876228609112,"lh"
"555",151829,"ifrms",1.75960610150238,"lh"
"556",164939,"ifrms",1.93475860227573,"lh"
"557",168240,"ifrms",3.8177936311996,"lh"
"558",176744,"ifrms",1.83046400562517,"lh"
"559",180937,"ifrms",0.971083390218484,"lh"
"560",185947,"ifrms",1.40355281579354,"lh"
"561",214019,"ifrms",2.22840978722934,"lh"
"562",268749,"ifrms",3.50615618381835,"lh"
"563",365343,"ifrms",4.82794112896149,"lh"
"564",380036,"ifrms",3.19368289152339,"lh"
"565",517239,"ifrms",3.45282955998385,"lh"
"566",522434,"ifrms",2.83517909441279,"lh"
"567",531536,"ifrms",1.13899673593274,"lh"
"568",566454,"ifrms",1.18169885414812,"lh"
"569",585256,"ifrms",2.80602874180808,"lh"
"570",622236,"ifrms",2.50443989251697,"lh"
"571",644044,"ifrms",1.7369653183669,"lh"
"572",679770,"ifrms",2.04934539363122,"lh"
"573",687163,"ifrms",2.55897051437803,"lh"
"574",867468,"ifrms",1.80109349399855,"lh"
"575",910241,"ifrms",2.23043725883917,"lh"
"576",959574,"ifrms",2.80204016517821,"lh"
"577",100206,"mcgs",17.334584644155,"rh"
"578",100307,"mcgs",15.106079598563,"rh"
"579",100408,"mcgs",16.5020671988727,"rh"
"580",100610,"mcgs",15.5964636092539,"rh"
"581",101006,"mcgs",13.4038226674903,"rh"
"582",101107,"mcgs",14.1926739571639,"rh"
"583",101309,"mcgs",13.1940266415212,"rh"
"584",101410,"mcgs",16.067718503948,"rh"
"585",101915,"mcgs",13.5032853635674,"rh"
"586",102008,"mcgs",11.7237517229408,"rh"
"587",102311,"mcgs",14.3822545133094,"rh"
"588",102513,"mcgs",17.6367657732633,"rh"
"589",102816,"mcgs",12.7319773670065,"rh"
"590",103111,"mcgs",11.0200381571717,"rh"
"591",103414,"mcgs",12.0831469408063,"rh"
"592",103515,"mcgs",10.9251998518918,"rh"
"593",103818,"mcgs",12.6212716878715,"rh"
"594",104416,"mcgs",12.7422525607662,"rh"
"595",104820,"mcgs",12.7966204934327,"rh"
"596",105014,"mcgs",12.2264301059826,"rh"
"597",105115,"mcgs",12.784273620018,"rh"
"598",105216,"mcgs",16.1549156142883,"rh"
"599",105620,"mcgs",12.8897484765222,"rh"
"600",106016,"mcgs",13.4988358098953,"rh"
"601",106319,"mcgs",13.7532760374433,"rh"
"602",106521,"mcgs",16.7950113092215,"rh"
"603",107018,"mcgs",7.2014628666658,"rh"
"604",107220,"mcgs",13.4091788304077,"rh"
"605",107321,"mcgs",13.0275867017664,"rh"
"606",107422,"mcgs",13.176866657502,"rh"
"607",107725,"mcgs",13.5927539336591,"rh"
"608",108121,"mcgs",12.9782427092707,"rh"
"609",108222,"mcgs",13.1739318023957,"rh"
"610",108323,"mcgs",14.6784900182649,"rh"
"611",108525,"mcgs",13.6316957984852,"rh"
"612",108828,"mcgs",14.5979031099576,"rh"
"613",109123,"mcgs",16.5718605107416,"rh"
"614",109325,"mcgs",13.7273425983088,"rh"
"615",109830,"mcgs",13.4742911530028,"rh"
"616",110007,"mcgs",11.4530588011058,"rh"
"617",110411,"mcgs",13.2879989214578,"rh"
"618",110613,"mcgs",14.6992420366452,"rh"
"619",112920,"mcgs",14.5407591391899,"rh"
"620",114924,"mcgs",12.9883546146824,"rh"
"621",120111,"mcgs",14.8227135320775,"rh"
"622",128127,"mcgs",11.7346018203818,"rh"
"623",133928,"mcgs",17.0596530830361,"rh"
"624",144125,"mcgs",14.1761984393975,"rh"
"625",146937,"mcgs",13.2877444902099,"rh"
"626",151425,"mcgs",12.3790033198191,"rh"
"627",151829,"mcgs",12.7259937086342,"rh"
"628",164939,"mcgs",12.5998428100109,"rh"
"629",168240,"mcgs",16.4137764282113,"rh"
"630",176744,"mcgs",15.6205907380792,"rh"
"631",180937,"mcgs",12.8998572873221,"rh"
"632",185947,"mcgs",12.7589653557862,"rh"
"633",214019,"mcgs",12.5204428594929,"rh"
"634",268749,"mcgs",16.6656259480871,"rh"
"635",365343,"mcgs",14.8911781481437,"rh"
"636",380036,"mcgs",15.137891653294,"rh"
"637",517239,"mcgs",14.8481560889709,"rh"
"638",522434,"mcgs",13.3992707930228,"rh"
"639",531536,"mcgs",17.9332598181395,"rh"
"640",566454,"mcgs",13.3989679716873,"rh"
"641",585256,"mcgs",16.0101659450744,"rh"
"642",622236,"mcgs",13.8364623928866,"rh"
"643",644044,"mcgs",16.0826741477314,"rh"
"644",679770,"mcgs",15.7943930365076,"rh"
"645",687163,"mcgs",13.9358139186691,"rh"
"646",867468,"mcgs",14.9521261861564,"rh"
"647",910241,"mcgs",14.5424582821119,"rh"
"648",959574,"mcgs",12.1999498979182,"rh"
"649",100206,"pos",25.0715553543713,"rh"
"650",100307,"pos",21.4499316463314,"rh"
"651",100408,"pos",23.606452448882,"rh"
"652",100610,"pos",19.6713546274042,"rh"
"653",101006,"pos",18.2541826273438,"rh"
"654",101107,"pos",19.7408051566885,"rh"
"655",101309,"pos",24.2685741934206,"rh"
"656",101410,"pos",22.4428383474193,"rh"
"657",101915,"pos",18.3284132748756,"rh"
"658",102008,"pos",17.7457161773641,"rh"
"659",102311,"pos",23.5756736321903,"rh"
"660",102513,"pos",24.0584905371319,"rh"
"661",102816,"pos",19.2993366625307,"rh"
"662",103111,"pos",19.2236504414432,"rh"
"663",103414,"pos",17.9580106095935,"rh"
"664",103515,"pos",18.7891194228526,"rh"
"665",103818,"pos",17.4749949034308,"rh"
"666",104416,"pos",16.3578025914401,"rh"
"667",104820,"pos",18.4113245442715,"rh"
"668",105014,"pos",20.1452137296782,"rh"
"669",105115,"pos",15.1917801407842,"rh"
"670",105216,"pos",22.2278935233911,"rh"
"671",105620,"pos",20.754979931094,"rh"
"672",106016,"pos",16.6062167686667,"rh"
"673",106319,"pos",16.5086275868518,"rh"
"674",106521,"pos",17.3189334752158,"rh"
"675",107018,"pos",17.4220708636163,"rh"
"676",107220,"pos",20.4906226204332,"rh"
"677",107321,"pos",21.7087632127432,"rh"
"678",107422,"pos",21.9575054767873,"rh"
"679",107725,"pos",17.4526142084511,"rh"
"680",108121,"pos",16.4623472944401,"rh"
"681",108222,"pos",21.2777869719144,"rh"
"682",108323,"pos",20.9455089993173,"rh"
"683",108525,"pos",20.679025410758,"rh"
"684",108828,"pos",19.6615648993351,"rh"
"685",109123,"pos",22.3775200353125,"rh"
"686",109325,"pos",21.2130572965358,"rh"
"687",109830,"pos",19.323401782173,"rh"
"688",110007,"pos",16.3838711431965,"rh"
"689",110411,"pos",20.6512441234757,"rh"
"690",110613,"pos",21.9085580323212,"rh"
"691",112920,"pos",20.9569552266709,"rh"
"692",114924,"pos",22.9170430402476,"rh"
"693",120111,"pos",24.978069470417,"rh"
"694",128127,"pos",17.5169586336283,"rh"
"695",133928,"pos",24.3616724490415,"rh"
"696",144125,"pos",20.1213834629276,"rh"
"697",146937,"pos",19.8196646980355,"rh"
"698",151425,"pos",18.267402342215,"rh"
"699",151829,"pos",20.840473206087,"rh"
"700",164939,"pos",17.6861096509145,"rh"
"701",168240,"pos",23.9545789411124,"rh"
"702",176744,"pos",25.8318383770479,"rh"
"703",180937,"pos",19.9015749797761,"rh"
"704",185947,"pos",17.4168828419797,"rh"
"705",214019,"pos",18.2558518763976,"rh"
"706",268749,"pos",24.1570391026082,"rh"
"707",365343,"pos",18.0980546303186,"rh"
"708",380036,"pos",21.9582792196422,"rh"
"709",517239,"pos",17.6325078648705,"rh"
"710",522434,"pos",17.2722843195372,"rh"
"711",531536,"pos",22.259974536883,"rh"
"712",566454,"pos",21.298590633155,"rh"
"713",585256,"pos",15.5945431706903,"rh"
"714",622236,"pos",20.7029337249377,"rh"
"715",644044,"pos",18.7220641568182,"rh"
"716",679770,"pos",21.0675200214549,"rh"
"717",687163,"pos",21.0849735510926,"rh"
"718",867468,"pos",20.1745639543581,"rh"
"719",910241,"pos",18.9095278027773,"rh"
"720",959574,"pos",18.3096233113473,"rh"
"721",100206,"prcus_p",14.6569121955802,"rh"
"722",100307,"prcus_p",11.6630734596011,"rh"
"723",100408,"prcus_p",13.2535448265475,"rh"
"724",100610,"prcus_p",6.66516433246046,"rh"
"725",101006,"prcus_p",6.78614282124942,"rh"
"726",101107,"prcus_p",2.15262233663025,"rh"
"727",101309,"prcus_p",7.95018952570453,"rh"
"728",101410,"prcus_p",1.6181939386067,"rh"
"729",101915,"prcus_p",8.98192234640797,"rh"
"730",102008,"prcus_p",5.08967262791012,"rh"
"731",102311,"prcus_p",9.45402296388935,"rh"
"732",102513,"prcus_p",0.876360966882791,"rh"
"733",102816,"prcus_p",1.86822721113119,"rh"
"734",103111,"prcus_p",6.68053931472173,"rh"
"735",103414,"prcus_p",2.95101528675836,"rh"
"736",103515,"prcus_p",4.82896527579908,"rh"
"737",103818,"prcus_p",8.80012151544995,"rh"
"738",104416,"prcus_p",3.71792179554615,"rh"
"739",104820,"prcus_p",5.31753103805582,"rh"
"740",105014,"prcus_p",0.570515108988549,"rh"
"741",105115,"prcus_p",6.84049920553371,"rh"
"742",105216,"prcus_p",4.54845374106869,"rh"
"743",105620,"prcus_p",11.1200709877279,"rh"
"744",106016,"prcus_p",3.39308032885555,"rh"
"745",106319,"prcus_p",9.66395248751011,"rh"
"746",106521,"prcus_p",10.8884383522075,"rh"
"747",107018,"prcus_p",10.5305949606222,"rh"
"748",107220,"prcus_p",4.61507619081121,"rh"
"749",107321,"prcus_p",5.4517440133796,"rh"
"750",107422,"prcus_p",9.38011220066501,"rh"
"751",107725,"prcus_p",2.36811718827586,"rh"
"752",108121,"prcus_p",4.5384536242115,"rh"
"753",108222,"prcus_p",5.1727814658094,"rh"
"754",108323,"prcus_p",5.31987920605484,"rh"
"755",108525,"prcus_p",6.47657123980824,"rh"
"756",108828,"prcus_p",4.03511645406257,"rh"
"757",109123,"prcus_p",3.94617267866607,"rh"
"758",109325,"prcus_p",2.84531005111113,"rh"
"759",109830,"prcus_p",2.06376059208048,"rh"
"760",110007,"prcus_p",9.09984815988019,"rh"
"761",110411,"prcus_p",3.70884765600434,"rh"
"762",110613,"prcus_p",7.01961042177349,"rh"
"763",112920,"prcus_p",9.57116354475391,"rh"
"764",114924,"prcus_p",7.4165673386154,"rh"
"765",120111,"prcus_p",9.54128540912778,"rh"
"766",128127,"prcus_p",7.78197172317662,"rh"
"767",133928,"prcus_p",1.96367488244935,"rh"
"768",144125,"prcus_p",1.96935944424713,"rh"
"769",146937,"prcus_p",11.1335601571958,"rh"
"770",151425,"prcus_p",5.4757736850826,"rh"
"771",151829,"prcus_p",7.7116269754546,"rh"
"772",164939,"prcus_p",7.84793243324222,"rh"
"773",168240,"prcus_p",3.17998507346977,"rh"
"774",176744,"prcus_p",2.20910585778068,"rh"
"775",180937,"prcus_p",7.1742440550695,"rh"
"776",185947,"prcus_p",6.48015483160066,"rh"
"777",214019,"prcus_p",9.17137685606292,"rh"
"778",268749,"prcus_p",5.8899969452966,"rh"
"779",365343,"prcus_p",1.18376384624731,"rh"
"780",380036,"prcus_p",8.15933531723583,"rh"
"781",517239,"prcus_p",3.67795973288037,"rh"
"782",522434,"prcus_p",10.4021564381616,"rh"
"783",531536,"prcus_p",12.6353888301842,"rh"
"784",566454,"prcus_p",3.73773479496829,"rh"
"785",585256,"prcus_p",8.98683655451475,"rh"
"786",622236,"prcus_p",11.1721980655465,"rh"
"787",644044,"prcus_p",1.90308303574258,"rh"
"788",679770,"prcus_p",5.15723390760152,"rh"
"789",687163,"prcus_p",4.83218222562597,"rh"
"790",867468,"prcus_p",3.2005594662781,"rh"
"791",910241,"prcus_p",9.0898077618748,"rh"
"792",959574,"prcus_p",9.26716773916878,"rh"
"793",100206,"prcus_i",13.3584003045007,"rh"
"794",100307,"prcus_i",10.877033618449,"rh"
"795",100408,"prcus_i",13.0060375534826,"rh"
"796",100610,"prcus_i",6.2389509535608,"rh"
"797",101006,"prcus_i",2.85965043962054,"rh"
"798",101107,"prcus_i",8.81913290933713,"rh"
"799",101309,"prcus_i",1.2895396674779,"rh"
"800",101410,"prcus_i",9.1623312374356,"rh"
"801",101915,"prcus_i",8.32599338709769,"rh"
"802",102008,"prcus_i",9.81000133391462,"rh"
"803",102311,"prcus_i",12.759636670535,"rh"
"804",102513,"prcus_i",12.672912938802,"rh"
"805",102816,"prcus_i",11.5375707366711,"rh"
"806",103111,"prcus_i",13.6641309399745,"rh"
"807",103414,"prcus_i",10.6324149803072,"rh"
"808",103515,"prcus_i",8.93701601727701,"rh"
"809",103818,"prcus_i",3.92843671292166,"rh"
"810",104416,"prcus_i",12.8291505933178,"rh"
"811",104820,"prcus_i",10.3398530419914,"rh"
"812",105014,"prcus_i",9.21995817711932,"rh"
"813",105115,"prcus_i",11.7299986963382,"rh"
"814",105216,"prcus_i",11.8317935225281,"rh"
"815",105620,"prcus_i",11.8934339250035,"rh"
"816",106016,"prcus_i",11.3088744226415,"rh"
"817",106319,"prcus_i",4.60274382489377,"rh"
"818",106521,"prcus_i",0.966676762919343,"rh"
"819",107018,"prcus_i",10.5457188700424,"rh"
"820",107220,"prcus_i",9.77998754430829,"rh"
"821",107321,"prcus_i",7.87743559679842,"rh"
"822",107422,"prcus_i",12.4778397439197,"rh"
"823",107725,"prcus_i",10.5343609505033,"rh"
"824",108121,"prcus_i",1.81808452565921,"rh"
"825",108222,"prcus_i",7.31878503169878,"rh"
"826",108323,"prcus_i",11.3195401452278,"rh"
"827",108525,"prcus_i",5.82811976140128,"rh"
"828",108828,"prcus_i",9.51453198631715,"rh"
"829",109123,"prcus_i",9.83378514507975,"rh"
"830",109325,"prcus_i",2.8617917195379,"rh"
"831",109830,"prcus_i",8.75497271072589,"rh"
"832",110007,"prcus_i",8.84571691117712,"rh"
"833",110411,"prcus_i",11.367404149433,"rh"
"834",110613,"prcus_i",9.65414637800691,"rh"
"835",112920,"prcus_i",6.87354231887475,"rh"
"836",114924,"prcus_i",6.2694569541578,"rh"
"837",120111,"prcus_i",12.3680645826569,"rh"
"838",128127,"prcus_i",2.35346776354278,"rh"
"839",133928,"prcus_i",11.2106535602572,"rh"
"840",144125,"prcus_i",10.2652276065962,"rh"
"841",146937,"prcus_i",12.6497328046575,"rh"
"842",151425,"prcus_i",11.520314741162,"rh"
"843",151829,"prcus_i",5.42299030214701,"rh"
"844",164939,"prcus_i",6.9392942784048,"rh"
"845",168240,"prcus_i",11.7283813636365,"rh"
"846",176744,"prcus_i",14.2202204316449,"rh"
"847",180937,"prcus_i",6.0462279848044,"rh"
"848",185947,"prcus_i",10.2832713339211,"rh"
"849",214019,"prcus_i",9.01460328368252,"rh"
"850",268749,"prcus_i",12.7345221709551,"rh"
"851",365343,"prcus_i",9.79701505704021,"rh"
"852",380036,"prcus_i",13.3322413607295,"rh"
"853",517239,"prcus_i",11.7319071671516,"rh"
"854",522434,"prcus_i",11.5828097755243,"rh"
"855",531536,"prcus_i",14.2465141549763,"rh"
"856",566454,"prcus_i",10.2900087665936,"rh"
"857",585256,"prcus_i",8.37925403796084,"rh"
"858",622236,"prcus_i",10.7969397799989,"rh"
"859",644044,"prcus_i",11.6655141553446,"rh"
"860",679770,"prcus_i",8.44970583606079,"rh"
"861",687163,"prcus_i",11.8668159435164,"rh"
"862",867468,"prcus_i",9.38155129172785,"rh"
"863",910241,"prcus_i",9.85454471059555,"rh"
"864",959574,"prcus_i",12.429512623883,"rh"
"865",100206,"prcus_a",12.7563641222614,"rh"
"866",100307,"prcus_a",10.6356923506956,"rh"
"867",100408,"prcus_a",13.4223899809614,"rh"
"868",100610,"prcus_a",11.6003364678845,"rh"
"869",101006,"prcus_a",8.43929960624275,"rh"
"870",101107,"prcus_a",7.63063702071166,"rh"
"871",101309,"prcus_a",10.7967995234684,"rh"
"872",101410,"prcus_a",9.73256122869356,"rh"
"873",101915,"prcus_a",9.42247358881909,"rh"
"874",102008,"prcus_a",6.99974470843643,"rh"
"875",102311,"prcus_a",8.56791319709798,"rh"
"876",102513,"prcus_a",3.90564701981849,"rh"
"877",102816,"prcus_a",2.31465289200038,"rh"
"878",103111,"prcus_a",3.45536965683249,"rh"
"879",103414,"prcus_a",2.20077151901861,"rh"
"880",103515,"prcus_a",8.24272184463024,"rh"
"881",103818,"prcus_a",5.24133221883663,"rh"
"882",104416,"prcus_a",2.43297956544932,"rh"
"883",104820,"prcus_a",2.7363115589819,"rh"
"884",105014,"prcus_a",9.79746222469771,"rh"
"885",105115,"prcus_a",10.0884891423247,"rh"
"886",105216,"prcus_a",9.30495950850588,"rh"
"887",105620,"prcus_a",10.6366204631644,"rh"
"888",106016,"prcus_a",5.01672618944546,"rh"
"889",106319,"prcus_a",10.2764627353052,"rh"
"890",106521,"prcus_a",7.84902751870172,"rh"
"891",107018,"prcus_a",11.7699838887282,"rh"
"892",107220,"prcus_a",11.9007175431304,"rh"
"893",107321,"prcus_a",8.75658371118056,"rh"
"894",107422,"prcus_a",8.23535166312258,"rh"
"895",107725,"prcus_a",3.92200266089344,"rh"
"896",108121,"prcus_a",11.1741297652934,"rh"
"897",108222,"prcus_a",10.577317932209,"rh"
"898",108323,"prcus_a",9.27785686478764,"rh"
"899",108525,"prcus_a",12.6698356190891,"rh"
"900",108828,"prcus_a",6.74387883062798,"rh"
"901",109123,"prcus_a",7.33716479999473,"rh"
"902",109325,"prcus_a",8.58197892307479,"rh"
"903",109830,"prcus_a",7.67095435220789,"rh"
"904",110007,"prcus_a",7.64622941309814,"rh"
"905",110411,"prcus_a",8.35310944008344,"rh"
"906",110613,"prcus_a",13.8646664496405,"rh"
"907",112920,"prcus_a",8.52265748240357,"rh"
"908",114924,"prcus_a",6.91337190217612,"rh"
"909",120111,"prcus_a",10.4799625363204,"rh"
"910",128127,"prcus_a",7.46751003604517,"rh"
"911",133928,"prcus_a",9.68811328953022,"rh"
"912",144125,"prcus_a",5.27742596455684,"rh"
"913",146937,"prcus_a",9.20055705036097,"rh"
"914",151425,"prcus_a",6.21839943546585,"rh"
"915",151829,"prcus_a",11.7852682097612,"rh"
"916",164939,"prcus_a",11.0781544954733,"rh"
"917",168240,"prcus_a",7.9424327239625,"rh"
"918",176744,"prcus_a",11.4679950648469,"rh"
"919",180937,"prcus_a",11.28797960525,"rh"
"920",185947,"prcus_a",1.56577533509981,"rh"
"921",214019,"prcus_a",7.7217436569615,"rh"
"922",268749,"prcus_a",10.3059355136457,"rh"
"923",365343,"prcus_a",1.1334254643516,"rh"
"924",380036,"prcus_a",9.11959234545564,"rh"
"925",517239,"prcus_a",4.93787624211126,"rh"
"926",522434,"prcus_a",2.49009758643606,"rh"
"927",531536,"prcus_a",14.5378615123794,"rh"
"928",566454,"prcus_a",5.87845526996742,"rh"
"929",585256,"prcus_a",12.502598117143,"rh"
"930",622236,"prcus_a",4.05309819336395,"rh"
"931",644044,"prcus_a",1.44850817526845,"rh"
"932",679770,"prcus_a",12.5816957829779,"rh"
"933",687163,"prcus_a",2.38497321744763,"rh"
"934",867468,"prcus_a",11.1213463692306,"rh"
"935",910241,"prcus_a",11.5106255307257,"rh"
"936",959574,"prcus_a",1.72710794762488,"rh"
"937",100206,"prculs_d",15.3834588578419,"rh"
"938",100307,"prculs_d",16.265241792483,"rh"
"939",100408,"prculs_d",15.5047874469072,"rh"
"940",100610,"prculs_d",13.7258983515072,"rh"
"941",101006,"prculs_d",14.4829715607182,"rh"
"942",101107,"prculs_d",10.416026873901,"rh"
"943",101309,"prculs_d",16.0573424409532,"rh"
"944",101410,"prculs_d",11.2651186221184,"rh"
"945",101915,"prculs_d",12.3859249876758,"rh"
"946",102008,"prculs_d",15.0563915228771,"rh"
"947",102311,"prculs_d",14.4071185704713,"rh"
"948",102513,"prculs_d",17.7231364995018,"rh"
"949",102816,"prculs_d",8.10646685316544,"rh"
"950",103111,"prculs_d",12.3718586447899,"rh"
"951",103414,"prculs_d",10.4067300546856,"rh"
"952",103515,"prculs_d",12.6380221830869,"rh"
"953",103818,"prculs_d",13.3915731759243,"rh"
"954",104416,"prculs_d",14.5532377563606,"rh"
"955",104820,"prculs_d",16.7378077107819,"rh"
"956",105014,"prculs_d",10.5695300849559,"rh"
"957",105115,"prculs_d",14.066335705835,"rh"
"958",105216,"prculs_d",15.2716271034411,"rh"
"959",105620,"prculs_d",16.0311142600745,"rh"
"960",106016,"prculs_d",11.3501319726169,"rh"
"961",106319,"prculs_d",8.98426209107628,"rh"
"962",106521,"prculs_d",10.2332555833071,"rh"
"963",107018,"prculs_d",12.7890585396824,"rh"
"964",107220,"prculs_d",7.34230652193442,"rh"
"965",107321,"prculs_d",15.2977607539783,"rh"
"966",107422,"prculs_d",19.095861557285,"rh"
"967",107725,"prculs_d",10.1525718368692,"rh"
"968",108121,"prculs_d",14.6526747583237,"rh"
"969",108222,"prculs_d",15.6486431009153,"rh"
"970",108323,"prculs_d",11.5926032669197,"rh"
"971",108525,"prculs_d",14.7186584856822,"rh"
"972",108828,"prculs_d",13.8563533905241,"rh"
"973",109123,"prculs_d",18.9250715110225,"rh"
"974",109325,"prculs_d",13.0865815941313,"rh"
"975",109830,"prculs_d",15.8248156136595,"rh"
"976",110007,"prculs_d",11.3348064623591,"rh"
"977",110411,"prculs_d",9.70579899918636,"rh"
"978",110613,"prculs_d",15.8736543566351,"rh"
"979",112920,"prculs_d",12.9450331705334,"rh"
"980",114924,"prculs_d",18.0056453705193,"rh"
"981",120111,"prculs_d",14.1570288939659,"rh"
"982",128127,"prculs_d",10.7292359352689,"rh"
"983",133928,"prculs_d",10.0448855592172,"rh"
"984",144125,"prculs_d",10.3666627381821,"rh"
"985",146937,"prculs_d",14.1056054107865,"rh"
"986",151425,"prculs_d",14.9780622173111,"rh"
"987",151829,"prculs_d",12.6796711259186,"rh"
"988",164939,"prculs_d",15.0301308212915,"rh"
"989",168240,"prculs_d",16.5382671625083,"rh"
"990",176744,"prculs_d",17.0272874578054,"rh"
"991",180937,"prculs_d",13.0335893114659,"rh"
"992",185947,"prculs_d",11.5608197339135,"rh"
"993",214019,"prculs_d",13.9476064186437,"rh"
"994",268749,"prculs_d",15.9533730794433,"rh"
"995",365343,"prculs_d",9.28017372845548,"rh"
"996",380036,"prculs_d",13.3057170781136,"rh"
"997",517239,"prculs_d",12.2665781704029,"rh"
"998",522434,"prculs_d",9.44948549848019,"rh"
"999",531536,"prculs_d",16.0083405793908,"rh"
"1000",566454,"prculs_d",12.7343102601602,"rh"
"1001",585256,"prculs_d",10.3311591488255,"rh"
"1002",622236,"prculs_d",15.1856572526793,"rh"
"1003",644044,"prculs_d",14.3110505428001,"rh"
"1004",679770,"prculs_d",6.89120755463272,"rh"
"1005",687163,"prculs_d",14.4489669036608,"rh"
"1006",867468,"prculs_d",13.9267954440245,"rh"
"1007",910241,"prculs_d",15.7739950143618,"rh"
"1008",959574,"prculs_d",10.4697731531975,"rh"
"1009",100206,"spls",12.9332716057945,"rh"
"1010",100307,"spls",9.21497206404734,"rh"
"1011",100408,"spls",8.63449801310762,"rh"
"1012",100610,"spls",10.9769258163703,"rh"
"1013",101006,"spls",8.85180265009742,"rh"
"1014",101107,"spls",6.34745734130846,"rh"
"1015",101309,"spls",13.7246078247049,"rh"
"1016",101410,"spls",13.9216069707183,"rh"
"1017",101915,"spls",12.0000542390067,"rh"
"1018",102008,"spls",12.5037912895674,"rh"
"1019",102311,"spls",12.0397233503891,"rh"
"1020",102513,"spls",13.4646659856833,"rh"
"1021",102816,"spls",10.0550707569478,"rh"
"1022",103111,"spls",12.1483314305599,"rh"
"1023",103414,"spls",11.0366629026318,"rh"
"1024",103515,"spls",8.95400193860095,"rh"
"1025",103818,"spls",6.2542487391669,"rh"
"1026",104416,"spls",12.9053041772149,"rh"
"1027",104820,"spls",10.4462431092712,"rh"
"1028",105014,"spls",10.4622709945714,"rh"
"1029",105115,"spls",12.4800414189592,"rh"
"1030",105216,"spls",13.2663344565502,"rh"
"1031",105620,"spls",13.8999283871917,"rh"
"1032",106016,"spls",12.5346270186681,"rh"
"1033",106319,"spls",12.7920113333312,"rh"
"1034",106521,"spls",11.0782206943899,"rh"
"1035",107018,"spls",12.1402825560228,"rh"
"1036",107220,"spls",11.7214229306659,"rh"
"1037",107321,"spls",11.7535081618405,"rh"
"1038",107422,"spls",12.6152684485303,"rh"
"1039",107725,"spls",10.0760509154212,"rh"
"1040",108121,"spls",12.6067574824974,"rh"
"1041",108222,"spls",12.4164535953474,"rh"
"1042",108323,"spls",10.9661513820743,"rh"
"1043",108525,"spls",11.787796971045,"rh"
"1044",108828,"spls",9.6392275940843,"rh"
"1045",109123,"spls",12.5773685876356,"rh"
"1046",109325,"spls",10.3177766190783,"rh"
"1047",109830,"spls",9.52711423431494,"rh"
"1048",110007,"spls",7.49017649786459,"rh"
"1049",110411,"spls",11.4086901943182,"rh"
"1050",110613,"spls",13.4577444954047,"rh"
"1051",112920,"spls",10.9510244077656,"rh"
"1052",114924,"spls",12.0449442696468,"rh"
"1053",120111,"spls",11.7151275396458,"rh"
"1054",128127,"spls",10.6726224018475,"rh"
"1055",133928,"spls",11.9650792120037,"rh"
"1056",144125,"spls",12.3304246864188,"rh"
"1057",146937,"spls",11.2378786100598,"rh"
"1058",151425,"spls",12.6961458158406,"rh"
"1059",151829,"spls",13.9896701031338,"rh"
"1060",164939,"spls",10.5729807111626,"rh"
"1061",168240,"spls",11.6295607621215,"rh"
"1062",176744,"spls",13.4295069085551,"rh"
"1063",180937,"spls",13.7195469438136,"rh"
"1064",185947,"spls",10.3709658075247,"rh"
"1065",214019,"spls",11.269790535951,"rh"
"1066",268749,"spls",10.3870447452058,"rh"
"1067",365343,"spls",12.0766127898303,"rh"
"1068",380036,"spls",9.40887795022473,"rh"
"1069",517239,"spls",12.8286523497303,"rh"
"1070",522434,"spls",11.4261565323544,"rh"
"1071",531536,"spls",8.45430898292334,"rh"
"1072",566454,"spls",8.70132274970011,"rh"
"1073",585256,"spls",12.9329603709136,"rh"
"1074",622236,"spls",11.2649752434859,"rh"
"1075",644044,"spls",11.1360365113725,"rh"
"1076",679770,"spls",12.5126261142729,"rh"
"1077",687163,"spls",13.4117614843989,"rh"
"1078",867468,"spls",11.4811424872275,"rh"
"1079",910241,"spls",13.9029743256234,"rh"
"1080",959574,"spls",12.1688732446015,"rh"
"1081",100206,"ifrms",1.55200809062628,"rh"
"1082",100307,"ifrms",1.53941283249265,"rh"
"1083",100408,"ifrms",1.84077500836986,"rh"
"1084",100610,"ifrms",1.17901414883725,"rh"
"1085",101006,"ifrms",3.07911587699394,"rh"
"1086",101107,"ifrms",0.900596996534131,"rh"
"1087",101309,"ifrms",1.30367335165497,"rh"
"1088",101410,"ifrms",0.830077140682372,"rh"
"1089",101915,"ifrms",2.50681957559606,"rh"
"1090",102008,"ifrms",0.655582546576814,"rh"
"1091",102311,"ifrms",1.55579636817228,"rh"
"1092",102513,"ifrms",1.33190936448195,"rh"
"1093",102816,"ifrms",1.84061119602864,"rh"
"1094",103111,"ifrms",2.25222535544219,"rh"
"1095",103414,"ifrms",0.750546298127835,"rh"
"1096",103515,"ifrms",0.582523130995701,"rh"
"1097",103818,"ifrms",2.23332991874111,"rh"
"1098",104416,"ifrms",0.453711559282962,"rh"
"1099",104820,"ifrms",5.68451338758063,"rh"
"1100",105014,"ifrms",1.28200303418266,"rh"
"1101",105115,"ifrms",0.578515051871345,"rh"
"1102",105216,"ifrms",0.969494421772021,"rh"
"1103",105620,"ifrms",1.55271475156218,"rh"
"1104",106016,"ifrms",1.98008990404415,"rh"
"1105",106319,"ifrms",1.47467645854912,"rh"
"1106",106521,"ifrms",0.698734651149537,"rh"
"1107",107018,"ifrms",4.1752107296407,"rh"
"1108",107220,"ifrms",9.60935155013839,"rh"
"1109",107321,"ifrms",2.91725077316736,"rh"
"1110",107422,"ifrms",0.868599567336956,"rh"
"1111",107725,"ifrms",1.93172733336374,"rh"
"1112",108121,"ifrms",2.65385618508495,"rh"
"1113",108222,"ifrms",2.40873653854661,"rh"
"1114",108323,"ifrms",1.2639301975953,"rh"
"1115",108525,"ifrms",1.76241903193624,"rh"
"1116",108828,"ifrms",0.94719547535029,"rh"
"1117",109123,"ifrms",7.16309660037778,"rh"
"1118",109325,"ifrms",2.12738786640594,"rh"
"1119",109830,"ifrms",1.24299888430354,"rh"
"1120",110007,"ifrms",0.565081363462128,"rh"
"1121",110411,"ifrms",1.45410216629127,"rh"
"1122",110613,"ifrms",1.84645548906786,"rh"
"1123",112920,"ifrms",1.00345688889852,"rh"
"1124",114924,"ifrms",1.30768596018036,"rh"
"1125",120111,"ifrms",3.2659841242399,"rh"
"1126",128127,"ifrms",7.69357573369783,"rh"
"1127",133928,"ifrms",2.3570100588175,"rh"
"1128",144125,"ifrms",0.977942572422413,"rh"
"1129",146937,"ifrms",1.71112651695596,"rh"
"1130",151425,"ifrms",0.693861935325519,"rh"
"1131",151829,"ifrms",1.35177792187895,"rh"
"1132",164939,"ifrms",2.45591268346824,"rh"
"1133",168240,"ifrms",2.67862333197536,"rh"
"1134",176744,"ifrms",8.31267110246149,"rh"
"1135",180937,"ifrms",2.16646160662248,"rh"
"1136",185947,"ifrms",0.714825011367071,"rh"
"1137",214019,"ifrms",1.28722666877542,"rh"
"1138",268749,"ifrms",2.78957137395111,"rh"
"1139",365343,"ifrms",1.87638154456008,"rh"
"1140",380036,"ifrms",1.64748195099729,"rh"
"1141",517239,"ifrms",3.55130128428329,"rh"
"1142",522434,"ifrms",2.16194323418379,"rh"
"1143",531536,"ifrms",0.874633857276594,"rh"
"1144",566454,"ifrms",2.33179895455516,"rh"
"1145",585256,"ifrms",0.941080490071197,"rh"
"1146",622236,"ifrms",1.73993239012834,"rh"
"1147",644044,"ifrms",3.02608451020989,"rh"
"1148",679770,"ifrms",1.88591282144894,"rh"
"1149",687163,"ifrms",1.08680766863754,"rh"
"1150",867468,"ifrms",1.82859095446255,"rh"
"1151",910241,"ifrms",1.99329927755934,"rh"
"1152",959574,"ifrms",0.918720091193419,"rh"
"1153",100307,"icgs_p",1.8249124252601,"lh"
"1154",100408,"icgs_p",5.15949189186638,"lh"
"1155",101107,"icgs_p",1.72109821072899,"lh"
"1156",101309,"icgs_p",0.762747118431433,"lh"
"1157",101915,"icgs_p",1.39716511102162,"lh"
"1158",102008,"icgs_p",2.0107443473614,"lh"
"1159",102311,"icgs_p",3.54427199785821,"lh"
"1160",102513,"icgs_p",2.06821893578775,"lh"
"1161",102816,"icgs_p",5.90170170956226,"lh"
"1162",103414,"icgs_p",1.10123184704285,"lh"
"1163",103515,"icgs_p",1.14811618604161,"lh"
"1164",103818,"icgs_p",6.6417139677303,"lh"
"1165",104416,"icgs_p",2.77748723890849,"lh"
"1166",104820,"icgs_p",1.59564575733056,"lh"
"1167",105014,"icgs_p",1.64394956653963,"lh"
"1168",105115,"icgs_p",2.04862049376978,"lh"
"1169",105216,"icgs_p",2.50388269632179,"lh"
"1170",105620,"icgs_p",2.15730866845711,"lh"
"1171",106319,"icgs_p",5.384461576416,"lh"
"1172",106521,"icgs_p",1.97249833425798,"lh"
"1173",107018,"icgs_p",2.92838043447985,"lh"
"1174",107422,"icgs_p",2.20008013354564,"lh"
"1175",107725,"icgs_p",1.76154208591793,"lh"
"1176",108323,"icgs_p",1.26864130761208,"lh"
"1177",108525,"icgs_p",2.19252565307117,"lh"
"1178",109123,"icgs_p",2.71526008326973,"lh"
"1179",109325,"icgs_p",2.09412606739795,"lh"
"1180",109830,"icgs_p",2.69932574694973,"lh"
"1181",112920,"icgs_p",1.89140912769865,"lh"
"1182",120111,"icgs_p",6.14843265019034,"lh"
"1183",133928,"icgs_p",1.28337214845313,"lh"
"1184",146937,"icgs_p",2.25642553721182,"lh"
"1185",151425,"icgs_p",2.31179024146148,"lh"
"1186",180937,"icgs_p",2.28521473367449,"lh"
"1187",185947,"icgs_p",10.3665217113469,"lh"
"1188",268749,"icgs_p",1.81882875248688,"lh"
"1189",365343,"icgs_p",2.36815295846041,"lh"
"1190",380036,"icgs_p",2.35558449458515,"lh"
"1191",517239,"icgs_p",3.3969894160186,"lh"
"1192",522434,"icgs_p",2.01065655725187,"lh"
"1193",622236,"icgs_p",1.97198668252306,"lh"
"1194",644044,"icgs_p",2.80909855889339,"lh"
"1195",679770,"icgs_p",2.81637205499995,"lh"
"1196",687163,"icgs_p",5.57265229001646,"lh"
"1197",867468,"icgs_p",4.35246388911202,"lh"
"1198",910241,"icgs_p",9.61356897802692,"lh"
"1199",959574,"icgs_p",8.49034296054167,"lh"
"1200",100206,"icgs_p",0.561132365687782,"rh"
"1201",100408,"icgs_p",4.28796928444689,"rh"
"1202",100610,"icgs_p",0.697140704066604,"rh"
"1203",101006,"icgs_p",4.35022570265746,"rh"
"1204",101107,"icgs_p",1.6869867431966,"rh"
"1205",101309,"icgs_p",1.30775146140705,"rh"
"1206",101410,"icgs_p",3.1859824290772,"rh"
"1207",101915,"icgs_p",1.32537850899644,"rh"
"1208",102008,"icgs_p",1.33815268771181,"rh"
"1209",102816,"icgs_p",3.61416166817628,"rh"
"1210",103111,"icgs_p",1.03171521603936,"rh"
"1211",103414,"icgs_p",1.6396896628265,"rh"
"1212",103515,"icgs_p",7.29394737632322,"rh"
"1213",103818,"icgs_p",3.72385703469542,"rh"
"1214",105115,"icgs_p",0.393416120191959,"rh"
"1215",105216,"icgs_p",2.05165623740213,"rh"
"1216",106319,"icgs_p",0.890574063564794,"rh"
"1217",106521,"icgs_p",1.39226107549646,"rh"
"1218",107321,"icgs_p",6.0604181266183,"rh"
"1219",107725,"icgs_p",2.23968382031034,"rh"
"1220",108222,"icgs_p",2.21241843190083,"rh"
"1221",108323,"icgs_p",1.08142474704755,"rh"
"1222",108828,"icgs_p",1.29501995413265,"rh"
"1223",109123,"icgs_p",1.09971067385923,"rh"
"1224",109325,"icgs_p",0.994391090976326,"rh"
"1225",109830,"icgs_p",2.64668816222652,"rh"
"1226",110007,"icgs_p",1.39429891662326,"rh"
"1227",110411,"icgs_p",1.09153176005957,"rh"
"1228",112920,"icgs_p",1.59532832640103,"rh"
"1229",120111,"icgs_p",2.02920138022196,"rh"
"1230",144125,"icgs_p",1.4519936835634,"rh"
"1231",164939,"icgs_p",2.54866006873176,"rh"
"1232",168240,"icgs_p",1.31415915697583,"rh"
"1233",176744,"icgs_p",1.09186872030183,"rh"
"1234",180937,"icgs_p",0.770393907345167,"rh"
"1235",185947,"icgs_p",4.85519736592652,"rh"
"1236",214019,"icgs_p",1.3075619449818,"rh"
"1237",268749,"icgs_p",0.858722951229986,"rh"
"1238",365343,"icgs_p",0.833176163457467,"rh"
"1239",380036,"icgs_p",4.47737626939804,"rh"
"1240",517239,"icgs_p",1.96468903219981,"rh"
"1241",531536,"icgs_p",3.80729957110562,"rh"
"1242",566454,"icgs_p",0.749037863782524,"rh"
"1243",622236,"icgs_p",1.07894762266411,"rh"
"1244",679770,"icgs_p",9.82980449343698,"rh"
"1245",687163,"icgs_p",1.5889580587871,"rh"
"1246",910241,"icgs_p",1.32310857659808,"rh"
"1247",959574,"icgs_p",0.549031990830357,"rh"
"1248",100206,"sspls_d",2.47795062786142,"lh"
"2100",100408,"sspls_d",2.57005776116409,"lh"
"3100",101006,"sspls_d",2.95742584490304,"lh"
"4100",101309,"sspls_d",0.843439080200387,"lh"
"5100",102311,"sspls_d",4.46988584101476,"lh"
"6100",103111,"sspls_d",2.84199072108035,"lh"
"7100",103414,"sspls_d",1.88250589838625,"lh"
"8100",103515,"sspls_d",1.8304281048644,"lh"
"10100",104416,"sspls_d",2.09133885010888,"lh"
"11100",105216,"sspls_d",1.99660858718113,"lh"
"1249",106016,"sspls_d",1.86264848983163,"lh"
"1310",106319,"sspls_d",3.64412612963096,"lh"
"1410",107422,"sspls_d",3.03677284128829,"lh"
"1510",107725,"sspls_d",1.92538317151225,"lh"
"1610",108323,"sspls_d",1.22650220124679,"lh"
"1710",108828,"sspls_d",4.1043600839884,"lh"
"1810",110411,"sspls_d",1.8979256896136,"lh"
"1910",110613,"sspls_d",1.58519150819203,"lh"
"2010",112920,"sspls_d",2.36623748254549,"lh"
"2110",114924,"sspls_d",2.3053704905729,"lh"
"2210",120111,"sspls_d",6.26253657281988,"lh"
"2310",146937,"sspls_d",2.39595821869014,"lh"
"2410",151425,"sspls_d",2.0377105708258,"lh"
"2510",151829,"sspls_d",1.66368738001758,"lh"
"2610",180937,"sspls_d",2.36640488529247,"lh"
"2710",268749,"sspls_d",3.00761307176763,"lh"
"2810",365343,"sspls_d",3.95697881637625,"lh"
"2910",380036,"sspls_d",2.77002450917434,"lh"
"3010",517239,"sspls_d",3.21848256786333,"lh"
"3110",531536,"sspls_d",2.19081140603837,"lh"
"3210",585256,"sspls_d",3.14213726266082,"lh"
"3310",622236,"sspls_d",1.75818458031984,"lh"
"3410",687163,"sspls_d",3.28090327251689,"lh"
"3510",959574,"sspls_d",2.54287785477138,"lh"
"3610",100206,"sspls_d",0.46662598521634,"rh"
"3710",101309,"sspls_d",1.12358124267415,"rh"
"3810",101915,"sspls_d",1.65450334735036,"rh"
"3910",102008,"sspls_d",0.504325517538027,"rh"
"4010",102311,"sspls_d",1.83403761001231,"rh"
"4110",102816,"sspls_d",3.16875278959658,"rh"
"4210",103111,"sspls_d",0.842226293373421,"rh"
"4310",103414,"sspls_d",1.15987450449593,"rh"
"4410",104820,"sspls_d",3.08696832711105,"rh"
"4510",105216,"sspls_d",3.87887850097438,"rh"
"4610",105620,"sspls_d",1.30521855687253,"rh"
"4710",106016,"sspls_d",1.27134965787408,"rh"
"4810",106319,"sspls_d",1.34143426521995,"rh"
"4910",106521,"sspls_d",1.26301363576634,"rh"
"5010",107018,"sspls_d",0.949039269914941,"rh"
"5110",107220,"sspls_d",3.67568769203963,"rh"
"5210",107321,"sspls_d",3.84298185885643,"rh"
"5310",108121,"sspls_d",1.33965443301253,"rh"
"5410",108323,"sspls_d",3.24641583668435,"rh"
"5510",109123,"sspls_d",0.769519491152927,"rh"
"5610",110411,"sspls_d",1.34115318849928,"rh"
"5710",110613,"sspls_d",0.415079264967653,"rh"
"5810",112920,"sspls_d",0.591231561310237,"rh"
"5910",120111,"sspls_d",1.79130136848597,"rh"
"6010",133928,"sspls_d",0.780881682432463,"rh"
"6110",151829,"sspls_d",1.50606083667953,"rh"
"6210",176744,"sspls_d",3.03797144317927,"rh"
"6310",180937,"sspls_d",1.2551787842026,"rh"
"6410",185947,"sspls_d",2.25349805167365,"rh"
"6510",268749,"sspls_d",1.44922761412887,"rh"
"6610",380036,"sspls_d",1.87797555699599,"rh"
"6710",522434,"sspls_d",1.86875596778468,"rh"
"6810",566454,"sspls_d",0.559855527816122,"rh"
"6910",687163,"sspls_d",2.51653318541794,"rh"
"7010",910241,"sspls_d",1.94082596943766,"rh"
"7110",959574,"sspls_d",1.0310909670087,"rh"
"1250",100206,"sspls_v",3.31304010345448,"lh"
"2101",100307,"sspls_v",3.14055945892262,"lh"
"3101",100408,"sspls_v",7.33525270418299,"lh"
"4101",100610,"sspls_v",1.97932788370631,"lh"
"5101",101006,"sspls_v",2.00600659364069,"lh"
"6101",101309,"sspls_v",0.876617200965779,"lh"
"7101",101410,"sspls_v",1.776965314396,"lh"
"8101",102008,"sspls_v",1.06313125884452,"lh"
"9100",102311,"sspls_v",2.83628490209049,"lh"
"10101",102816,"sspls_v",1.43914419306935,"lh"
"11101",103111,"sspls_v",3.75861898883997,"lh"
"1251",103515,"sspls_v",2.73372381637937,"lh"
"1311",103818,"sspls_v",4.17872747251269,"lh"
"1411",105014,"sspls_v",2.30378990904665,"lh"
"1511",105115,"sspls_v",3.62026022890071,"lh"
"1611",105216,"sspls_v",7.22021367897606,"lh"
"1711",105620,"sspls_v",2.72280698489003,"lh"
"1811",106521,"sspls_v",2.31907745501676,"lh"
"1911",107018,"sspls_v",4.18807128634045,"lh"
"2011",107220,"sspls_v",2.71912623455568,"lh"
"2111",107321,"sspls_v",4.96199625876378,"lh"
"2211",107725,"sspls_v",0.855974847409746,"lh"
"2311",108222,"sspls_v",6.25639592987617,"lh"
"2411",108828,"sspls_v",3.45259730524941,"lh"
"2511",109325,"sspls_v",4.38729341203822,"lh"
"2611",110007,"sspls_v",1.37839508593289,"lh"
"2711",110411,"sspls_v",1.12924490395006,"lh"
"2811",110613,"sspls_v",3.56697695953268,"lh"
"2911",112920,"sspls_v",1.50148885723198,"lh"
"3011",114924,"sspls_v",7.01795845721393,"lh"
"3111",120111,"sspls_v",6.5191623369088,"lh"
"3211",128127,"sspls_v",1.45484482655245,"lh"
"3311",133928,"sspls_v",2.08972077382788,"lh"
"3411",146937,"sspls_v",4.0472041078137,"lh"
"3511",151829,"sspls_v",2.40391343651581,"lh"
"3611",185947,"sspls_v",3.40890619997683,"lh"
"3711",214019,"sspls_v",2.52781239147158,"lh"
"3811",365343,"sspls_v",2.8804273602515,"lh"
"3911",380036,"sspls_v",2.62454774737555,"lh"
"4011",517239,"sspls_v",3.98440063372265,"lh"
"4111",531536,"sspls_v",5.2143164700302,"lh"
"4211",585256,"sspls_v",2.17156398223869,"lh"
"4311",622236,"sspls_v",5.2279467440628,"lh"
"4411",644044,"sspls_v",3.54017484337591,"lh"
"4511",679770,"sspls_v",1.03407446940721,"lh"
"4611",687163,"sspls_v",2.62607565278505,"lh"
"4711",867468,"sspls_v",4.32574662426998,"lh"
"4811",959574,"sspls_v",4.66898768887622,"lh"
"4911",101006,"sspls_v",1.8602995511804,"rh"
"5011",101309,"sspls_v",2.42385038082943,"rh"
"5111",102816,"sspls_v",1.66720882464551,"rh"
"5211",103111,"sspls_v",3.41342195489311,"rh"
"5311",103414,"sspls_v",2.05161312349475,"rh"
"5411",103515,"sspls_v",3.98614800767058,"rh"
"5511",103818,"sspls_v",2.35226480856319,"rh"
"5611",104416,"sspls_v",0.570510667933201,"rh"
"5711",104820,"sspls_v",2.64602911252754,"rh"
"5811",105014,"sspls_v",1.11929698531868,"rh"
"5911",105115,"sspls_v",0.716913511318179,"rh"
"6011",105620,"sspls_v",4.0580607162346,"rh"
"6111",106319,"sspls_v",0.712113970721064,"rh"
"6211",106521,"sspls_v",1.47919493548856,"rh"
"6311",107018,"sspls_v",0.855278262793907,"rh"
"6411",107321,"sspls_v",2.46588123043422,"rh"
"6511",107725,"sspls_v",1.36800079985089,"rh"
"6611",108222,"sspls_v",2.42186371280452,"rh"
"6711",108525,"sspls_v",2.81079852029671,"rh"
"6811",109325,"sspls_v",2.51417809954442,"rh"
"6911",112920,"sspls_v",3.94856237478387,"rh"
"7011",114924,"sspls_v",3.89335951167781,"rh"
"7111",128127,"sspls_v",0.689741646284889,"rh"
"7210",144125,"sspls_v",2.78164161196916,"rh"
"7310",146937,"sspls_v",3.39045325278989,"rh"
"7410",151829,"sspls_v",4.00299775373454,"rh"
"7510",365343,"sspls_v",0.572631893715493,"rh"
"7610",380036,"sspls_v",0.997021607025913,"rh"
"7710",517239,"sspls_v",4.84022935674981,"rh"
"7810",531536,"sspls_v",0.974558394097521,"rh"
"7910",585256,"sspls_v",5.5593247231046,"rh"
"8010",622236,"sspls_v",2.86310369427975,"rh"
"8110",644044,"sspls_v",2.49377928114552,"rh"
"8210",867468,"sspls_v",1.03221587223691,"rh"
"8310",959574,"sspls_v",1.64952722442086,"rh"
"1252",100206,"prculs_v",1.52062565450969,"lh"
"2102",100307,"prculs_v",6.34033093064306,"lh"
"3102",100610,"prculs_v",7.71140320610435,"lh"
"4102",101006,"prculs_v",9.92444668603964,"lh"
"5102",101915,"prculs_v",2.03970674608962,"lh"
"6102",102008,"prculs_v",6.69451211320828,"lh"
"7102",102513,"prculs_v",6.80133901359971,"lh"
"8102",102816,"prculs_v",3.14563328187138,"lh"
"9101",103111,"prculs_v",5.4469229533264,"lh"
"10102",103414,"prculs_v",4.68043917206987,"lh"
"11102",104416,"prculs_v",9.07194900673599,"lh"
"1253",105115,"prculs_v",10.1048290494313,"lh"
"1312",106016,"prculs_v",2.02758779051506,"lh"
"1412",108323,"prculs_v",1.86758031628694,"lh"
"1512",108525,"prculs_v",8.80006047575969,"lh"
"1612",108828,"prculs_v",4.65719790077737,"lh"
"1712",109830,"prculs_v",3.2679437075908,"lh"
"1812",112920,"prculs_v",6.13419628600324,"lh"
"1912",120111,"prculs_v",1.91865834665661,"lh"
"2012",128127,"prculs_v",5.68500956940597,"lh"
"2112",144125,"prculs_v",7.926268951881,"lh"
"2212",151425,"prculs_v",2.80854090976083,"lh"
"2312",164939,"prculs_v",3.11910807178268,"lh"
"2412",168240,"prculs_v",3.4074659843577,"lh"
"2512",180937,"prculs_v",1.65780109356088,"lh"
"2612",380036,"prculs_v",3.32326627909058,"lh"
"2712",531536,"prculs_v",1.62566809799892,"lh"
"2812",622236,"prculs_v",9.60140642938284,"lh"
"2912",679770,"prculs_v",7.03034196807679,"lh"
"3012",687163,"prculs_v",3.40966844952328,"lh"
"3112",867468,"prculs_v",9.67030557156622,"lh"
"3212",910241,"prculs_v",1.95162097836806,"lh"
"3312",101006,"prculs_v",4.62907037376714,"rh"
"3412",101107,"prculs_v",2.13528637908653,"rh"
"3512",101410,"prculs_v",5.66452137009937,"rh"
"3612",102008,"prculs_v",3.2053028409312,"rh"
"3712",102816,"prculs_v",3.37215200054304,"rh"
"3812",103111,"prculs_v",1.01971243051873,"rh"
"3912",103515,"prculs_v",1.30541042756281,"rh"
"4012",105620,"prculs_v",9.7414135125199,"rh"
"4112",106016,"prculs_v",2.13652155725945,"rh"
"4212",106319,"prculs_v",3.29601075504916,"rh"
"4312",107018,"prculs_v",1.42349084444279,"rh"
"4412",107422,"prculs_v",0.778738349940264,"rh"
"4512",107725,"prculs_v",0.683291947957068,"rh"
"4612",108525,"prculs_v",6.16214560730608,"rh"
"4712",112920,"prculs_v",0.593606826467819,"rh"
"4812",114924,"prculs_v",6.4897494248145,"rh"
"4912",128127,"prculs_v",0.892136802981813,"rh"
"5012",133928,"prculs_v",1.95994605768882,"rh"
"5112",151425,"prculs_v",0.622633582012938,"rh"
"5212",151829,"prculs_v",1.85889845461467,"rh"
"5312",180937,"prculs_v",0.579372794057166,"rh"
"5412",185947,"prculs_v",5.86501029862235,"rh"
"5512",214019,"prculs_v",1.27210085077618,"rh"
"5612",380036,"prculs_v",2.2399074462793,"rh"
"5712",531536,"prculs_v",5.43921882137554,"rh"
"5812",585256,"prculs_v",4.35630092100124,"rh"
"5912",622236,"prculs_v",0.969710067673827,"rh"
"6012",910241,"prculs_v",1.82796126596018,"rh"
"6112",959574,"prculs_v",2.02885381281534,"rh"
"1254",100408,"isms",7.24947803330859,"lh"
"2103",102311,"isms",9.67648440993075,"lh"
"3103",106016,"isms",6.95247439234212,"lh"
"4103",107422,"isms",6.25683745558492,"lh"
"5103",108222,"isms",8.70748049073293,"lh"
"6103",120111,"isms",7.09478724571647,"lh"
"7103",168240,"isms",11.0327752177772,"lh"
"8103",180937,"isms",7.57891223902783,"lh"
"9102",910241,"isms",9.53328802129571,"lh"
"10103",102008,"isms",3.15306153416097,"rh"
"11103",103818,"isms",1.47471398845107,"rh"
"1255",107220,"isms",5.48465289976131,"rh"
"1313",108222,"isms",10.120145728681,"rh"
"1413",108323,"isms",6.01468493257468,"rh"
"1513",110613,"isms",0.663582926831181,"rh"
"1613",120111,"isms",7.27315889753815,"rh"
"1713",128127,"isms",8.2460717435567,"rh"
"1813",185947,"isms",6.49020664099328,"rh"
"1913",517239,"isms",6.72946472894766,"rh"
"2013",566454,"isms",5.38886029579406,"rh"
"1256",100206,"w",14.7194630861887,"lh"
"2104",100307,"w",12.0350498937499,"lh"
"3104",100408,"w",12.3869184170575,"lh"
"4104",100610,"w",11.2247842838727,"lh"
"5104",101006,"w",10.3557892396596,"lh"
"6104",101107,"w",10.5044157937798,"lh"
"7104",101309,"w",9.90385488523139,"lh"
"8104",101410,"w",11.4971016778875,"lh"
"9103",101915,"w",10.6895577781202,"lh"
"10104",102008,"w",11.1735607992139,"lh"
"11104",102311,"w",10.6298877388719,"lh"
"1257",102513,"w",15.292511938424,"lh"
"1314",102816,"w",9.60970892864665,"lh"
"1414",103111,"w",11.8454496659311,"lh"
"1514",103414,"w",10.6759216224292,"lh"
"1614",103515,"w",9.30083975592466,"lh"
"1714",103818,"w",8.26531191709896,"lh"
"1814",104416,"w",14.6965147546617,"lh"
"1914",104820,"w",10.9740876658154,"lh"
"2014",105014,"w",14.2402788223601,"lh"
"2113",105115,"w",12.3532849786446,"lh"
"2213",105216,"w",11.7651420266934,"lh"
"2313",105620,"w",12.7667842988259,"lh"
"2413",106016,"w",8.65273343412076,"lh"
"2513",106319,"w",12.2174024818361,"lh"
"2613",106521,"w",11.1232394543617,"lh"
"2713",107018,"w",11.0438524181525,"lh"
"2813",107220,"w",10.6412171624514,"lh"
"2913",107321,"w",8.73858823089855,"lh"
"3013",107422,"w",11.2978818461598,"lh"
"3113",107725,"w",8.76692210769478,"lh"
"3213",108121,"w",12.0605421943774,"lh"
"3313",108222,"w",11.1412026570856,"lh"
"3413",108323,"w",10.4968760199631,"lh"
"3513",108525,"w",9.8437899367402,"lh"
"3613",108828,"w",11.9241239471705,"lh"
"3713",109123,"w",13.8822353400205,"lh"
"3813",109325,"w",10.9667102153446,"lh"
"3913",109830,"w",9.82904729580996,"lh"
"4013",110007,"w",9.77837315908909,"lh"
"4113",110411,"w",10.3879711500099,"lh"
"4213",110613,"w",13.2711636806105,"lh"
"4313",112920,"w",11.2062400047392,"lh"
"4413",114924,"w",11.177869040117,"lh"
"4513",128127,"w",10.4874613983302,"lh"
"4613",133928,"w",14.8296618131392,"lh"
"4713",144125,"w",11.7509184672976,"lh"
"4813",146937,"w",11.1480056759259,"lh"
"4913",151425,"w",11.2838072094688,"lh"
"5013",151829,"w",11.4671371518508,"lh"
"5113",164939,"w",13.3586451162951,"lh"
"5213",168240,"w",12.2019927451531,"lh"
"5313",176744,"w",11.1495094233989,"lh"
"5413",180937,"w",11.2639266697657,"lh"
"5513",185947,"w",13.3046543493652,"lh"
"5613",214019,"w",9.97000594110468,"lh"
"5713",268749,"w",13.730057803992,"lh"
"5813",365343,"w",9.43409887824541,"lh"
"5913",380036,"w",13.6655316266381,"lh"
"6013",517239,"w",10.6103007877424,"lh"
"6113",522434,"w",11.5380416168979,"lh"
"6212",531536,"w",13.827316443492,"lh"
"6312",566454,"w",9.90035751511751,"lh"
"6412",585256,"w",14.0003820129522,"lh"
"6512",622236,"w",11.0323920921013,"lh"
"6612",644044,"w",10.0160275909271,"lh"
"6712",679770,"w",10.9395782630123,"lh"
"6812",687163,"w",11.6098609126275,"lh"
"6912",867468,"w",10.74100258562,"lh"
"7012",910241,"w",12.9677002631052,"lh"
"7112",100206,"w",12.6069894803972,"rh"
"7211",100307,"w",9.73987536200494,"rh"
"7311",100408,"w",11.9020865983271,"rh"
"7411",100610,"w",10.7331011818724,"rh"
"7511",101006,"w",8.57995212183297,"rh"
"7611",101107,"w",10.239368031535,"rh"
"7711",101309,"w",11.0736623162251,"rh"
"7811",101410,"w",9.8949237935386,"rh"
"7911",101915,"w",9.90639093306305,"rh"
"8011",102008,"w",9.63000935142765,"rh"
"8111",102311,"w",11.1463097549296,"rh"
"8211",102513,"w",13.5265766776665,"rh"
"8311",102816,"w",5.66810341610017,"rh"
"8410",103414,"w",8.08508314860192,"rh"
"8510",103515,"w",10.8570894246826,"rh"
"8610",103818,"w",10.6949776350243,"rh"
"8710",104416,"w",10.3771083471644,"rh"
"8810",105014,"w",10.3192851157027,"rh"
"8910",105115,"w",9.37629200520234,"rh"
"9010",105216,"w",11.9893773989831,"rh"
"9110",105620,"w",10.6992757841485,"rh"
"9210",106016,"w",10.3884469999986,"rh"
"9310",106319,"w",9.91472153943606,"rh"
"9410",106521,"w",11.0499787362169,"rh"
"9510",107018,"w",7.05848272407441,"rh"
"9610",107220,"w",8.26882299859735,"rh"
"9710",107321,"w",8.43348213558842,"rh"
"9810",107422,"w",9.35541150821519,"rh"
"9910",107725,"w",9.28420538218264,"rh"
"10010",108121,"w",8.33885589284583,"rh"
"10110",108222,"w",9.34055508930874,"rh"
"10210",108323,"w",8.39167286493208,"rh"
"10310",108525,"w",11.3997158788939,"rh"
"10410",108828,"w",12.7198214539256,"rh"
"10510",109123,"w",11.5875705309106,"rh"
"10610",109325,"w",8.59999795536628,"rh"
"10710",109830,"w",9.73653464500659,"rh"
"10810",110007,"w",8.28031097398483,"rh"
"10910",110411,"w",10.7082954940416,"rh"
"11010",110613,"w",11.2746636475343,"rh"
"11110",112920,"w",9.999782072951,"rh"
"11210",120111,"w",10.7814786496638,"rh"
"11310",128127,"w",11.5156477626704,"rh"
"11410",133928,"w",12.1071645352364,"rh"
"11510",144125,"w",9.51341885778749,"rh"
"11610",146937,"w",9.91969209601003,"rh"
"11710",151425,"w",8.45454177567553,"rh"
"11810",164939,"w",9.07603257229144,"rh"
"11910",168240,"w",10.2939531330524,"rh"
"12010",176744,"w",13.0304116032087,"rh"
"12110",180937,"w",8.91192256588708,"rh"
"12210",185947,"w",8.40280961833632,"rh"
"12310",214019,"w",8.79085884385017,"rh"
"12410",268749,"w",10.7211753212743,"rh"
"1258",365343,"w",8.39941247317032,"rh"
"1261",380036,"w",10.8368921910742,"rh"
"1271",517239,"w",11.5648411522179,"rh"
"1281",522434,"w",8.58214424501253,"rh"
"1291",531536,"w",12.0024875472741,"rh"
"1301",566454,"w",8.47836500264075,"rh"
"1315",585256,"w",12.4586755640522,"rh"
"1321",622236,"w",9.4711352325219,"rh"
"1331",644044,"w",12.4085895760518,"rh"
"1341",679770,"w",10.5248600418612,"rh"
"1351",687163,"w",12.519929350851,"rh"
"1361",867468,"w",12.051562375314,"rh"
"1371",910241,"w",11.7944834583741,"rh"
"1381",959574,"w",9.31554944284424,"rh"
