,sub,hemi,label,vertices,total_surface_area_(mm^2),total_gray_matter_volume_(mm^3),cortical_thickness_mean,cortical_thickness_std,rectified_mean_curvature,rectified_Gaussian_curvature,folding_index,intrinsic_curvature_index,sulcal_depth_mean,sulcal_depth_max,sulcal_depth_mean_pct,cortical_thickness_mean_pct
0,100206,lh,parietal,39761.0,26295.0,70003.0,2.426,0.488,0.126,0.025,544.0,43.1,0.03993222117424011,1.8368206024169922,0.021419599652290344,0.48529955744743347
0,100206,lh,cingulate,7510.0,4943.0,15133.0,2.686,0.844,0.136,0.036,132.0,11.2,0.031922005116939545,1.333611011505127,0.01712292991578579,0.5372686386108398
0,100206,lh,cortex,158516.0,104185.0,306176.0,2.637,0.594,0.128,0.03,2258.0,201.8,0.003372087376192212,1.8368206024169922,0.0018087804783135653,0.5273934602737427
0,100206,rh,parietal,42318.0,27564.0,73190.0,2.429,0.456,0.123,0.025,578.0,46.2,0.06314855813980103,2.2715511322021484,0.027799753472208977,0.4857847988605499
0,100206,rh,cingulate,7220.0,4803.0,13814.0,2.542,0.847,0.132,0.033,113.0,10.3,0.032971806824207306,1.2954274415969849,0.014515108428895473,0.5084784626960754
0,100206,rh,cortex,161363.0,106235.0,306586.0,2.583,0.581,0.129,0.03,2374.0,209.8,0.002628097077831626,2.2715511322021484,0.0011569608468562365,0.5166312456130981
0,100307,lh,parietal,31593.0,20226.0,54869.0,2.443,0.505,0.121,0.025,427.0,34.7,0.045538756996393204,1.8212062120437622,0.02500472031533718,0.48863598704338074
0,100307,lh,cingulate,5101.0,3385.0,10410.0,2.897,0.69,0.14,0.035,110.0,8.1,0.12208148837089539,1.1713861227035522,0.0670333132147789,0.5793053507804871
0,100307,lh,cortex,123312.0,79510.0,241389.0,2.707,0.645,0.126,0.031,1837.0,167.8,0.0038944517727941275,1.8212062120437622,0.002138392999768257,0.541301429271698
0,100307,rh,parietal,32457.0,20623.0,56898.0,2.472,0.527,0.118,0.025,418.0,35.4,0.05318225547671318,1.8319052457809448,0.029031114652752876,0.49439185857772827
0,100307,rh,cingulate,4311.0,2870.0,8426.0,2.727,0.842,0.139,0.034,75.0,6.4,0.06109887361526489,1.3144983053207397,0.03335263952612877,0.545475423336029
0,100307,rh,cortex,120824.0,78572.0,244066.0,2.741,0.653,0.127,0.032,1746.0,169.4,0.003525524865835905,1.8319052457809448,0.0019245138391852379,0.5482783317565918
0,100408,lh,parietal,35516.0,23505.0,61907.0,2.403,0.421,0.123,0.024,452.0,36.1,0.035430897027254105,1.8025280237197876,0.018162671476602554,0.4806278347969055
0,100408,lh,cingulate,6072.0,4013.0,11526.0,2.552,0.897,0.137,0.032,97.0,8.2,0.09078193455934525,1.4441620111465454,0.046536847949028015,0.5104494094848633
0,100408,lh,cortex,139798.0,91914.0,262838.0,2.562,0.57,0.125,0.028,1825.0,169.3,0.008523982018232346,1.9507536888122559,0.00436958484351635,0.5123261213302612
0,100408,rh,parietal,37494.0,24677.0,65269.0,2.434,0.408,0.122,0.023,461.0,38.1,0.03316958621144295,1.9227392673492432,0.017251212149858475,0.4867665767669678
0,100408,rh,cingulate,5835.0,3824.0,10524.0,2.414,0.849,0.136,0.033,97.0,8.5,0.04090713709592819,1.3313243389129639,0.02127545140683651,0.4828532636165619
0,100408,rh,cortex,141144.0,92579.0,266311.0,2.578,0.541,0.125,0.028,1833.0,169.4,0.0022966419346630573,1.9227392673492432,0.0011944627622142434,0.515607476234436
0,100610,lh,parietal,36593.0,23798.0,64258.0,2.432,0.469,0.118,0.021,448.0,32.6,0.02511242777109146,1.6767182350158691,0.01456807553768158,0.4863162636756897
0,100610,lh,cingulate,5890.0,3879.0,11985.0,2.751,0.788,0.128,0.024,91.0,5.8,0.07406946271657944,1.255800724029541,0.042968735098838806,0.550212562084198
0,100610,lh,cortex,142886.0,93075.0,278435.0,2.657,0.613,0.12,0.024,1779.0,146.2,0.002625238848850131,1.7237989902496338,0.0015229417476803064,0.531428873538971
0,100610,rh,parietal,39111.0,25420.0,68453.0,2.421,0.444,0.118,0.021,468.0,35.0,0.03891498222947121,1.9910813570022583,0.019544649869203568,0.4842472970485687
0,100610,rh,cingulate,5735.0,3817.0,11918.0,2.646,0.943,0.13,0.026,91.0,6.5,0.07421805709600449,1.272443413734436,0.037275251001119614,0.5292202830314636
0,100610,rh,cortex,142313.0,93105.0,277986.0,2.645,0.595,0.12,0.024,1847.0,145.8,0.0032925454434007406,1.9910813570022583,0.0016536439070478082,0.528924286365509
0,101006,lh,parietal,28060.0,18296.0,46262.0,2.32,0.44,0.123,0.022,345.0,26.8,0.019345048815011978,1.6258068084716797,0.011025148443877697,0.46399372816085815
0,101006,lh,cingulate,4303.0,2804.0,7952.0,2.558,0.723,0.137,0.028,76.0,5.3,0.10636566579341888,1.2676666975021362,0.06062000244855881,0.5116021037101746
0,101006,lh,cortex,110797.0,71736.0,204023.0,2.559,0.578,0.123,0.025,1427.0,120.7,0.0007111195591278374,1.7029054164886475,0.0004052800068166107,0.5117214322090149
0,101006,rh,parietal,30230.0,19538.0,52231.0,2.429,0.47,0.123,0.024,389.0,30.3,0.02783416584134102,1.8698420524597168,0.014885840006172657,0.48587703704833984
0,101006,rh,cingulate,7103.0,4718.0,11229.0,2.069,1.01,0.117,0.025,86.0,7.6,0.003754901699721813,1.249508023262024,0.002008140319958329,0.4138902425765991
0,101006,rh,cortex,113265.0,73900.0,211142.0,2.572,0.628,0.125,0.025,1501.0,124.6,-0.0010613612830638885,1.8698420524597168,-0.0005676256259903312,0.5143550634384155
0,101107,lh,parietal,28626.0,19031.0,55515.0,2.609,0.472,0.114,0.021,346.0,24.5,0.025293316692113876,1.6641954183578491,0.014407271519303322,0.52179354429245
0,101107,lh,cingulate,4976.0,3306.0,10497.0,2.763,0.796,0.136,0.03,94.0,5.9,0.06576518714427948,1.284674882888794,0.037460364401340485,0.552596390247345
0,101107,lh,cortex,117338.0,77355.0,243571.0,2.779,0.595,0.121,0.024,1564.0,119.3,0.004410214256495237,1.7555936574935913,0.0025120910722762346,0.5558627843856812
0,101107,rh,parietal,31009.0,20447.0,60272.0,2.652,0.5,0.117,0.02,369.0,27.1,0.049637552350759506,1.749043345451355,0.028198588639497757,0.5303462743759155
0,101107,rh,cingulate,4953.0,3280.0,10344.0,2.769,0.867,0.134,0.03,84.0,6.5,0.033685699105262756,1.341840386390686,0.01913650892674923,0.5537552237510681
0,101107,rh,cortex,119920.0,78952.0,249621.0,2.794,0.613,0.12,0.024,1498.0,120.4,0.004526747390627861,1.760284662246704,0.0025715986266732216,0.5588767528533936
0,180937,lh,parietal,40724.0,27026.0,65521.0,2.215,0.462,0.13,0.025,679.0,45.0,0.042558204382658005,1.7362762689590454,0.023487204685807228,0.4430401623249054
0,180937,lh,cingulate,6938.0,4625.0,12950.0,2.479,0.733,0.139,0.031,143.0,9.6,0.018371252343058586,1.3376175165176392,0.010138804093003273,0.49572592973709106
0,180937,lh,cortex,156868.0,103578.0,287502.0,2.471,0.586,0.132,0.028,2630.0,192.8,0.003856476629152894,1.811974287033081,0.0021283288951963186,0.49420756101608276
0,180937,rh,parietal,41945.0,27559.0,69332.0,2.299,0.468,0.131,0.027,684.0,49.8,0.04453544691205025,1.8732353448867798,0.023774610832333565,0.45978057384490967
0,180937,rh,cingulate,7018.0,4644.0,13670.0,2.475,0.867,0.141,0.034,139.0,10.6,0.03172336518764496,1.0954809188842773,0.016935067251324654,0.4949728846549988
0,180937,rh,cortex,157434.0,103666.0,292432.0,2.513,0.584,0.133,0.03,2898.0,206.5,0.005677510984241962,1.8732353448867798,0.0030308584682643414,0.5025871396064758
0,268749,lh,parietal,38866.0,25795.0,69966.0,2.484,0.449,0.126,0.026,527.0,43.0,0.04954308271408081,1.7068672180175781,0.026986034587025642,0.4967195391654968
0,268749,lh,cingulate,6166.0,4080.0,11694.0,2.536,0.841,0.143,0.042,183.0,12.0,0.03290314972400665,1.206763744354248,0.01792229153215885,0.5071991086006165
0,268749,lh,cortex,154095.0,101830.0,290496.0,2.572,0.57,0.131,0.031,2308.0,209.5,0.0024514810647815466,1.835878610610962,0.001335318316705525,0.5144340991973877
0,268749,rh,parietal,42878.0,28241.0,76164.0,2.471,0.447,0.127,0.026,569.0,48.0,0.04009435698390007,1.9439682960510254,0.020625002682209015,0.4942113161087036
0,268749,rh,cingulate,6393.0,4258.0,12014.0,2.442,0.858,0.138,0.035,108.0,9.7,0.07244080305099487,1.3078535795211792,0.037264399230480194,0.48834654688835144
0,268749,rh,cortex,157256.0,103553.0,298346.0,2.6,0.569,0.13,0.03,2189.0,211.2,0.00425234530121088,1.9439682960510254,0.0021874564699828625,0.5200486183166504
0,365343,lh,parietal,31792.0,21180.0,55218.0,2.348,0.463,0.126,0.023,446.0,33.0,0.024349568411707878,1.8265753984451294,0.013330722227692604,0.46966859698295593
0,365343,lh,cingulate,6076.0,3918.0,11216.0,2.483,0.898,0.133,0.028,103.0,7.0,0.08490834385156631,1.327095627784729,0.04648498818278313,0.4965934753417969
0,365343,lh,cortex,126561.0,83023.0,239574.0,2.554,0.578,0.125,0.026,1765.0,140.6,0.003337814472615719,1.8265753984451294,0.0018273605965077877,0.5107917189598083
0,365343,rh,parietal,33073.0,21790.0,59567.0,2.463,0.465,0.122,0.022,447.0,31.1,0.04713193327188492,1.9239609241485596,0.024497346952557564,0.49262675642967224
0,365343,rh,cingulate,4834.0,3183.0,9343.0,2.523,0.948,0.132,0.027,77.0,5.6,0.06740805506706238,1.1863915920257568,0.035036083310842514,0.5046566724777222
0,365343,rh,cortex,126247.0,83014.0,247482.0,2.642,0.603,0.125,0.025,1760.0,138.0,0.004762804601341486,1.9239609241485596,0.0024755189660936594,0.5283263921737671
0,531536,lh,parietal,37997.0,25056.0,65585.0,2.399,0.411,0.119,0.021,469.0,33.9,0.03941476717591286,1.7825772762298584,0.02084246650338173,0.47972068190574646
0,531536,lh,cingulate,7041.0,4621.0,13841.0,2.67,0.795,0.138,0.027,126.0,7.9,0.036547377705574036,1.5458821058273315,0.019326195120811462,0.5339781641960144
0,531536,lh,cortex,153404.0,100317.0,291112.0,2.597,0.565,0.122,0.024,1999.0,158.2,0.002120282268151641,1.8910796642303467,0.0011212049284949899,0.5193419456481934
0,531536,rh,parietal,40343.0,26363.0,69893.0,2.411,0.438,0.121,0.023,529.0,38.8,0.040086280554533005,1.8921853303909302,0.021185176447033882,0.48214441537857056
0,531536,rh,cingulate,5688.0,3752.0,11510.0,2.67,0.783,0.139,0.032,103.0,7.4,0.006989439018070698,1.4045332670211792,0.0036938462872058153,0.5340673327445984
0,531536,rh,cortex,154696.0,101268.0,298562.0,2.631,0.581,0.125,0.026,2131.0,172.2,0.0026101202238351107,1.8921853303909302,0.0013794255210086703,0.5261983871459961
0,112920,lh,parietal,41312.0,27172.0,72323.0,2.452,0.45,0.129,0.024,582.0,43.3,0.04040498659014702,1.6497021913528442,0.022630441933870316,0.4904831349849701
0,112920,lh,cingulate,6801.0,4440.0,13459.0,2.736,0.651,0.135,0.029,116.0,8.3,0.04486190900206566,1.347739338874817,0.02512671798467636,0.5471444129943848
0,112920,lh,cortex,158886.0,104306.0,301057.0,2.609,0.54,0.127,0.026,2204.0,175.7,0.0016691148048266768,1.6735714673995972,0.0009348547901026905,0.5218128561973572
0,112920,rh,parietal,43826.0,28859.0,79228.0,2.533,0.451,0.123,0.023,598.0,43.3,0.043529532849788666,1.8733304738998413,0.02312512882053852,0.5066666007041931
0,112920,rh,cingulate,7072.0,4575.0,13219.0,2.54,0.845,0.137,0.031,128.0,9.3,0.0027731480076909065,1.2524267435073853,0.0014732391573488712,0.5080531239509583
0,112920,rh,cortex,160206.0,104947.0,310180.0,2.662,0.573,0.126,0.026,2227.0,183.6,0.0015249652788043022,1.8823477029800415,0.0008101431303657591,0.5324620604515076
0,176744,lh,parietal,41664.0,27113.0,73528.0,2.481,0.469,0.12,0.024,509.0,43.6,0.03334803506731987,1.7788652181625366,0.01874680444598198,0.49628087878227234
0,176744,lh,cingulate,6856.0,4519.0,13708.0,2.687,0.817,0.136,0.033,105.0,9.8,0.04216046631336212,1.1361415386199951,0.023700762540102005,0.5374917387962341
0,176744,lh,cortex,152942.0,99602.0,294084.0,2.662,0.584,0.123,0.028,1957.0,184.4,0.005439458414912224,1.7788652181625366,0.0030578221194446087,0.532499372959137
0,176744,rh,parietal,40942.0,26608.0,73973.0,2.537,0.475,0.122,0.026,542.0,44.9,0.04438125714659691,1.80189847946167,0.02463027834892273,0.507490336894989
0,176744,rh,cingulate,6635.0,4425.0,12261.0,2.503,0.884,0.134,0.035,103.0,9.5,0.03601299598813057,1.2118862867355347,0.019986139610409737,0.5006329417228699
0,176744,rh,cortex,152162.0,99282.0,298852.0,2.7,0.591,0.124,0.029,1998.0,187.2,0.005101990420371294,1.80189847946167,0.0028314548544585705,0.5399747490882874
0,151425,lh,parietal,33461.0,22311.0,60701.0,2.445,0.462,0.123,0.023,450.0,32.9,0.03300322964787483,1.7200781106948853,0.01892695389688015,0.48892942070961
0,151425,lh,cingulate,6796.0,4552.0,13360.0,2.61,0.737,0.138,0.029,121.0,8.0,0.07382842153310776,1.0447767972946167,0.04233972728252411,0.5219252109527588
0,151425,lh,cortex,133240.0,88017.0,261600.0,2.622,0.574,0.124,0.025,1865.0,143.0,0.00507504865527153,1.7437154054641724,0.0029104850254952908,0.5243306756019592
0,151425,rh,parietal,35558.0,23726.0,64927.0,2.466,0.437,0.121,0.022,479.0,33.6,0.04979425296187401,1.8002909421920776,0.02765900082886219,0.4932807385921478
0,151425,rh,cingulate,5454.0,3645.0,10246.0,2.493,0.822,0.138,0.032,99.0,7.2,0.02107830159366131,1.1277230978012085,0.01170827355235815,0.49862244725227356
0,151425,rh,cortex,135845.0,89415.0,266689.0,2.632,0.574,0.123,0.026,1922.0,150.8,0.005298443604260683,1.8002909421920776,0.0029431036673486233,0.526477038860321
0,644044,lh,parietal,34057.0,22375.0,59999.0,2.395,0.497,0.119,0.023,417.0,33.1,0.027082404121756554,1.7853540182113647,0.015169203281402588,0.47907426953315735
0,644044,lh,cingulate,5819.0,3885.0,10408.0,2.413,0.911,0.133,0.033,92.0,7.5,0.06544236093759537,1.3312312364578247,0.036655113101005554,0.4825621247291565
0,644044,lh,cortex,138085.0,91265.0,269755.0,2.63,0.604,0.122,0.027,1764.0,154.5,0.003159178188070655,1.7853540182113647,0.001769497524946928,0.5260487198829651
0,644044,rh,parietal,34378.0,22581.0,58508.0,2.337,0.471,0.117,0.022,412.0,32.1,0.028599899262189865,1.738627314567566,0.01624816283583641,0.4674643874168396
0,644044,rh,cingulate,5985.0,3985.0,11399.0,2.413,0.864,0.134,0.031,94.0,8.0,0.0468720868229866,1.2121849060058594,0.026628956198692322,0.48269668221473694
0,644044,rh,cortex,138091.0,90718.0,264210.0,2.576,0.611,0.123,0.027,1744.0,160.7,0.0026070738676935434,1.76019287109375,0.0014811294386163354,0.5152986645698547
0,128127,lh,parietal,34178.0,22628.0,57368.0,2.338,0.428,0.131,0.025,510.0,36.7,0.03979295864701271,1.8216698169708252,0.02066842094063759,0.46760281920433044
0,128127,lh,cingulate,5111.0,3329.0,9025.0,2.527,0.785,0.138,0.029,92.0,6.0,0.0758366659283638,1.3301368951797485,0.0393894799053669,0.5054939389228821
0,128127,lh,cortex,127670.0,83064.0,233909.0,2.549,0.57,0.13,0.027,1862.0,148.2,0.003646365599706769,1.9253026247024536,0.0018939169822260737,0.5097376704216003
0,128127,rh,parietal,34431.0,22729.0,58473.0,2.388,0.438,0.128,0.025,475.0,36.3,0.0552518367767334,1.876950979232788,0.02943701297044754,0.4775148034095764
0,128127,rh,cingulate,5350.0,3553.0,9995.0,2.511,0.795,0.139,0.028,96.0,6.5,0.06268978863954544,1.2056159973144531,0.0333998017013073,0.5022681355476379
0,128127,rh,cortex,129938.0,84606.0,241996.0,2.582,0.576,0.13,0.028,1892.0,156.9,0.004212454427033663,1.876950979232788,0.0022443076595664024,0.5163049697875977
0,146937,lh,parietal,29031.0,18919.0,50695.0,2.387,0.492,0.125,0.028,446.0,35.4,0.034267865121364594,1.76077139377594,0.01717338338494301,0.4773540198802948
0,146937,lh,cingulate,5073.0,3395.0,10333.0,2.632,0.834,0.151,0.039,102.0,8.6,0.04901067540049553,1.174013376235962,0.024561749771237373,0.5263800024986267
0,146937,lh,cortex,116173.0,76490.0,228062.0,2.614,0.593,0.131,0.032,1842.0,159.0,0.004975050687789917,1.9954063892364502,0.0024932525120675564,0.522863507270813
0,146937,rh,parietal,31682.0,20457.0,53921.0,2.367,0.479,0.124,0.028,487.0,37.5,0.052499473094940186,1.8755817413330078,0.0279910359531641,0.47333529591560364
0,146937,rh,cingulate,6029.0,4027.0,12340.0,2.611,0.85,0.146,0.04,119.0,9.7,0.10214655101299286,1.2470005750656128,0.05446126312017441,0.5222961902618408
0,146937,rh,cortex,120358.0,79146.0,231910.0,2.578,0.599,0.131,0.047,2166.0,168.0,0.005315339658409357,1.8755817413330078,0.0028339677955955267,0.5156724452972412
0,585256,lh,parietal,31943.0,21333.0,57355.0,2.404,0.488,0.128,0.027,460.0,36.8,0.02966633439064026,1.7656652927398682,0.015340671874582767,0.48086872696876526
0,585256,lh,cingulate,5574.0,3682.0,10268.0,2.431,0.86,0.139,0.035,88.0,8.6,0.09962596744298935,1.383209228515625,0.051517289131879807,0.48621678352355957
0,585256,lh,cortex,124622.0,82692.0,244438.0,2.595,0.628,0.129,0.03,1759.0,162.0,0.002578296698629856,1.933835506439209,0.001333255204372108,0.5190862417221069
0,585256,rh,parietal,33176.0,22026.0,59647.0,2.416,0.484,0.128,0.026,470.0,38.0,0.03559810668230057,1.871054768562317,0.019025690853595734,0.48315513134002686
0,585256,rh,cingulate,5203.0,3496.0,10130.0,2.474,0.886,0.145,0.036,91.0,8.1,0.04204684868454933,1.3325903415679932,0.022472267970442772,0.49481889605522156
0,585256,rh,cortex,124892.0,83126.0,248204.0,2.599,0.619,0.128,0.029,1764.0,158.2,0.004215570166707039,1.871054768562317,0.002253043232485652,0.5197115540504456
0,867468,lh,parietal,31220.0,20059.0,51860.0,2.361,0.488,0.13,0.03,434.0,41.7,0.033732201904058456,1.7002055644989014,0.018183881416916847,0.47229617834091187
0,867468,lh,cingulate,6059.0,3956.0,11631.0,2.61,0.792,0.149,0.037,112.0,9.8,0.0850282683968544,1.2829904556274414,0.045835841447114944,0.5220844149589539
0,867468,lh,cortex,132280.0,85019.0,236359.0,2.493,0.583,0.132,0.034,1951.0,196.8,0.008115828037261963,1.8550606966018677,0.0043749636970460415,0.4985320568084717
0,867468,rh,parietal,32890.0,21130.0,54639.0,2.365,0.502,0.129,0.03,473.0,43.4,0.04673350602388382,1.9310314655303955,0.024201316758990288,0.4729733467102051
0,867468,rh,cingulate,6149.0,3933.0,11229.0,2.527,0.835,0.143,0.036,118.0,9.3,0.0736258402466774,1.154658555984497,0.038127727806568146,0.505368709564209
0,867468,rh,cortex,133198.0,85468.0,239517.0,2.523,0.615,0.133,0.035,2050.0,203.5,0.005262778606265783,1.9310314655303955,0.002725372090935707,0.5045312643051147
0,380036,lh,parietal,38319.0,25234.0,65594.0,2.395,0.437,0.124,0.023,501.0,38.1,0.03410334140062332,1.732872486114502,0.019383152946829796,0.47904789447784424
0,380036,lh,cingulate,5966.0,3926.0,11891.0,2.67,0.769,0.137,0.028,99.0,7.3,0.05033097043633461,1.1895843744277954,0.02860637567937374,0.5339567065238953
0,380036,lh,cortex,145217.0,95133.0,275261.0,2.613,0.546,0.125,0.026,1954.0,163.1,0.0014860640512779355,1.7594317197799683,0.0008446259889751673,0.5225503444671631
0,380036,rh,parietal,39769.0,26398.0,69965.0,2.425,0.467,0.123,0.023,504.0,38.4,0.0429517924785614,1.7797620296478271,0.023677242919802666,0.48490315675735474
0,380036,rh,cingulate,7346.0,4782.0,13455.0,2.493,0.897,0.132,0.03,119.0,9.5,0.05725700780749321,1.3635444641113281,0.031563013792037964,0.49866604804992676
0,380036,rh,cortex,148530.0,97557.0,282165.0,2.596,0.587,0.123,0.026,1938.0,165.2,0.0022029192186892033,1.814054012298584,0.0012143624480813742,0.5191569328308105
0,522434,lh,parietal,33277.0,21852.0,56215.0,2.369,0.408,0.129,0.027,468.0,38.6,0.02689276449382305,1.7551578283309937,0.015313025563955307,0.47375932335853577
0,522434,lh,cingulate,5277.0,3489.0,9494.0,2.507,0.646,0.148,0.036,115.0,8.0,0.07009033858776093,1.2364555597305298,0.03991018235683441,0.5014215111732483
0,522434,lh,cortex,127541.0,83006.0,234138.0,2.549,0.539,0.13,0.029,1852.0,161.2,0.0031658143270760775,1.7562017440795898,0.0018026467878371477,0.5097471475601196
0,522434,rh,parietal,35186.0,23209.0,60031.0,2.388,0.438,0.13,0.026,501.0,39.2,0.037455152720212936,1.7765599489212036,0.021082967519760132,0.47767966985702515
0,522434,rh,cingulate,5043.0,3277.0,8739.0,2.479,0.754,0.145,0.035,101.0,7.0,0.054873209446668625,1.198925495147705,0.030887341126799583,0.49572300910949707
0,522434,rh,cortex,130663.0,85063.0,240957.0,2.569,0.556,0.131,0.03,1935.0,167.3,0.003986983094364405,1.7765599489212036,0.0022442166227847338,0.513713002204895
0,214019,lh,parietal,28839.0,19011.0,53146.0,2.481,0.465,0.125,0.024,405.0,28.8,0.03572174534201622,1.6780375242233276,0.021287810057401657,0.4961177706718445
0,214019,lh,cingulate,5865.0,3861.0,10890.0,2.505,0.913,0.142,0.031,111.0,7.6,0.08186973631381989,1.2158311605453491,0.04878897964954376,0.500969648361206
0,214019,lh,cortex,115400.0,76305.0,228775.0,2.634,0.596,0.126,0.027,1653.0,132.2,0.003310049884021282,1.6780375242233276,0.0019725703168660402,0.5267354846000671
0,214019,rh,parietal,28883.0,19266.0,55604.0,2.556,0.487,0.127,0.025,400.0,31.4,0.035098664462566376,1.8777964115142822,0.0186914149671793,0.5112459659576416
0,214019,rh,cingulate,5530.0,3623.0,10775.0,2.617,0.893,0.141,0.03,104.0,7.0,0.05999109521508217,1.0816807746887207,0.031947601586580276,0.523418664932251
0,214019,rh,cortex,114741.0,76201.0,233274.0,2.688,0.605,0.128,0.028,1627.0,136.4,0.005141301080584526,1.8777964115142822,0.0027379419188946486,0.5375989675521851
0,185947,lh,parietal,34349.0,22766.0,61586.0,2.432,0.453,0.124,0.023,528.0,33.3,0.04791877791285515,1.6556475162506104,0.02894262783229351,0.4864025413990021
0,185947,lh,cingulate,5636.0,3803.0,11457.0,2.719,0.683,0.141,0.03,109.0,7.3,0.0540410652756691,1.2632626295089722,0.03264043852686882,0.5437586307525635
0,185947,lh,cortex,137258.0,90013.0,266713.0,2.626,0.583,0.124,0.026,2027.0,149.0,0.006109428126364946,1.6556475162506104,0.003690052777528763,0.5251326560974121
0,185947,rh,parietal,34872.0,22804.0,61730.0,2.451,0.463,0.121,0.023,504.0,33.8,0.05315050110220909,1.6622141599655151,0.029752735048532486,0.490186870098114
0,185947,rh,cingulate,6258.0,4119.0,11990.0,2.55,0.864,0.142,0.032,119.0,8.5,0.06668180227279663,1.1377722024917603,0.037327319383621216,0.5099517703056335
0,185947,rh,cortex,139839.0,92056.0,271381.0,2.613,0.6,0.124,0.026,2055.0,153.8,0.006447834428399801,1.786407470703125,0.003609385574236512,0.5226930975914001
0,144125,lh,parietal,31279.0,20259.0,51851.0,2.303,0.485,0.13,0.028,478.0,37.7,0.04402534291148186,1.677634835243225,0.023582009598612785,0.46061912178993225
0,144125,lh,cingulate,5683.0,3760.0,11497.0,2.664,0.79,0.152,0.039,110.0,9.9,0.08936057984828949,1.209335207939148,0.04786565899848938,0.5327335000038147
0,144125,lh,cortex,122580.0,80000.0,224748.0,2.483,0.596,0.135,0.033,1962.0,174.5,0.003420725231990218,1.8669039011001587,0.0018322995165362954,0.4966578781604767
0,144125,rh,parietal,32468.0,20866.0,54248.0,2.356,0.497,0.129,0.027,503.0,37.6,0.03822699934244156,1.8212300539016724,0.02098965458571911,0.471273273229599
0,144125,rh,cingulate,5158.0,3363.0,9678.0,2.603,0.857,0.143,0.035,95.0,7.8,0.08492903411388397,1.1510425806045532,0.0466327890753746,0.5206539034843445
0,144125,rh,cortex,125042.0,81507.0,229523.0,2.522,0.602,0.133,0.031,1964.0,168.3,0.003380523296073079,1.8212300539016724,0.0018561756005510688,0.5044317841529846
0,566454,lh,parietal,33102.0,21606.0,60836.0,2.547,0.468,0.122,0.024,402.0,34.3,0.015749933198094368,1.743287444114685,0.008993389084935188,0.5094631910324097
0,566454,lh,cingulate,5564.0,3697.0,11258.0,2.71,0.833,0.138,0.028,96.0,6.7,0.07893269509077072,1.2502081394195557,0.04507146403193474,0.5419490337371826
0,566454,lh,cortex,122255.0,80141.0,244524.0,2.726,0.589,0.127,0.027,1667.0,140.8,0.0065793548710644245,1.7512787580490112,0.0037568870466202497,0.5452014803886414
0,566454,rh,parietal,32964.0,21607.0,61636.0,2.589,0.47,0.118,0.023,397.0,32.3,0.04040328040719032,1.8526233434677124,0.02180868573486805,0.5177266001701355
0,566454,rh,cingulate,4760.0,3130.0,8938.0,2.588,0.89,0.138,0.027,81.0,5.4,0.09058228135108948,1.2025848627090454,0.048894066363573074,0.5176661610603333
0,566454,rh,cortex,122551.0,80538.0,249875.0,2.766,0.605,0.124,0.026,1651.0,137.1,0.004319613333791494,1.8526233434677124,0.002331620082259178,0.55317223072052
0,151829,lh,parietal,28732.0,18851.0,51038.0,2.407,0.473,0.121,0.024,402.0,29.2,0.01227194257080555,1.7418543100357056,0.00645130779594183,0.4814267158508301
0,151829,lh,cingulate,5058.0,3378.0,9794.0,2.474,0.809,0.144,0.036,98.0,7.4,0.09716660529375076,1.1829369068145752,0.05108010396361351,0.49486446380615234
0,151829,lh,cortex,113769.0,74502.0,219527.0,2.596,0.574,0.124,0.027,1602.0,131.4,0.008801575750112534,1.9022396802902222,0.004626958165317774,0.519112229347229
0,151829,rh,parietal,29726.0,19518.0,52513.0,2.405,0.482,0.118,0.022,375.0,28.2,0.04370249807834625,1.9090839624404907,0.0228285975754261,0.4809340536594391
0,151829,rh,cingulate,4454.0,2927.0,7908.0,2.381,0.812,0.139,0.035,81.0,6.6,0.06976602226495743,1.1887503862380981,0.03644323721528053,0.4762650728225708
0,151829,rh,cortex,114115.0,75136.0,221735.0,2.602,0.583,0.123,0.028,1605.0,136.4,0.007347545120865107,1.914374828338623,0.003838091157376766,0.5203310251235962
0,679770,lh,parietal,35019.0,22614.0,64728.0,2.588,0.504,0.119,0.024,419.0,36.2,0.026171179488301277,1.6753236055374146,0.01461547426879406,0.5175521373748779
0,679770,lh,cingulate,5941.0,3951.0,11824.0,2.635,0.852,0.138,0.033,100.0,8.3,0.10625775903463364,1.3528238534927368,0.059340380132198334,0.5270482301712036
0,679770,lh,cortex,136209.0,88914.0,267884.0,2.679,0.58,0.123,0.027,1758.0,159.9,0.001965635921806097,1.7906484603881836,0.0010977204656228423,0.5357368588447571
0,679770,rh,parietal,36477.0,23811.0,71792.0,2.71,0.484,0.118,0.022,420.0,34.4,0.02566635049879551,1.7973963022232056,0.014279743656516075,0.5420791506767273
0,679770,rh,cingulate,6024.0,3948.0,11780.0,2.573,0.912,0.133,0.032,98.0,7.8,0.03218776732683182,1.1982698440551758,0.017907999455928802,0.5145274996757507
0,679770,rh,cortex,137133.0,89754.0,280875.0,2.777,0.593,0.124,0.027,2068.0,161.9,0.0027990280650556087,1.7973963022232056,0.0015572690172120929,0.5553213357925415
0,910241,lh,parietal,38271.0,25095.0,65290.0,2.385,0.43,0.128,0.024,540.0,39.5,0.01829344779253006,1.7966275215148926,0.010080813430249691,0.4770696759223938
0,910241,lh,cingulate,6809.0,4445.0,12513.0,2.555,0.695,0.137,0.028,125.0,8.2,0.07957763224840164,1.340747356414795,0.04385216906666756,0.5110582113265991
0,910241,lh,cortex,148760.0,96851.0,272893.0,2.549,0.529,0.127,0.026,2063.0,165.3,0.0035848086699843407,1.8146793842315674,0.001975451596081257,0.5098656415939331
0,910241,rh,parietal,40614.0,26481.0,70232.0,2.438,0.441,0.125,0.024,537.0,41.8,0.03421062231063843,1.8792245388031006,0.01818474568426609,0.4876774251461029
0,910241,rh,cingulate,5396.0,3548.0,9985.0,2.551,0.801,0.132,0.028,85.0,6.1,0.0612168125808239,1.2748197317123413,0.032539959996938705,0.5102372169494629
0,910241,rh,cortex,150839.0,97793.0,284287.0,2.621,0.545,0.125,0.026,2006.0,164.2,0.0040180617943406105,1.8812813758850098,0.002135809976607561,0.5241661071777344
0,107725,lh,parietal,30424.0,20022.0,53871.0,2.431,0.503,0.128,0.027,432.0,35.5,0.022656284272670746,1.8169173002243042,0.012469630688428879,0.4861457347869873
0,107725,lh,cingulate,4947.0,3273.0,8673.0,2.478,0.717,0.144,0.027,98.0,5.9,0.1091589629650116,1.2278287410736084,0.06007920950651169,0.4955213665962219
0,107725,lh,cortex,124181.0,80583.0,236407.0,2.633,0.608,0.128,0.03,1805.0,167.6,0.003960834350436926,1.8169173002243042,0.0021799756214022636,0.5266568064689636
0,107725,rh,parietal,31684.0,20635.0,56925.0,2.478,0.499,0.124,0.025,436.0,33.9,0.031425703316926956,1.9874892234802246,0.015811758115887642,0.49567142128944397
0,107725,rh,cingulate,5193.0,3415.0,9352.0,2.423,0.796,0.139,0.029,106.0,6.4,0.08753664046525955,1.256163239479065,0.044043827801942825,0.4845656454563141
0,107725,rh,cortex,126647.0,81742.0,240914.0,2.637,0.622,0.127,0.029,1868.0,153.0,0.006371894385665655,1.9874892234802246,0.0032060048542916775,0.5273106694221497
0,959574,lh,parietal,33299.0,21757.0,58883.0,2.447,0.465,0.124,0.024,470.0,35.1,0.024000605568289757,1.6519392728805542,0.01348014548420906,0.4893633723258972
0,959574,lh,cingulate,6047.0,3905.0,11471.0,2.652,0.831,0.14,0.031,116.0,8.0,0.052553121000528336,1.187449336051941,0.029516907408833504,0.5303734540939331
0,959574,lh,cortex,130878.0,85480.0,252906.0,2.653,0.591,0.126,0.027,1859.0,150.3,0.0036347494460642338,1.780441164970398,0.0020414874888956547,0.5305097103118896
0,959574,rh,parietal,34198.0,22413.0,62313.0,2.514,0.468,0.124,0.025,482.0,35.6,0.01573154702782631,1.8024749755859375,0.00871434435248375,0.5027456283569336
0,959574,rh,cingulate,8045.0,5454.0,12207.0,1.853,1.327,0.12,0.025,110.0,8.3,-0.0730273500084877,1.1737874746322632,-0.040452830493450165,0.37057676911354065
0,959574,rh,cortex,132899.0,87016.0,255917.0,2.632,0.682,0.126,0.027,1877.0,152.6,-0.0006842308212071657,1.8052468299865723,-0.00037902474286966026,0.5263722538948059
0,114924,lh,parietal,36612.0,24114.0,64067.0,2.397,0.478,0.128,0.026,538.0,40.9,0.029241500422358513,1.8273143768310547,0.01600244641304016,0.4794873893260956
0,114924,lh,cingulate,5658.0,3729.0,11194.0,2.68,0.841,0.135,0.029,97.0,6.9,0.05376804992556572,1.1996104717254639,0.029424630105495453,0.5359449982643127
0,114924,lh,cortex,134222.0,88387.0,262618.0,2.62,0.615,0.129,0.03,1947.0,170.3,0.0037015555426478386,1.8273143768310547,0.0020256831776350737,0.5240932703018188
0,114924,rh,parietal,38384.0,25491.0,69631.0,2.457,0.482,0.13,0.027,562.0,45.6,0.03363344818353653,1.8232702016830444,0.018446773290634155,0.49139076471328735
0,114924,rh,cingulate,5326.0,3477.0,11043.0,2.765,0.768,0.139,0.033,104.0,7.2,0.05556482449173927,1.2798051834106445,0.030475368723273277,0.5529722571372986
0,114924,rh,cortex,137166.0,90349.0,269477.0,2.647,0.606,0.132,0.031,2112.0,182.7,0.0060263643972575665,1.8232702016830444,0.0033052500803023577,0.5294276475906372
0,109830,lh,parietal,27173.0,17540.0,44690.0,2.329,0.451,0.129,0.025,402.0,29.0,0.03672882169485092,1.8704447746276855,0.019345806911587715,0.4657794237136841
0,109830,lh,cingulate,4592.0,3047.0,8270.0,2.548,0.785,0.151,0.033,98.0,6.7,0.11006545275449753,1.166706919670105,0.05797366797924042,0.5095174312591553
0,109830,lh,cortex,111247.0,71268.0,198768.0,2.515,0.556,0.129,0.027,1635.0,131.2,0.005593455396592617,1.8985424041748047,0.0029461842495948076,0.5029395222663879
0,109830,rh,parietal,29444.0,19062.0,48799.0,2.369,0.444,0.127,0.026,434.0,31.8,0.05585406348109245,1.874878168106079,0.029790768399834633,0.47381824254989624
0,109830,rh,cingulate,4521.0,2968.0,8559.0,2.497,0.765,0.149,0.036,92.0,6.7,0.10706789791584015,1.297364592552185,0.05710659176111221,0.4994456171989441
0,109830,rh,cortex,111469.0,72150.0,202773.0,2.544,0.556,0.13,0.029,1679.0,133.7,0.004459829069674015,1.874878168106079,0.0023787273094058037,0.508834958076477
0,164939,lh,parietal,31314.0,20732.0,53394.0,2.324,0.495,0.133,0.028,501.0,38.7,0.054183024913072586,1.9780044555664062,0.026122616603970528,0.46487492322921753
0,164939,lh,cingulate,5254.0,3523.0,9860.0,2.496,0.727,0.141,0.033,102.0,7.6,0.10037931799888611,1.0732860565185547,0.04839468002319336,0.4991326332092285
0,164939,lh,cortex,116772.0,76225.0,216205.0,2.52,0.575,0.13,0.029,1770.0,144.5,0.00488067464902997,2.074180841445923,0.0023530602920800447,0.5039477348327637
0,164939,rh,parietal,29628.0,19712.0,52939.0,2.423,0.476,0.127,0.024,429.0,30.6,0.07182036340236664,2.090247869491577,0.03435973823070526,0.4846879839897156
0,164939,rh,cingulate,4610.0,3028.0,9435.0,2.574,0.895,0.146,0.033,89.0,6.6,0.03687458112835884,1.2007559537887573,0.017641248181462288,0.5148696899414062
0,164939,rh,cortex,116414.0,76173.0,220337.0,2.564,0.582,0.129,0.028,1765.0,140.4,0.008336135186254978,2.090247869491577,0.003988107666373253,0.512833297252655
0,622236,lh,parietal,35327.0,23021.0,59021.0,2.349,0.442,0.125,0.025,517.0,37.2,0.030835488811135292,1.6804728507995605,0.016590189188718796,0.4698193669319153
0,622236,lh,cingulate,5119.0,3411.0,10021.0,2.72,0.765,0.135,0.03,88.0,6.5,0.04784448444843292,1.1182653903961182,0.025741416960954666,0.5439016819000244
0,622236,lh,cortex,136724.0,89246.0,258403.0,2.598,0.604,0.128,0.028,2034.0,161.7,-0.00012195245653856546,1.858657717704773,-6.561444752151147e-05,0.5196176767349243
0,622236,rh,parietal,36484.0,24003.0,63519.0,2.422,0.461,0.126,0.024,529.0,38.4,0.050620462745428085,1.899405837059021,0.02601170539855957,0.4844370484352112
0,622236,rh,cingulate,5321.0,3531.0,10293.0,2.582,0.848,0.135,0.026,90.0,6.0,0.06911340355873108,1.366178274154663,0.03551444411277771,0.5164210200309753
0,622236,rh,cortex,137195.0,89675.0,261807.0,2.607,0.6,0.129,0.028,2032.0,161.5,0.004349589813500643,1.9460647106170654,0.0022350724320858717,0.5213983058929443
0,133928,lh,parietal,31861.0,20543.0,52479.0,2.33,0.475,0.126,0.024,463.0,33.9,0.0382223017513752,1.9136922359466553,0.019149867817759514,0.46602553129196167
0,133928,lh,cingulate,6424.0,4220.0,12936.0,2.658,0.811,0.145,0.035,128.0,9.0,0.05745097994804382,1.2933156490325928,0.028783682733774185,0.531630277633667
0,133928,lh,cortex,131989.0,86133.0,248280.0,2.578,0.605,0.128,0.029,1989.0,168.9,0.002824886003509164,1.995956540107727,0.0014153035590425134,0.515608549118042
0,133928,rh,parietal,34304.0,22268.0,58750.0,2.411,0.491,0.123,0.025,490.0,36.4,0.04910960793495178,2.0303525924682617,0.02418772503733635,0.4821403920650482
0,133928,rh,cingulate,5670.0,3673.0,10762.0,2.558,0.833,0.142,0.031,102.0,7.9,0.0603058896958828,1.3634787797927856,0.02970217727124691,0.5115963816642761
0,133928,rh,cortex,133036.0,86765.0,257172.0,2.655,0.64,0.128,0.028,1908.0,166.1,0.0030506227631121874,2.0303525924682617,0.00150250643491745,0.5309041738510132
0,687163,lh,parietal,35643.0,23492.0,63547.0,2.425,0.465,0.118,0.021,433.0,31.9,0.03251475468277931,1.7444944381713867,0.01825988106429577,0.4850894510746002
0,687163,lh,cingulate,6000.0,3960.0,11391.0,2.626,0.833,0.136,0.028,113.0,7.5,0.05048681050539017,1.1879119873046875,0.0283527672290802,0.5251844525337219
0,687163,lh,cortex,138519.0,90486.0,272743.0,2.67,0.601,0.121,0.024,1828.0,143.3,0.006040687672793865,1.7806661128997803,0.003392379032447934,0.534013032913208
0,687163,rh,parietal,36965.0,24338.0,68036.0,2.524,0.453,0.119,0.021,464.0,34.7,0.04757992550730705,1.8048800230026245,0.02598745934665203,0.5048877596855164
0,687163,rh,cingulate,5706.0,3775.0,11427.0,2.592,0.871,0.127,0.027,87.0,6.9,0.045358315110206604,1.173654556274414,0.02477404847741127,0.5184339284896851
0,687163,rh,cortex,138922.0,91026.0,281847.0,2.735,0.587,0.123,0.025,1856.0,152.5,0.004948500543832779,1.8308801651000977,0.0027028019540011883,0.5469882488250732
0,517239,lh,parietal,35703.0,23572.0,64989.0,2.493,0.476,0.126,0.023,489.0,34.6,0.035094622522592545,1.745330572128296,0.02010772004723549,0.49864670634269714
0,517239,lh,cingulate,6809.0,4422.0,12673.0,2.555,0.882,0.144,0.03,139.0,8.5,0.08592262864112854,1.2240840196609497,0.049230001866817474,0.5110648274421692
0,517239,lh,cortex,139296.0,91100.0,273139.0,2.673,0.586,0.125,0.025,1945.0,145.1,0.006066709756851196,1.745330572128296,0.0034759638365358114,0.5345541834831238
0,517239,rh,parietal,36331.0,24039.0,68508.0,2.586,0.49,0.124,0.023,503.0,35.1,0.041646651923656464,1.827838659286499,0.022678904235363007,0.5171710848808289
0,517239,rh,cingulate,6015.0,3925.0,10825.0,2.495,0.886,0.137,0.028,106.0,7.4,0.08811566978693008,1.097594976425171,0.047983840107917786,0.49909815192222595
0,517239,rh,cortex,137963.0,90708.0,278131.0,2.733,0.58,0.125,0.025,1928.0,146.4,0.007731618359684944,1.8363611698150635,0.00421029282733798,0.5465194582939148
0,101309,lh,parietal,33923.0,21887.0,59828.0,2.572,0.46,0.132,0.028,487.0,40.8,0.03527436405420303,1.8753231763839722,0.017543461173772812,0.5144619941711426
0,101309,lh,cingulate,5669.0,3751.0,11206.0,2.729,0.782,0.138,0.036,101.0,8.7,0.07076108455657959,1.3749412298202515,0.035192545503377914,0.5457540154457092
0,101309,lh,cortex,142299.0,91686.0,266936.0,2.669,0.565,0.132,0.032,2105.0,195.4,0.002944276900961995,2.0106842517852783,0.0014643148751929402,0.5337832570075989
0,101309,rh,parietal,36458.0,23615.0,65281.0,2.548,0.474,0.131,0.029,507.0,44.6,0.025887038558721542,1.8337857723236084,0.014025361277163029,0.5095456838607788
0,101309,rh,cingulate,6644.0,4328.0,12895.0,2.72,0.799,0.131,0.032,98.0,8.6,0.1082490012049675,1.1241121292114258,0.058648306876420975,0.5439649820327759
0,101309,rh,cortex,144523.0,93345.0,271288.0,2.659,0.573,0.131,0.032,2056.0,195.5,0.004801328759640455,1.8417165279388428,0.0026013157330453396,0.5317865610122681
0,101410,lh,parietal,40173.0,25964.0,67633.0,2.381,0.47,0.124,0.026,551.0,44.2,0.043558549135923386,1.7695643901824951,0.02345138043165207,0.4762733578681946
0,101410,lh,cingulate,9622.0,6579.0,14800.0,2.045,1.312,0.129,0.034,170.0,14.1,-0.06466076523065567,1.2794593572616577,-0.03481254726648331,0.4089362621307373
0,101410,lh,cortex,157917.0,102725.0,288787.0,2.535,0.681,0.127,0.03,2266.0,200.7,-0.0013727343175560236,1.8573981523513794,-0.0007390588871203363,0.5070372819900513
0,101410,rh,parietal,46572.0,29555.0,78038.0,2.431,0.485,0.123,0.024,673.0,48.0,0.0491802878677845,2.0682530403137207,0.02377866394817829,0.48615142703056335
0,101410,rh,cingulate,7000.0,4625.0,12618.0,2.453,0.844,0.142,0.032,148.0,9.2,0.04752044379711151,1.391136884689331,0.02297612652182579,0.4906166195869446
0,101410,rh,cortex,159109.0,102822.0,300088.0,2.619,0.607,0.128,0.029,2432.0,200.4,0.0030613718554377556,2.0682530403137207,0.0014801734359934926,0.5238577723503113
0,101915,lh,parietal,31819.0,20975.0,58223.0,2.477,0.497,0.128,0.025,466.0,35.2,0.03229514881968498,1.8023972511291504,0.017917891964316368,0.49532678723335266
0,101915,lh,cingulate,5132.0,3377.0,10236.0,2.645,0.897,0.142,0.03,90.0,6.7,0.051474377512931824,1.2022958993911743,0.028558839112520218,0.5290200710296631
0,101915,lh,cortex,124418.0,81489.0,248479.0,2.704,0.612,0.129,0.027,1827.0,146.8,0.005580951925367117,1.8023972511291504,0.0030964056495577097,0.5407191514968872
0,101915,rh,parietal,33632.0,22101.0,62528.0,2.539,0.487,0.13,0.026,524.0,37.0,0.04186476394534111,1.8474363088607788,0.022661004215478897,0.5077720284461975
0,101915,rh,cingulate,5542.0,3728.0,11030.0,2.586,0.87,0.139,0.029,101.0,6.8,0.07034648954868317,1.100946307182312,0.03807789832353592,0.5171731114387512
0,101915,rh,cortex,124985.0,82171.0,250601.0,2.708,0.583,0.129,0.027,1920.0,143.4,0.005648291204124689,1.8474363088607788,0.0030573674011975527,0.5416188836097717
0,102008,lh,parietal,36266.0,23650.0,63385.0,2.442,0.474,0.129,0.029,517.0,47.2,0.03087754175066948,1.7931735515594482,0.01657828688621521,0.4884995222091675
0,102008,lh,cingulate,5397.0,3510.0,9985.0,2.622,0.646,0.145,0.039,102.0,8.7,0.07311972975730896,1.1748732328414917,0.03925830125808716,0.5243270993232727
0,102008,lh,cortex,143745.0,93344.0,265139.0,2.561,0.575,0.129,0.031,2100.0,199.6,0.0044097271747887135,1.8625291585922241,0.002367602661252022,0.5121009945869446
0,102008,rh,parietal,37660.0,24637.0,68061.0,2.537,0.483,0.127,0.029,519.0,45.4,0.03246195614337921,1.897797703742981,0.016677556559443474,0.5074988603591919
0,102008,rh,cingulate,5268.0,3394.0,9886.0,2.554,0.844,0.138,0.037,85.0,7.9,0.05576309934258461,1.1487863063812256,0.028648674488067627,0.5108886361122131
0,102008,rh,cortex,145101.0,94439.0,275481.0,2.633,0.59,0.129,0.031,2085.0,196.5,0.005156191065907478,1.9464457035064697,0.0026490320451557636,0.5266169309616089
0,102311,lh,parietal,33060.0,21463.0,60821.0,2.492,0.54,0.127,0.029,479.0,41.6,0.04188381880521774,1.927384614944458,0.021603630855679512,0.4984337091445923
0,102311,lh,cingulate,6263.0,4170.0,13565.0,2.871,0.978,0.141,0.036,113.0,9.9,0.12008295953273773,1.2949802875518799,0.06193866580724716,0.5742981433868408
0,102311,lh,cortex,130229.0,85062.0,259882.0,2.656,0.676,0.129,0.032,1935.0,185.6,0.010453455150127411,1.9387397766113281,0.005391883198171854,0.5312564373016357
0,102311,rh,parietal,34900.0,22401.0,66073.0,2.592,0.566,0.12,0.027,468.0,40.6,0.03149951249361038,1.8962743282318115,0.016611261293292046,0.5184007883071899
0,102311,rh,cingulate,5656.0,3766.0,11872.0,2.756,0.886,0.137,0.034,96.0,8.3,0.05501022934913635,1.2525725364685059,0.029009634628891945,0.5512433052062988
0,102311,rh,cortex,131301.0,85683.0,267362.0,2.715,0.653,0.127,0.032,1913.0,179.5,0.004577523097395897,1.8962743282318115,0.0024139550514519215,0.5430378317832947
0,102513,lh,parietal,36404.0,23538.0,63749.0,2.457,0.465,0.118,0.022,494.0,34.9,0.009444951079785824,1.8147183656692505,0.005166483111679554,0.4913751184940338
0,102513,lh,cingulate,7284.0,4846.0,15028.0,2.754,0.804,0.138,0.03,132.0,10.0,0.05446527153253555,1.324550747871399,0.02979305014014244,0.5507444739341736
0,102513,lh,cortex,153967.0,100509.0,298034.0,2.66,0.564,0.122,0.025,2111.0,167.9,0.0029323433991521597,1.8281198740005493,0.0016040242044255137,0.5319005250930786
0,102513,rh,parietal,38140.0,25022.0,70299.0,2.551,0.5,0.119,0.022,520.0,35.7,0.037827182561159134,1.8032722473144531,0.020680947229266167,0.5102439522743225
0,102513,rh,cingulate,6794.0,4494.0,13676.0,2.652,0.87,0.129,0.028,108.0,8.6,0.038714148104190826,1.248020887374878,0.02116587571799755,0.5303955078125
0,102513,rh,cortex,153443.0,101069.0,310992.0,2.748,0.604,0.121,0.025,2081.0,161.5,0.002088129986077547,1.8290834426879883,0.00114162708632648,0.5495386123657227
0,102816,lh,parietal,30466.0,19699.0,51554.0,2.367,0.459,0.127,0.028,423.0,36.6,0.05193045735359192,1.9748811721801758,0.026295483112335205,0.4733261168003082
0,102816,lh,cingulate,5543.0,3599.0,10811.0,2.65,0.838,0.149,0.039,116.0,9.5,0.0967097133398056,1.3630932569503784,0.04896988719701767,0.5300676822662354
0,102816,lh,cortex,122444.0,79626.0,227232.0,2.554,0.587,0.13,0.032,1809.0,170.8,0.005108356010168791,1.9748811721801758,0.0025866664946079254,0.5107559561729431
0,102816,rh,parietal,32591.0,20750.0,56556.0,2.459,0.464,0.126,0.029,488.0,41.7,0.05025677755475044,1.972375750541687,0.02513962984085083,0.49180784821510315
0,102816,rh,cingulate,5074.0,3306.0,9057.0,2.47,0.915,0.139,0.032,84.0,7.3,0.12567846477031708,1.2336605787277222,0.06286735087633133,0.4940648078918457
0,102816,rh,cortex,124232.0,79969.0,234197.0,2.618,0.6,0.129,0.032,1852.0,173.5,0.005687253084033728,1.9991053342819214,0.002844900358468294,0.523639976978302
0,103111,lh,parietal,36134.0,23947.0,65150.0,2.477,0.459,0.119,0.023,449.0,36.0,0.03508775681257248,1.6791906356811523,0.020611174404621124,0.4954885244369507
0,103111,lh,cingulate,6438.0,4241.0,12607.0,2.595,0.9,0.14,0.033,119.0,9.6,0.05710616335272789,1.142340064048767,0.03354518115520477,0.518914520740509
0,103111,lh,cortex,145935.0,96045.0,281631.0,2.613,0.611,0.124,0.027,2021.0,172.8,0.0023888240102678537,1.7023656368255615,0.0014032385079190135,0.5225487947463989
0,103111,rh,parietal,39531.0,25788.0,70714.0,2.49,0.447,0.122,0.024,520.0,40.7,0.04909476637840271,1.7969541549682617,0.02732110023498535,0.4979197084903717
0,103111,rh,cingulate,5780.0,3830.0,11450.0,2.533,0.926,0.136,0.032,92.0,8.0,0.05764215067028999,1.0441954135894775,0.03207769617438316,0.506614089012146
0,103111,rh,cortex,146939.0,96261.0,285043.0,2.641,0.573,0.125,0.027,2042.0,172.3,0.005112775601446629,1.7969541549682617,0.0028452444821596146,0.5281107425689697
0,103414,lh,parietal,32427.0,21146.0,58437.0,2.499,0.498,0.124,0.024,443.0,34.0,0.026252560317516327,1.6954480409622192,0.014798491261899471,0.4997064173221588
0,103414,lh,cingulate,4759.0,3180.0,9355.0,2.625,0.807,0.142,0.034,93.0,7.1,0.09810584038496017,1.2375962734222412,0.0553019680082798,0.524948239326477
0,103414,lh,cortex,119813.0,77930.0,234339.0,2.666,0.607,0.125,0.028,1675.0,144.4,0.005228457041084766,1.7740024328231812,0.0029472634196281433,0.5331422686576843
0,103414,rh,parietal,35114.0,22708.0,63699.0,2.522,0.486,0.124,0.026,497.0,38.2,0.043421849608421326,1.9518227577209473,0.022246818989515305,0.5044283866882324
0,103414,rh,cingulate,4196.0,2721.0,7381.0,2.495,0.839,0.14,0.031,72.0,5.0,0.08924856036901474,1.2028160095214844,0.0457257479429245,0.49893349409103394
0,103414,rh,cortex,119811.0,77644.0,235501.0,2.685,0.599,0.127,0.029,1725.0,148.1,0.00501243956387043,1.9518227577209473,0.00256808171980083,0.5370258688926697
0,103515,lh,parietal,31225.0,20431.0,57032.0,2.489,0.555,0.131,0.029,480.0,40.1,0.0448865182697773,1.8266847133636475,0.0237442459911108,0.49784430861473083
0,103515,lh,cingulate,6496.0,4285.0,12746.0,2.701,0.83,0.143,0.034,121.0,9.6,0.1321755200624466,1.2184804677963257,0.06991872191429138,0.5401089787483215
0,103515,lh,cortex,122641.0,80716.0,241415.0,2.657,0.605,0.133,0.032,1894.0,175.6,0.004207495599985123,1.8904165029525757,0.0022256968077272177,0.5313230752944946
0,103515,rh,parietal,32608.0,21359.0,61354.0,2.565,0.492,0.129,0.029,500.0,42.1,0.047504160553216934,1.797476053237915,0.026428261771798134,0.5129702687263489
0,103515,rh,cingulate,5257.0,3428.0,9547.0,2.467,0.888,0.139,0.037,99.0,7.9,0.06491738557815552,1.033284068107605,0.0361158549785614,0.49340373277664185
0,103515,rh,cortex,126044.0,82918.0,251379.0,2.695,0.603,0.131,0.031,1933.0,173.4,0.0038443829398602247,1.797476053237915,0.002138765063136816,0.5390826463699341
0,103818,lh,parietal,27850.0,18420.0,54210.0,2.638,0.484,0.122,0.023,379.0,27.5,0.036400552839040756,1.8654042482376099,0.019349433481693268,0.5275185704231262
0,103818,lh,cingulate,4649.0,3067.0,9635.0,2.844,0.883,0.146,0.033,108.0,6.4,0.10673210769891739,1.1962318420410156,0.0567355640232563,0.5687015056610107
0,103818,lh,cortex,113889.0,74139.0,234777.0,2.808,0.625,0.127,0.027,1629.0,131.5,0.003828799119219184,1.8812205791473389,0.002035275800153613,0.5615383386611938
0,103818,rh,parietal,28395.0,18445.0,55118.0,2.693,0.527,0.123,0.023,383.0,28.4,0.029689405113458633,1.8516281843185425,0.016034217551350594,0.5385650992393494
0,103818,rh,cingulate,4737.0,3118.0,9955.0,2.77,0.94,0.137,0.029,83.0,5.7,0.08500956743955612,1.1776924133300781,0.04591071605682373,0.5539705157279968
0,103818,rh,cortex,115025.0,75164.0,238499.0,2.81,0.621,0.128,0.028,1677.0,136.8,0.005852161906659603,1.8516281843185425,0.0031605451367795467,0.5620224475860596
0,104416,lh,parietal,35075.0,22881.0,59795.0,2.384,0.469,0.132,0.027,559.0,41.3,0.04092084988951683,1.8964885473251343,0.021561285480856895,0.47678396105766296
0,104416,lh,cingulate,5950.0,3970.0,11561.0,2.601,0.751,0.144,0.03,114.0,7.8,0.0848858579993248,1.4454044103622437,0.044726546853780746,0.5202378034591675
0,104416,lh,cortex,131203.0,86005.0,244037.0,2.548,0.583,0.131,0.029,2026.0,164.1,0.005336678121238947,1.8978852033615112,0.0028119063936173916,0.5095314979553223
0,104416,rh,parietal,35881.0,23528.0,60837.0,2.391,0.443,0.132,0.026,566.0,40.4,0.04498136416077614,1.9274818897247314,0.023336855694651604,0.4781273603439331
0,104416,rh,cingulate,5107.0,3358.0,9968.0,2.553,0.799,0.142,0.028,94.0,6.3,0.03130911663174629,1.1666128635406494,0.01624353602528572,0.5106145739555359
0,104416,rh,cortex,131543.0,86384.0,243632.0,2.548,0.58,0.133,0.029,2060.0,166.7,0.005640786606818438,1.9274818897247314,0.0029265079647302628,0.509625256061554
0,104820,lh,parietal,29747.0,19369.0,50386.0,2.354,0.438,0.123,0.024,369.0,30.5,0.020816268399357796,1.6024677753448486,0.011855954304337502,0.4707353413105011
0,104820,lh,cingulate,4784.0,3193.0,8721.0,2.494,0.817,0.14,0.033,86.0,6.9,0.11405131965875626,1.2822763919830322,0.06495820730924606,0.49873387813568115
0,104820,lh,cortex,111126.0,72352.0,206429.0,2.551,0.607,0.124,0.027,1420.0,132.6,0.0005193200777284801,1.7557644844055176,0.0002957793476525694,0.510256826877594
0,104820,rh,parietal,28743.0,18594.0,49993.0,2.446,0.462,0.124,0.026,399.0,33.2,0.03879324346780777,1.781736135482788,0.021772723644971848,0.48928970098495483
0,104820,rh,cingulate,5081.0,3369.0,9365.0,2.44,0.899,0.137,0.03,83.0,6.4,0.0876031443476677,1.1896638870239258,0.049167294055223465,0.4879394769668579
0,104820,rh,cortex,112591.0,72405.0,212280.0,2.622,0.623,0.125,0.029,1512.0,142.5,0.002140070078894496,1.781736135482788,0.0012011171784251928,0.5243861079216003
0,105014,lh,parietal,33608.0,22088.0,59981.0,2.506,0.433,0.127,0.024,466.0,34.9,0.033445391803979874,1.9470300674438477,0.016394006088376045,0.5012914538383484
0,105014,lh,cingulate,6077.0,4024.0,11714.0,2.639,0.791,0.142,0.029,119.0,7.2,0.08483171463012695,1.4740405082702637,0.04158215597271919,0.5278410315513611
0,105014,lh,cortex,133399.0,87216.0,253358.0,2.64,0.57,0.129,0.027,1969.0,155.5,0.003425721311941743,2.0400989055633545,0.0016791949747130275,0.5280072093009949
0,105014,rh,parietal,34984.0,22769.0,65004.0,2.595,0.461,0.128,0.025,518.0,38.1,0.025090863928198814,1.8849910497665405,0.013310863636434078,0.5189313888549805
0,105014,rh,cingulate,6069.0,4015.0,11458.0,2.6,0.81,0.137,0.027,109.0,6.6,0.06559956818819046,1.4039018154144287,0.034800995141267776,0.520020067691803
0,105014,rh,cortex,133269.0,86710.0,260420.0,2.713,0.576,0.128,0.026,1954.0,151.3,0.006048661191016436,1.8849910497665405,0.0032088570296764374,0.5425184369087219
0,105115,lh,parietal,32542.0,21612.0,60404.0,2.542,0.443,0.134,0.028,526.0,39.7,0.032586000859737396,1.7366182804107666,0.018014905974268913,0.5083054900169373
0,105115,lh,cingulate,6286.0,4112.0,11700.0,2.599,0.91,0.134,0.028,104.0,7.8,0.06574207544326782,1.317082405090332,0.0363449789583683,0.5197814106941223
0,105115,lh,cortex,127964.0,85250.0,252621.0,2.644,0.582,0.134,0.029,2024.0,161.3,0.0030003900174051523,1.8088353872299194,0.0016587411519140005,0.528814971446991
0,105115,rh,parietal,33853.0,22541.0,62179.0,2.541,0.455,0.132,0.027,542.0,38.4,0.0538543164730072,1.9270678758621216,0.027946248650550842,0.508263111114502
0,105115,rh,cingulate,5460.0,3620.0,11002.0,2.573,0.877,0.134,0.03,93.0,6.6,0.05355120077729225,1.0736887454986572,0.027788953855633736,0.5145193338394165
0,105115,rh,cortex,129692.0,86315.0,257559.0,2.656,0.578,0.133,0.029,2056.0,160.4,0.004383191466331482,1.9270678758621216,0.002274539787322283,0.5312902331352234
0,105216,lh,parietal,41044.0,26892.0,71200.0,2.398,0.454,0.12,0.021,535.0,36.6,0.021914813667535782,1.8292694091796875,0.011731613427400589,0.4795617461204529
0,105216,lh,cingulate,7780.0,5233.0,15226.0,2.615,0.804,0.133,0.027,129.0,8.8,0.0320306271314621,1.2016206979751587,0.017146890982985497,0.5230633020401001
0,105216,lh,cortex,159335.0,104258.0,312397.0,2.672,0.575,0.12,0.023,2066.0,156.3,0.0041074906475842,1.868013620376587,0.002198854461312294,0.5344300866127014
0,105216,rh,parietal,41647.0,27432.0,75155.0,2.493,0.444,0.119,0.021,541.0,37.2,0.042924754321575165,1.8513127565383911,0.023186122998595238,0.49862799048423767
0,105216,rh,cingulate,6157.0,4122.0,11821.0,2.543,0.871,0.128,0.023,89.0,6.3,0.01684393547475338,1.2185206413269043,0.009098376147449017,0.508697509765625
0,105216,rh,cortex,157831.0,103831.0,317142.0,2.708,0.572,0.121,0.024,2100.0,159.1,0.003384864656254649,1.8513127565383911,0.0018283616518601775,0.5416015386581421
0,105620,lh,parietal,34324.0,22509.0,59800.0,2.386,0.463,0.121,0.024,435.0,35.0,0.03308291733264923,1.8232626914978027,0.018103808164596558,0.47714370489120483
0,105620,lh,cingulate,5640.0,3723.0,10813.0,2.576,0.837,0.135,0.03,95.0,7.3,0.0727580264210701,1.232696533203125,0.039815034717321396,0.5152741074562073
0,105620,lh,cortex,134421.0,87913.0,251956.0,2.551,0.577,0.127,0.028,1859.0,164.6,0.002369846450164914,1.827400803565979,0.001296838978305459,0.510155200958252
0,105620,rh,parietal,36000.0,23767.0,64343.0,2.448,0.478,0.123,0.024,479.0,37.9,0.034303903579711914,1.819238305091858,0.018856190145015717,0.48959705233573914
0,105620,rh,cingulate,6574.0,4353.0,12508.0,2.541,0.937,0.135,0.032,110.0,9.1,0.09734329581260681,1.08904230594635,0.05350771173834801,0.5082554221153259
0,105620,rh,cortex,137960.0,90068.0,261674.0,2.594,0.591,0.125,0.028,1902.0,164.5,0.004122479818761349,1.819238305091858,0.0022660482209175825,0.5187491178512573
0,106016,lh,parietal,33152.0,21642.0,56966.0,2.409,0.455,0.129,0.025,497.0,36.1,0.050096239894628525,1.762250542640686,0.02731506898999214,0.4818379282951355
0,106016,lh,cingulate,5734.0,3814.0,11385.0,2.633,0.783,0.147,0.035,127.0,8.7,0.08717770129442215,1.237214207649231,0.04753381386399269,0.526617705821991
0,106016,lh,cortex,129613.0,84805.0,251359.0,2.648,0.578,0.131,0.029,2046.0,160.2,0.003984335344284773,1.8340145349502563,0.0021724668331444263,0.529670000076294
0,106016,rh,parietal,33629.0,21875.0,59905.0,2.488,0.472,0.131,0.027,527.0,39.4,0.04733254015445709,1.919068694114685,0.02466432750225067,0.49758514761924744
0,106016,rh,cingulate,4957.0,3278.0,9456.0,2.523,0.796,0.141,0.029,95.0,6.8,0.0434768907725811,1.0921189785003662,0.022655202075839043,0.5045080184936523
0,106016,rh,cortex,129912.0,85062.0,258248.0,2.696,0.587,0.134,0.03,2148.0,171.0,0.004603059496730566,1.919068694114685,0.002398591721430421,0.539223313331604
0,106319,lh,parietal,34908.0,23042.0,58201.0,2.31,0.439,0.123,0.024,475.0,35.8,0.038491182029247284,1.7995468378067017,0.021389374509453773,0.4619653522968292
0,106319,lh,cingulate,6373.0,4285.0,12177.0,2.481,0.857,0.138,0.029,116.0,7.9,0.053244706243276596,1.2813055515289307,0.029587842524051666,0.49612489342689514
0,106319,lh,cortex,132722.0,87562.0,248720.0,2.531,0.583,0.126,0.027,1900.0,151.1,0.0018287323182448745,1.7995468378067017,0.001016214955598116,0.5061247944831848
0,106319,rh,parietal,35015.0,23113.0,61300.0,2.419,0.456,0.122,0.023,462.0,34.1,0.03726891428232193,1.9028602838516235,0.019585734233260155,0.4837838411331177
0,106319,rh,cingulate,5605.0,3751.0,11886.0,2.654,0.853,0.143,0.031,103.0,7.6,0.035381071269512177,1.1243945360183716,0.018593624234199524,0.5308154821395874
0,106319,rh,cortex,130223.0,85890.0,249452.0,2.583,0.571,0.126,0.026,1832.0,146.0,0.0032844950910657644,1.9028602838516235,0.0017260824097320437,0.5166177749633789
0,106521,lh,parietal,37909.0,24573.0,63374.0,2.348,0.488,0.129,0.028,584.0,45.8,0.029139580205082893,1.8522831201553345,0.015640735626220703,0.46950170397758484
0,106521,lh,cingulate,6588.0,4348.0,12956.0,2.773,0.854,0.149,0.038,121.0,11.0,0.08539598435163498,1.4104191064834595,0.045836493372917175,0.554573118686676
0,106521,lh,cortex,147149.0,96305.0,270949.0,2.523,0.604,0.133,0.032,2298.0,205.5,0.004856038838624954,1.8630567789077759,0.002606488997116685,0.5045903921127319
0,106521,rh,parietal,39398.0,25186.0,66491.0,2.389,0.446,0.127,0.027,600.0,45.3,0.03153693303465843,1.8644537925720215,0.016914838925004005,0.4777674078941345
0,106521,rh,cingulate,6925.0,4583.0,13538.0,2.541,0.872,0.144,0.036,127.0,10.8,0.054592497646808624,1.390516996383667,0.02928069233894348,0.5082569718360901
0,106521,rh,cortex,152209.0,99065.0,279059.0,2.508,0.574,0.131,0.031,2321.0,210.6,0.005243352614343166,1.8644537925720215,0.0028122742660343647,0.5015949606895447
0,107018,lh,parietal,29400.0,19180.0,52450.0,2.458,0.47,0.125,0.026,411.0,32.4,0.03272306174039841,1.774877667427063,0.017376722767949104,0.49161040782928467
0,107018,lh,cingulate,4938.0,3302.0,10728.0,2.828,0.843,0.148,0.037,103.0,7.5,0.11691704392433167,1.2597793340682983,0.062085721641778946,0.5656841993331909
0,107018,lh,cortex,120204.0,78669.0,238351.0,2.669,0.598,0.128,0.029,1732.0,153.7,0.005349653773009777,1.883155107498169,0.002840794390067458,0.5338297486305237
0,107018,rh,parietal,30252.0,20011.0,55677.0,2.521,0.473,0.126,0.026,429.0,34.4,0.048974763602018356,2.0176727771759033,0.024272894486784935,0.5042780637741089
0,107018,rh,cingulate,5064.0,3286.0,9964.0,2.707,0.808,0.14,0.029,83.0,6.1,0.10001387447118759,0.9403848648071289,0.04956892877817154,0.5413840413093567
0,107018,rh,cortex,119200.0,78552.0,240780.0,2.71,0.597,0.13,0.03,1770.0,157.3,0.00553056551143527,2.0176727771759033,0.0027410623151808977,0.5420130491256714
0,107220,lh,parietal,32389.0,21435.0,62109.0,2.596,0.512,0.12,0.024,392.0,33.8,0.020539162680506706,1.793648600578308,0.01145105343312025,0.5191836953163147
0,107220,lh,cingulate,8513.0,5831.0,12769.0,1.965,1.353,0.121,0.032,122.0,10.9,-0.023576347157359123,1.2418901920318604,-0.013144348748028278,0.3930166959762573
0,107220,lh,cortex,135444.0,89085.0,268653.0,2.663,0.685,0.123,0.029,1767.0,170.7,-0.0016456402372568846,1.793648600578308,-0.0009174812585115433,0.5326106548309326
0,107220,rh,parietal,35637.0,23327.0,67110.0,2.592,0.488,0.122,0.025,469.0,38.6,0.03397271782159805,1.8299835920333862,0.0185644943267107,0.5183705687522888
0,107220,rh,cingulate,6627.0,4322.0,12697.0,2.547,0.898,0.13,0.031,108.0,9.0,0.08987993746995926,1.1230710744857788,0.04911515861749649,0.5094699859619141
0,107220,rh,cortex,136487.0,88981.0,277308.0,2.761,0.595,0.123,0.028,1827.0,170.9,0.004644686356186867,1.8299835920333862,0.002538104075938463,0.5522617101669312
0,107321,lh,parietal,33456.0,21213.0,51258.0,2.237,0.463,0.125,0.026,443.0,37.5,0.021087773144245148,1.9109750986099243,0.010672508738934994,0.4474542438983917
0,107321,lh,cingulate,5588.0,3643.0,10077.0,2.525,0.792,0.142,0.035,99.0,8.6,0.11981351673603058,1.2974313497543335,0.06063756346702576,0.5049809813499451
0,107321,lh,cortex,130462.0,83799.0,224913.0,2.453,0.587,0.129,0.03,1813.0,168.3,0.0027916901744902134,1.9758961200714111,0.0014128752518445253,0.4906288683414459
0,107321,rh,parietal,35377.0,22742.0,55665.0,2.261,0.468,0.124,0.026,465.0,40.4,0.03187832608819008,2.053820848464966,0.015521475113928318,0.452247679233551
0,107321,rh,cingulate,5508.0,3668.0,9886.0,2.416,0.813,0.141,0.035,98.0,8.0,0.06867649406194687,1.2064399719238281,0.03343840688467026,0.48313671350479126
0,107321,rh,cortex,131585.0,85215.0,229104.0,2.456,0.599,0.131,0.032,1955.0,182.9,0.0035549483727663755,2.053820848464966,0.0017308960668742657,0.49120116233825684
0,107422,lh,parietal,37111.0,24213.0,64265.0,2.429,0.492,0.126,0.024,544.0,38.8,0.03548616170883179,1.7566957473754883,0.018396977335214615,0.48577484488487244
0,107422,lh,cingulate,6378.0,4231.0,13174.0,2.792,0.829,0.142,0.033,127.0,8.8,0.05584404245018959,1.4019434452056885,0.028951037675142288,0.5583919882774353
0,107422,lh,cortex,142219.0,92989.0,270875.0,2.617,0.606,0.128,0.027,2178.0,164.7,0.0013481731293722987,1.9289132356643677,0.0006989291287027299,0.5233826637268066
0,107422,rh,parietal,39518.0,25918.0,68866.0,2.458,0.506,0.125,0.024,594.0,40.3,0.05993287265300751,2.0032620429992676,0.0299176424741745,0.4915209114551544
0,107422,rh,cingulate,5763.0,3829.0,12255.0,2.742,0.87,0.146,0.036,117.0,8.7,0.03544890508055687,1.1662673950195312,0.0176955908536911,0.548473060131073
0,107422,rh,cortex,141850.0,93141.0,276324.0,2.651,0.618,0.127,0.028,2162.0,165.7,0.007167922332882881,2.0032620429992676,0.003578124800696969,0.5302557945251465
0,108121,lh,parietal,26107.0,17182.0,48807.0,2.58,0.479,0.126,0.025,366.0,27.6,0.05505752936005592,1.723558783531189,0.027989225462079048,0.5159587264060974
0,108121,lh,cingulate,4566.0,2937.0,9062.0,2.671,0.855,0.146,0.031,94.0,5.9,0.15090836584568024,1.4645767211914062,0.07671627402305603,0.5341389179229736
0,108121,lh,cortex,100940.0,66252.0,206405.0,2.769,0.604,0.129,0.028,1498.0,123.5,0.005265092011541128,1.9670970439910889,0.002676580799743533,0.5538407564163208
0,108121,rh,parietal,26471.0,17408.0,50527.0,2.631,0.473,0.126,0.025,373.0,27.5,0.06659529358148575,1.9632030725479126,0.033877402544021606,0.5261379480361938
0,108121,rh,cingulate,4611.0,3047.0,9493.0,2.783,0.919,0.139,0.029,86.0,5.6,0.13749940693378448,1.0659310817718506,0.06994672864675522,0.5565648078918457
0,108121,rh,cortex,102191.0,67040.0,211975.0,2.79,0.603,0.128,0.027,1492.0,120.8,0.0026450820732861757,1.9657734632492065,0.0013455674052238464,0.5579784512519836
0,108222,lh,parietal,37718.0,24729.0,63637.0,2.334,0.476,0.125,0.023,526.0,37.1,0.025241602212190628,1.7492873668670654,0.014374066144227982,0.46679580211639404
0,108222,lh,cingulate,6609.0,4383.0,13545.0,2.782,0.653,0.141,0.029,118.0,8.7,0.10297892987728119,1.2067147493362427,0.05864231660962105,0.5563965439796448
0,108222,lh,cortex,144076.0,94612.0,269823.0,2.541,0.589,0.126,0.026,2004.0,157.3,0.002829605480656028,1.7560515403747559,0.001611344050616026,0.5081201195716858
0,108222,rh,parietal,38273.0,24988.0,65960.0,2.371,0.491,0.124,0.023,537.0,37.8,0.037582945078611374,1.8508540391921997,0.020305728539824486,0.4741399884223938
0,108222,rh,cingulate,5839.0,3852.0,11161.0,2.54,0.796,0.133,0.03,106.0,7.7,0.052806589752435684,1.249229907989502,0.02853093110024929,0.507929265499115
0,108222,rh,cortex,145991.0,96138.0,276508.0,2.546,0.587,0.127,0.026,2085.0,163.8,0.004290246870368719,1.8508540391921997,0.002317983889952302,0.5092783570289612
0,108323,lh,parietal,31785.0,21073.0,57799.0,2.494,0.466,0.123,0.023,452.0,32.3,0.05749443173408508,1.7597402334213257,0.031175551936030388,0.4988633990287781
0,108323,lh,cingulate,5433.0,3587.0,10944.0,2.745,0.81,0.142,0.031,94.0,7.3,0.036110665649175644,1.263644814491272,0.019580505788326263,0.5489878058433533
0,108323,lh,cortex,123666.0,81180.0,248535.0,2.723,0.598,0.124,0.026,1794.0,141.0,0.005724863149225712,1.8442153930664062,0.0031042243354022503,0.5445803999900818
0,108323,rh,parietal,30941.0,20536.0,58920.0,2.564,0.488,0.124,0.024,455.0,31.1,0.06341126561164856,1.8560796976089478,0.033635444939136505,0.5128098130226135
0,108323,rh,cingulate,5284.0,3473.0,10635.0,2.627,0.94,0.129,0.029,88.0,6.6,0.06555593758821487,1.2318159341812134,0.034773051738739014,0.5253790616989136
0,108323,rh,cortex,124040.0,82161.0,255568.0,2.747,0.62,0.127,0.027,1859.0,145.3,0.006984091829508543,1.8852511644363403,0.0037045942153781652,0.5493483543395996
0,108525,lh,parietal,30834.0,20050.0,55293.0,2.489,0.485,0.118,0.022,394.0,29.6,0.03361073136329651,1.7923496961593628,0.018326416611671448,0.49789026379585266
0,108525,lh,cingulate,5676.0,3725.0,12464.0,3.001,0.818,0.137,0.03,103.0,7.3,0.06065197288990021,1.2158414125442505,0.03307078778743744,0.6001002192497253
0,108525,lh,cortex,120545.0,78446.0,243595.0,2.756,0.624,0.123,0.027,1799.0,141.9,0.002678997116163373,1.834004521369934,0.0014607374323531985,0.5511106848716736
0,108525,rh,parietal,31907.0,20749.0,59443.0,2.579,0.519,0.118,0.023,411.0,30.9,0.04284351319074631,1.8227109909057617,0.023505382239818573,0.5158321261405945
0,108525,rh,cingulate,4928.0,3216.0,10501.0,2.887,0.86,0.131,0.029,73.0,5.7,0.06165412813425064,1.1577447652816772,0.03382551297545433,0.5774974226951599
0,108525,rh,cortex,120580.0,78693.0,248154.0,2.809,0.653,0.124,0.026,1672.0,135.5,0.003434489481151104,1.8227109909057617,0.0018842744175344706,0.5618842840194702
0,108828,lh,parietal,36868.0,24284.0,66065.0,2.477,0.467,0.122,0.023,456.0,35.7,0.030414016917347908,1.8152074813842773,0.016422688961029053,0.4953473210334778
0,108828,lh,cingulate,5936.0,3903.0,10799.0,2.531,0.812,0.137,0.03,111.0,7.3,0.08568394929170609,1.1943976879119873,0.046266838908195496,0.5061951279640198
0,108828,lh,cortex,137148.0,90203.0,262372.0,2.611,0.582,0.123,0.025,1764.0,145.3,0.0008555549429729581,1.8519515991210938,0.00046197811025194824,0.5221381783485413
0,108828,rh,parietal,38723.0,25789.0,70836.0,2.505,0.453,0.125,0.023,492.0,37.7,0.0421772338449955,1.8216447830200195,0.023153381422162056,0.5009093284606934
0,108828,rh,cingulate,5572.0,3673.0,10448.0,2.55,0.771,0.136,0.031,94.0,7.6,0.06605586409568787,1.386993408203125,0.0362616591155529,0.5099478960037231
0,108828,rh,cortex,137630.0,90722.0,266794.0,2.64,0.569,0.125,0.026,1782.0,154.6,0.002295315731316805,1.8216447830200195,0.0012600232148543,0.527928352355957
0,109123,lh,parietal,35862.0,23527.0,67302.0,2.58,0.506,0.122,0.023,457.0,35.4,0.038115810602903366,1.8064192533493042,0.020843924954533577,0.5159634351730347
0,109123,lh,cingulate,6154.0,4051.0,11950.0,2.598,0.873,0.138,0.026,107.0,7.0,0.06753770262002945,1.3295485973358154,0.03693351894617081,0.5196827054023743
0,109123,lh,cortex,136243.0,90264.0,275004.0,2.713,0.589,0.124,0.026,1795.0,148.7,0.002544214017689228,1.8286288976669312,0.001391324563883245,0.5426733493804932
0,109123,rh,parietal,38115.0,25085.0,71833.0,2.576,0.525,0.121,0.022,494.0,36.1,0.04106791317462921,1.8332371711730957,0.022401854395866394,0.5151885151863098
0,109123,rh,cingulate,5688.0,3779.0,11091.0,2.555,0.903,0.133,0.028,91.0,6.7,0.059379056096076965,1.3961211442947388,0.032390277832746506,0.5110653638839722
0,109123,rh,cortex,139007.0,91537.0,282302.0,2.74,0.594,0.123,0.025,1877.0,147.6,0.0032348865643143654,1.8332371711730957,0.0017645718762651086,0.5479221343994141
0,109325,lh,parietal,34209.0,22806.0,66097.0,2.628,0.466,0.124,0.022,469.0,32.5,0.03187192603945732,1.6254624128341675,0.018847106024622917,0.5256665349006653
0,109325,lh,cingulate,6474.0,4302.0,12203.0,2.596,1.013,0.134,0.027,110.0,7.1,0.03780284523963928,1.1332428455352783,0.022354284301400185,0.5191015005111694
0,109325,lh,cortex,138996.0,92021.0,284860.0,2.77,0.604,0.122,0.024,1858.0,141.3,0.002569529227912426,1.6887191534042358,0.0015194625593721867,0.5539456009864807
0,109325,rh,parietal,36038.0,23890.0,73211.0,2.753,0.501,0.12,0.021,476.0,32.6,0.03707791492342949,1.7485055923461914,0.021205486729741096,0.5505416989326477
0,109325,rh,cingulate,6324.0,4106.0,12911.0,2.743,0.896,0.139,0.028,128.0,7.5,0.002932892879471183,1.1608891487121582,0.0016773713286966085,0.5485374927520752
0,109325,rh,cortex,138681.0,91540.0,295834.0,2.876,0.595,0.123,0.025,1935.0,149.5,0.005736581981182098,1.7485055923461914,0.0032808526884764433,0.5752537250518799
0,110007,lh,parietal,28640.0,18724.0,49500.0,2.415,0.466,0.129,0.028,413.0,35.0,0.04077537730336189,1.7178212404251099,0.022120501846075058,0.4829643964767456
0,110007,lh,cingulate,4568.0,2987.0,8579.0,2.737,0.682,0.152,0.04,104.0,7.7,0.13125792145729065,1.19195556640625,0.0712069720029831,0.5473415851593018
0,110007,lh,cortex,113644.0,73956.0,213259.0,2.593,0.565,0.134,0.033,1714.0,164.0,0.0038267180789262056,1.843329668045044,0.0020759794861078262,0.518619954586029
0,110007,rh,parietal,29732.0,19284.0,52164.0,2.449,0.471,0.132,0.029,431.0,37.1,0.04023327678442001,1.8336470127105713,0.0208857674151659,0.4898674190044403
0,110007,rh,cingulate,4596.0,3009.0,8348.0,2.57,0.758,0.148,0.037,91.0,7.0,0.09130485355854034,1.0725821256637573,0.04739787429571152,0.5139333605766296
0,110007,rh,cortex,115236.0,75182.0,217559.0,2.589,0.553,0.133,0.032,1704.0,161.4,0.006566643249243498,1.92634916305542,0.0034088557586073875,0.5178065896034241
0,110411,lh,parietal,32600.0,21288.0,55049.0,2.348,0.44,0.125,0.025,428.0,34.7,0.0286560095846653,1.7712653875350952,0.015523034147918224,0.46954527497291565
0,110411,lh,cingulate,6111.0,4025.0,10951.0,2.527,0.729,0.135,0.03,93.0,7.9,0.09065941721200943,1.3383067846298218,0.04911043867468834,0.505373477935791
0,110411,lh,cortex,131257.0,85170.0,242022.0,2.544,0.576,0.127,0.029,1735.0,164.8,0.0008817655616439879,1.8460315465927124,0.00047765366616658866,0.5088075995445251
0,110411,rh,parietal,35399.0,22987.0,60196.0,2.369,0.455,0.126,0.024,461.0,37.7,0.03770151734352112,1.8685892820358276,0.020176460966467857,0.4738648533821106
0,110411,rh,cingulate,5309.0,3486.0,9690.0,2.439,0.823,0.14,0.032,87.0,7.6,0.0790056437253952,1.2903227806091309,0.042280904948711395,0.48782259225845337
0,110411,rh,cortex,132955.0,86575.0,246903.0,2.543,0.593,0.127,0.028,1769.0,166.3,0.000506363867316395,1.8685892820358276,0.000270984077360481,0.5085867047309875
0,110613,lh,parietal,40693.0,26393.0,70665.0,2.45,0.496,0.127,0.026,596.0,46.9,0.05613411217927933,1.7397511005401611,0.031423866748809814,0.49001628160476685
0,110613,lh,cingulate,6425.0,4208.0,13664.0,2.902,0.706,0.137,0.031,126.0,8.7,0.08718550205230713,1.1907358169555664,0.048806436359882355,0.5803337693214417
0,110613,lh,cortex,147992.0,95842.0,289188.0,2.694,0.615,0.125,0.027,2078.0,174.0,0.0062784552574157715,1.786352515220642,0.003514677518978715,0.5388777852058411
0,110613,rh,parietal,42898.0,27800.0,77121.0,2.511,0.515,0.121,0.024,586.0,45.4,0.04656073823571205,1.7081356048583984,0.025666283443570137,0.5022991299629211
0,110613,rh,cingulate,5952.0,3883.0,12256.0,2.664,1.03,0.131,0.03,97.0,7.5,0.0544179230928421,1.2610633373260498,0.029997503384947777,0.5328564643859863
0,110613,rh,cortex,150292.0,97641.0,296646.0,2.707,0.655,0.124,0.027,2108.0,175.4,0.004779062699526548,1.8140816688537598,0.0026344265788793564,0.5413680076599121
0,120111,lh,parietal,34488.0,22454.0,58283.0,2.389,0.43,0.121,0.021,451.0,31.1,0.022581078112125397,1.674107313156128,0.012950842268764973,0.4778825342655182
0,120111,lh,cingulate,6015.0,3995.0,11545.0,2.649,0.786,0.136,0.026,104.0,6.7,0.043942369520664215,1.4003257751464844,0.025202106684446335,0.5297160744667053
0,120111,lh,cortex,139618.0,90611.0,264236.0,2.639,0.59,0.124,0.024,1896.0,145.3,0.003512456314638257,1.7435989379882812,0.0020144861191511154,0.5278271436691284
0,120111,rh,parietal,36147.0,23497.0,62429.0,2.453,0.455,0.122,0.022,454.0,32.9,0.04635971039533615,1.827710747718811,0.025192638859152794,0.49055132269859314
0,120111,rh,cingulate,5680.0,3812.0,10664.0,2.518,0.815,0.14,0.026,99.0,6.8,0.009018763899803162,1.3086813688278198,0.004900947213172913,0.5035583972930908
0,120111,rh,cortex,141633.0,92071.0,269134.0,2.665,0.577,0.125,0.025,1930.0,152.9,0.0020190293435007334,1.8402085304260254,0.0010971754090860486,0.5329315066337585
0,168240,lh,parietal,33156.0,21705.0,59399.0,2.472,0.492,0.124,0.025,418.0,35.9,0.018957417458295822,1.6589909791946411,0.010975798591971397,0.4943649470806122
0,168240,lh,cingulate,6158.0,4057.0,12187.0,2.758,0.747,0.137,0.034,107.0,8.9,0.09053896367549896,1.1453381776809692,0.05241945758461952,0.551616907119751
0,168240,lh,cortex,134604.0,87859.0,262001.0,2.651,0.601,0.126,0.029,1783.0,170.6,0.0036870187614113092,1.7272017002105713,0.0021346788853406906,0.5301099419593811
0,168240,rh,parietal,33881.0,22117.0,62842.0,2.57,0.486,0.123,0.024,441.0,35.5,0.0648285299539566,1.8429670333862305,0.03517616540193558,0.5140040516853333
0,168240,rh,cingulate,5931.0,3941.0,11628.0,2.529,0.885,0.13,0.031,92.0,7.7,0.02473810315132141,1.0599796772003174,0.013422979041934013,0.5057149529457092
0,168240,rh,cortex,135377.0,88421.0,269241.0,2.704,0.597,0.125,0.03,1822.0,166.7,0.005728365853428841,1.8429670333862305,0.003108230885118246,0.540783703327179
